2026-05-27 21:13:49 [main] INFO  c.u.server.service.AuctionScheduler - [Scheduler] Bộ quét thời gian đấu giá tự động đã được kích hoạt!
2026-05-27 21:13:49 [main] INFO  com.uet.server.network.ServerMain - --- SERVER ĐANG CHỜ Ở CỔNG 27915 ---
2026-05-27 21:13:50 [pool-2-thread-1] INFO  c.uet.server.database.DBConnection - Connected to database!
2026-05-27 21:13:50 [pool-2-thread-1] INFO  c.uet.server.database.DBConnection - Connected to database!
2026-05-27 21:13:54 [pool-2-thread-1] INFO  c.uet.server.database.DBConnection - Connected to database!
2026-05-27 21:13:54 [pool-2-thread-1] INFO  c.uet.server.database.DBConnection - Connected to database!
2026-05-27 21:13:59 [pool-2-thread-1] INFO  c.uet.server.database.DBConnection - Connected to database!
2026-05-27 21:13:59 [pool-2-thread-1] INFO  c.uet.server.database.DBConnection - Connected to database!
2026-05-27 21:14:04 [pool-2-thread-1] INFO  c.uet.server.database.DBConnection - Connected to database!
2026-05-27 21:14:04 [pool-2-thread-1] INFO  c.uet.server.database.DBConnection - Connected to database!
2026-05-27 21:14:09 [pool-2-thread-1] INFO  c.uet.server.database.DBConnection - Connected to database!
2026-05-27 21:14:09 [pool-2-thread-1] INFO  c.uet.server.database.DBConnection - Connected to database!
2026-05-27 21:14:14 [pool-2-thread-1] INFO  c.uet.server.database.DBConnection - Connected to database!
2026-05-27 21:14:14 [pool-2-thread-1] INFO  c.uet.server.database.DBConnection - Connected to database!
2026-05-27 21:14:15 [main] INFO  com.uet.server.network.ServerMain - --- CÓ 1 CLIENT VỪA KẾT NỐI! ---
2026-05-27 21:14:15 [Thread-0] INFO  c.u.s.s.ClientRequestDispatcher - Đang đăng nhập: nam
2026-05-27 21:14:15 [Thread-0] INFO  c.uet.server.database.DBConnection - Connected to database!
2026-05-27 21:14:15 [Thread-0] WARN  com.uet.server.database.dao.UserDAO - UserDAO: file not found: \root\uploads\avatars\3846757029_9e151168-33b1-4fad-97b4-c71411b402f2.png
2026-05-27 21:14:15 [Thread-0] INFO  c.uet.server.database.DBConnection - Connected to database!
2026-05-27 21:14:19 [pool-2-thread-1] INFO  c.uet.server.database.DBConnection - Connected to database!
2026-05-27 21:14:19 [pool-2-thread-1] INFO  c.uet.server.database.DBConnection - Connected to database!
2026-05-27 21:14:22 [Thread-0] INFO  c.uet.server.network.ClientManager - Client joined auction: 1504135604
2026-05-27 21:14:22 [Thread-0] INFO  c.uet.server.database.DBConnection - Connected to database!
2026-05-27 21:14:22 [Thread-0] INFO  c.uet.server.database.DBConnection - Connected to database!
2026-05-27 21:14:22 [Thread-0] INFO  c.uet.server.database.DBConnection - Connected to database!
2026-05-27 21:14:22 [pool-1-thread-1] INFO  c.uet.server.database.DBConnection - Connected to database!
2026-05-27 21:14:22 [pool-1-thread-1] INFO  c.uet.server.network.ClientManager - Gửi cập nhật ngay cho 1 client đang xem auction: 1504135604
2026-05-27 21:14:24 [pool-1-thread-1] INFO  c.uet.server.database.DBConnection - Connected to database!
2026-05-27 21:14:24 [pool-1-thread-1] INFO  c.uet.server.network.ClientManager - Gửi cập nhật ngay cho 1 client đang xem auction: 1504135604
2026-05-27 21:14:24 [pool-2-thread-1] INFO  c.uet.server.database.DBConnection - Connected to database!
2026-05-27 21:14:24 [pool-2-thread-1] INFO  c.uet.server.database.DBConnection - Connected to database!
2026-05-27 21:14:25 [pool-1-thread-1] INFO  c.uet.server.database.DBConnection - Connected to database!
2026-05-27 21:14:25 [pool-1-thread-1] INFO  c.uet.server.network.ClientManager - Gửi cập nhật ngay cho 1 client đang xem auction: 1504135604
2026-05-27 21:14:27 [pool-1-thread-1] INFO  c.uet.server.database.DBConnection - Connected to database!
2026-05-27 21:14:27 [pool-1-thread-1] INFO  c.uet.server.network.ClientManager - Gửi cập nhật ngay cho 1 client đang xem auction: 1504135604
2026-05-27 21:14:28 [pool-1-thread-1] INFO  c.uet.server.database.DBConnection - Connected to database!
2026-05-27 21:14:28 [pool-1-thread-1] INFO  c.uet.server.network.ClientManager - Gửi cập nhật ngay cho 1 client đang xem auction: 1504135604
2026-05-27 21:14:29 [pool-2-thread-1] INFO  c.uet.server.database.DBConnection - Connected to database!
2026-05-27 21:14:29 [pool-2-thread-1] INFO  c.uet.server.database.DBConnection - Connected to database!
2026-05-27 21:14:30 [pool-1-thread-1] INFO  c.uet.server.database.DBConnection - Connected to database!
2026-05-27 21:14:30 [pool-1-thread-1] INFO  c.uet.server.network.ClientManager - Gửi cập nhật ngay cho 1 client đang xem auction: 1504135604
2026-05-27 21:14:31 [pool-1-thread-1] INFO  c.uet.server.database.DBConnection - Connected to database!
2026-05-27 21:14:31 [pool-1-thread-1] INFO  c.uet.server.network.ClientManager - Gửi cập nhật ngay cho 1 client đang xem auction: 1504135604
2026-05-27 21:14:33 [pool-1-thread-1] INFO  c.uet.server.database.DBConnection - Connected to database!
2026-05-27 21:14:33 [pool-1-thread-1] INFO  c.uet.server.network.ClientManager - Gửi cập nhật ngay cho 1 client đang xem auction: 1504135604
2026-05-27 21:14:34 [pool-1-thread-1] INFO  c.uet.server.database.DBConnection - Connected to database!
2026-05-27 21:14:34 [pool-1-thread-1] INFO  c.uet.server.network.ClientManager - Gửi cập nhật ngay cho 1 client đang xem auction: 1504135604
2026-05-27 21:14:34 [pool-2-thread-1] INFO  c.uet.server.database.DBConnection - Connected to database!
2026-05-27 21:14:34 [pool-2-thread-1] INFO  c.uet.server.database.DBConnection - Connected to database!
2026-05-27 21:14:36 [pool-1-thread-1] INFO  c.uet.server.database.DBConnection - Connected to database!
2026-05-27 21:14:36 [pool-1-thread-1] INFO  c.uet.server.network.ClientManager - Gửi cập nhật ngay cho 1 client đang xem auction: 1504135604
2026-05-27 21:14:37 [pool-1-thread-1] INFO  c.uet.server.database.DBConnection - Connected to database!
2026-05-27 21:14:37 [pool-1-thread-1] INFO  c.uet.server.network.ClientManager - Gửi cập nhật ngay cho 1 client đang xem auction: 1504135604
2026-05-27 21:14:39 [pool-1-thread-1] INFO  c.uet.server.database.DBConnection - Connected to database!
2026-05-27 21:14:39 [pool-1-thread-1] INFO  c.uet.server.network.ClientManager - Gửi cập nhật ngay cho 1 client đang xem auction: 1504135604
2026-05-27 21:14:39 [pool-2-thread-1] INFO  c.uet.server.database.DBConnection - Connected to database!
2026-05-27 21:14:39 [pool-2-thread-1] INFO  c.uet.server.database.DBConnection - Connected to database!
2026-05-27 21:14:40 [pool-1-thread-1] INFO  c.uet.server.database.DBConnection - Connected to database!
2026-05-27 21:14:40 [pool-1-thread-1] INFO  c.uet.server.network.ClientManager - Gửi cập nhật ngay cho 1 client đang xem auction: 1504135604
2026-05-27 21:14:41 [Thread-0] INFO  c.u.s.service.AuctionRealtimeService - Nhận đặt giá mới: auctionId=1504135604, bidderId=3846757029, amount=1.9999999999999E13
2026-05-27 21:14:41 [Thread-0] INFO  c.uet.server.database.DBConnection - Connected to database!
2026-05-27 21:14:41 [Thread-0] INFO  c.uet.server.database.DBConnection - Connected to database!
2026-05-27 21:14:41 [Thread-0] INFO  c.uet.server.database.DBConnection - Connected to database!
2026-05-27 21:14:42 [pool-1-thread-1] INFO  c.uet.server.database.DBConnection - Connected to database!
2026-05-27 21:14:42 [pool-1-thread-1] INFO  c.uet.server.network.ClientManager - Gửi cập nhật ngay cho 1 client đang xem auction: 1504135604
2026-05-27 21:14:43 [pool-1-thread-1] INFO  c.uet.server.database.DBConnection - Connected to database!
2026-05-27 21:14:43 [pool-1-thread-1] INFO  c.uet.server.network.ClientManager - Gửi cập nhật ngay cho 1 client đang xem auction: 1504135604
2026-05-27 21:14:44 [pool-2-thread-1] INFO  c.uet.server.database.DBConnection - Connected to database!
2026-05-27 21:14:44 [pool-2-thread-1] INFO  c.uet.server.database.DBConnection - Connected to database!
2026-05-27 21:14:45 [pool-1-thread-1] INFO  c.uet.server.database.DBConnection - Connected to database!
2026-05-27 21:14:45 [pool-1-thread-1] INFO  c.uet.server.network.ClientManager - Gửi cập nhật ngay cho 1 client đang xem auction: 1504135604
2026-05-27 21:14:46 [pool-1-thread-1] INFO  c.uet.server.database.DBConnection - Connected to database!
2026-05-27 21:14:46 [pool-1-thread-1] INFO  c.uet.server.network.ClientManager - Gửi cập nhật ngay cho 1 client đang xem auction: 1504135604
2026-05-27 21:14:48 [pool-1-thread-1] INFO  c.uet.server.database.DBConnection - Connected to database!
2026-05-27 21:14:48 [pool-1-thread-1] INFO  c.uet.server.network.ClientManager - Gửi cập nhật ngay cho 1 client đang xem auction: 1504135604
2026-05-27 21:14:49 [pool-1-thread-1] INFO  c.uet.server.database.DBConnection - Connected to database!
2026-05-27 21:14:49 [pool-1-thread-1] INFO  c.uet.server.network.ClientManager - Gửi cập nhật ngay cho 1 client đang xem auction: 1504135604
2026-05-27 21:14:49 [pool-2-thread-1] INFO  c.uet.server.database.DBConnection - Connected to database!
2026-05-27 21:14:49 [pool-2-thread-1] INFO  c.uet.server.database.DBConnection - Connected to database!
2026-05-27 21:14:51 [pool-1-thread-1] INFO  c.uet.server.database.DBConnection - Connected to database!
2026-05-27 21:14:51 [pool-1-thread-1] INFO  c.uet.server.network.ClientManager - Gửi cập nhật ngay cho 1 client đang xem auction: 1504135604
2026-05-27 21:14:52 [pool-1-thread-1] INFO  c.uet.server.database.DBConnection - Connected to database!
2026-05-27 21:14:52 [pool-1-thread-1] INFO  c.uet.server.network.ClientManager - Gửi cập nhật ngay cho 1 client đang xem auction: 1504135604
2026-05-27 21:14:54 [pool-1-thread-1] INFO  c.uet.server.database.DBConnection - Connected to database!
2026-05-27 21:14:54 [pool-1-thread-1] INFO  c.uet.server.network.ClientManager - Gửi cập nhật ngay cho 1 client đang xem auction: 1504135604
2026-05-27 21:14:54 [pool-2-thread-1] INFO  c.uet.server.database.DBConnection - Connected to database!
2026-05-27 21:14:54 [pool-2-thread-1] INFO  c.uet.server.database.DBConnection - Connected to database!
2026-05-27 21:14:55 [pool-1-thread-1] INFO  c.uet.server.database.DBConnection - Connected to database!
2026-05-27 21:14:55 [pool-1-thread-1] INFO  c.uet.server.network.ClientManager - Gửi cập nhật ngay cho 1 client đang xem auction: 1504135604
2026-05-27 21:14:57 [pool-1-thread-1] INFO  c.uet.server.database.DBConnection - Connected to database!
2026-05-27 21:14:57 [pool-1-thread-1] INFO  c.uet.server.network.ClientManager - Gửi cập nhật ngay cho 1 client đang xem auction: 1504135604
2026-05-27 21:14:58 [pool-1-thread-1] INFO  c.uet.server.database.DBConnection - Connected to database!
2026-05-27 21:14:58 [pool-1-thread-1] INFO  c.uet.server.network.ClientManager - Gửi cập nhật ngay cho 1 client đang xem auction: 1504135604
2026-05-27 21:14:59 [pool-2-thread-1] INFO  c.uet.server.database.DBConnection - Connected to database!
2026-05-27 21:14:59 [pool-2-thread-1] INFO  c.uet.server.database.DBConnection - Connected to database!
2026-05-27 21:15:00 [pool-1-thread-1] INFO  c.uet.server.database.DBConnection - Connected to database!
2026-05-27 21:15:00 [pool-1-thread-1] INFO  c.uet.server.network.ClientManager - Gửi cập nhật ngay cho 1 client đang xem auction: 1504135604
2026-05-27 21:15:01 [pool-1-thread-1] INFO  c.uet.server.database.DBConnection - Connected to database!
2026-05-27 21:15:01 [pool-1-thread-1] INFO  c.uet.server.network.ClientManager - Gửi cập nhật ngay cho 1 client đang xem auction: 1504135604
2026-05-27 21:15:03 [pool-1-thread-1] INFO  c.uet.server.database.DBConnection - Connected to database!
2026-05-27 21:15:03 [pool-1-thread-1] INFO  c.uet.server.network.ClientManager - Gửi cập nhật ngay cho 1 client đang xem auction: 1504135604
2026-05-27 21:15:03 [Thread-0] INFO  c.u.s.service.AuctionRealtimeService - Nhận đặt giá mới: auctionId=1504135604, bidderId=3846757029, amount=1.9999999999999E13
2026-05-27 21:15:03 [Thread-0] INFO  c.uet.server.database.DBConnection - Connected to database!
2026-05-27 21:15:03 [Thread-0] INFO  c.uet.server.database.DBConnection - Connected to database!
2026-05-27 21:15:03 [Thread-0] INFO  c.uet.server.database.DBConnection - Connected to database!
2026-05-27 21:15:04 [pool-1-thread-1] INFO  c.uet.server.database.DBConnection - Connected to database!
2026-05-27 21:15:04 [pool-1-thread-1] INFO  c.uet.server.network.ClientManager - Gửi cập nhật ngay cho 1 client đang xem auction: 1504135604
2026-05-27 21:15:04 [pool-2-thread-1] INFO  c.uet.server.database.DBConnection - Connected to database!
2026-05-27 21:15:04 [pool-2-thread-1] INFO  c.uet.server.database.DBConnection - Connected to database!
2026-05-27 21:15:06 [pool-1-thread-1] INFO  c.uet.server.database.DBConnection - Connected to database!
2026-05-27 21:15:06 [pool-1-thread-1] INFO  c.uet.server.network.ClientManager - Gửi cập nhật ngay cho 1 client đang xem auction: 1504135604
2026-05-27 21:15:07 [pool-1-thread-1] INFO  c.uet.server.database.DBConnection - Connected to database!
2026-05-27 21:15:07 [pool-1-thread-1] INFO  c.uet.server.network.ClientManager - Gửi cập nhật ngay cho 1 client đang xem auction: 1504135604
2026-05-27 21:15:09 [pool-1-thread-1] INFO  c.uet.server.database.DBConnection - Connected to database!
2026-05-27 21:15:09 [pool-1-thread-1] INFO  c.uet.server.network.ClientManager - Gửi cập nhật ngay cho 1 client đang xem auction: 1504135604
2026-05-27 21:15:09 [pool-2-thread-1] INFO  c.uet.server.database.DBConnection - Connected to database!
2026-05-27 21:15:09 [pool-2-thread-1] INFO  c.uet.server.database.DBConnection - Connected to database!
2026-05-27 21:15:10 [pool-1-thread-1] INFO  c.uet.server.database.DBConnection - Connected to database!
2026-05-27 21:15:10 [pool-1-thread-1] INFO  c.uet.server.network.ClientManager - Gửi cập nhật ngay cho 1 client đang xem auction: 1504135604
2026-05-27 21:15:12 [pool-1-thread-1] INFO  c.uet.server.database.DBConnection - Connected to database!
2026-05-27 21:15:12 [pool-1-thread-1] INFO  c.uet.server.network.ClientManager - Gửi cập nhật ngay cho 1 client đang xem auction: 1504135604
2026-05-27 21:15:13 [pool-1-thread-1] INFO  c.uet.server.database.DBConnection - Connected to database!
2026-05-27 21:15:13 [pool-1-thread-1] INFO  c.uet.server.network.ClientManager - Gửi cập nhật ngay cho 1 client đang xem auction: 1504135604
2026-05-27 21:15:14 [pool-2-thread-1] INFO  c.uet.server.database.DBConnection - Connected to database!
2026-05-27 21:15:14 [pool-2-thread-1] INFO  c.uet.server.database.DBConnection - Connected to database!
2026-05-27 21:15:15 [pool-1-thread-1] INFO  c.uet.server.database.DBConnection - Connected to database!
2026-05-27 21:15:15 [pool-1-thread-1] INFO  c.uet.server.network.ClientManager - Gửi cập nhật ngay cho 1 client đang xem auction: 1504135604
2026-05-27 21:15:16 [pool-1-thread-1] INFO  c.uet.server.database.DBConnection - Connected to database!
2026-05-27 21:15:16 [pool-1-thread-1] INFO  c.uet.server.network.ClientManager - Gửi cập nhật ngay cho 1 client đang xem auction: 1504135604
2026-05-27 21:15:18 [pool-1-thread-1] INFO  c.uet.server.database.DBConnection - Connected to database!
2026-05-27 21:15:18 [pool-1-thread-1] INFO  c.uet.server.network.ClientManager - Gửi cập nhật ngay cho 1 client đang xem auction: 1504135604
2026-05-27 21:15:19 [pool-2-thread-1] INFO  c.uet.server.database.DBConnection - Connected to database!
2026-05-27 21:15:19 [pool-1-thread-1] INFO  c.uet.server.database.DBConnection - Connected to database!
2026-05-27 21:15:19 [pool-2-thread-1] INFO  c.uet.server.database.DBConnection - Connected to database!
2026-05-27 21:15:19 [pool-1-thread-1] ERROR c.uet.server.database.dao.AuctionDAO - Lỗi khi lấy chi tiết đấu giá từ Database: 
java.sql.SQLNonTransientConnectionException: No operations allowed after connection closed.
	at com.mysql.cj.jdbc.exceptions.SQLError.createSQLException(SQLError.java:111)
	at com.mysql.cj.jdbc.exceptions.SQLError.createSQLException(SQLError.java:98)
	at com.mysql.cj.jdbc.exceptions.SQLError.createSQLException(SQLError.java:90)
	at com.mysql.cj.jdbc.exceptions.SQLError.createSQLException(SQLError.java:64)
	at com.mysql.cj.jdbc.exceptions.SQLError.createSQLException(SQLError.java:74)
	at com.mysql.cj.jdbc.exceptions.SQLExceptionsMapping.translateException(SQLExceptionsMapping.java:73)
	at com.mysql.cj.jdbc.ConnectionImpl.prepareStatement(ConnectionImpl.java:1621)
	at com.mysql.cj.jdbc.ConnectionImpl.prepareStatement(ConnectionImpl.java:1535)
	at com.uet.server.database.dao.AuctionDAO.getAuctionById(AuctionDAO.java:87)
	at com.uet.server.service.AuctionBroadcastService.lambda$start$0(AuctionBroadcastService.java:25)
	at java.base/java.util.concurrent.Executors$RunnableAdapter.call(Executors.java:545)
	at java.base/java.util.concurrent.FutureTask.runAndReset(FutureTask.java:369)
	at java.base/java.util.concurrent.ScheduledThreadPoolExecutor$ScheduledFutureTask.run(ScheduledThreadPoolExecutor.java:310)
	at java.base/java.util.concurrent.ThreadPoolExecutor.runWorker(ThreadPoolExecutor.java:1090)
	at java.base/java.util.concurrent.ThreadPoolExecutor$Worker.run(ThreadPoolExecutor.java:614)
	at java.base/java.lang.Thread.run(Thread.java:1474)
Caused by: com.mysql.cj.exceptions.ConnectionIsClosedException: No operations allowed after connection closed.
	at java.base/jdk.internal.reflect.DirectConstructorHandleAccessor.newInstance(DirectConstructorHandleAccessor.java:62)
	at java.base/java.lang.reflect.Constructor.newInstanceWithCaller(Constructor.java:499)
	at java.base/java.lang.reflect.Constructor.newInstance(Constructor.java:483)
	at com.mysql.cj.exceptions.ExceptionFactory.createException(ExceptionFactory.java:62)
	at com.mysql.cj.exceptions.ExceptionFactory.createException(ExceptionFactory.java:105)
	at com.mysql.cj.exceptions.ExceptionFactory.createException(ExceptionFactory.java:150)
	at com.mysql.cj.NativeSession.checkClosed(NativeSession.java:753)
	at com.mysql.cj.jdbc.ConnectionImpl.checkClosed(ConnectionImpl.java:565)
	at com.mysql.cj.jdbc.ConnectionImpl.prepareStatement(ConnectionImpl.java:1550)
	... 9 common frames omitted
2026-05-27 21:15:21 [pool-1-thread-1] INFO  c.uet.server.database.DBConnection - Connected to database!
2026-05-27 21:15:21 [pool-1-thread-1] INFO  c.uet.server.network.ClientManager - Gửi cập nhật ngay cho 1 client đang xem auction: 1504135604
2026-05-27 21:15:22 [pool-1-thread-1] INFO  c.uet.server.database.DBConnection - Connected to database!
2026-05-27 21:15:22 [pool-1-thread-1] INFO  c.uet.server.network.ClientManager - Gửi cập nhật ngay cho 1 client đang xem auction: 1504135604
2026-05-27 21:15:24 [pool-1-thread-1] INFO  c.uet.server.database.DBConnection - Connected to database!
2026-05-27 21:15:24 [pool-1-thread-1] INFO  c.uet.server.network.ClientManager - Gửi cập nhật ngay cho 1 client đang xem auction: 1504135604
2026-05-27 21:15:24 [pool-2-thread-1] INFO  c.uet.server.database.DBConnection - Connected to database!
2026-05-27 21:15:24 [pool-2-thread-1] INFO  c.uet.server.database.DBConnection - Connected to database!
2026-05-27 21:15:25 [pool-1-thread-1] INFO  c.uet.server.database.DBConnection - Connected to database!
2026-05-27 21:15:25 [pool-1-thread-1] INFO  c.uet.server.network.ClientManager - Gửi cập nhật ngay cho 1 client đang xem auction: 1504135604
2026-05-27 21:15:27 [pool-1-thread-1] INFO  c.uet.server.database.DBConnection - Connected to database!
2026-05-27 21:15:27 [pool-1-thread-1] INFO  c.uet.server.network.ClientManager - Gửi cập nhật ngay cho 1 client đang xem auction: 1504135604
2026-05-27 21:15:28 [Thread-0] INFO  c.u.s.service.AuctionRealtimeService - Nhận đặt giá mới: auctionId=1504135604, bidderId=3846757029, amount=1.9999999999999E13
2026-05-27 21:15:28 [Thread-0] INFO  c.uet.server.database.DBConnection - Connected to database!
2026-05-27 21:15:28 [Thread-0] INFO  c.uet.server.database.DBConnection - Connected to database!
2026-05-27 21:15:28 [Thread-0] INFO  c.uet.server.database.DBConnection - Connected to database!
2026-05-27 21:15:28 [pool-1-thread-1] INFO  c.uet.server.database.DBConnection - Connected to database!
2026-05-27 21:15:28 [pool-1-thread-1] INFO  c.uet.server.network.ClientManager - Gửi cập nhật ngay cho 1 client đang xem auction: 1504135604
2026-05-27 21:15:29 [pool-2-thread-1] INFO  c.uet.server.database.DBConnection - Connected to database!
2026-05-27 21:15:29 [pool-2-thread-1] INFO  c.uet.server.database.DBConnection - Connected to database!
2026-05-27 21:15:30 [pool-1-thread-1] INFO  c.uet.server.database.DBConnection - Connected to database!
2026-05-27 21:15:30 [pool-1-thread-1] INFO  c.uet.server.network.ClientManager - Gửi cập nhật ngay cho 1 client đang xem auction: 1504135604
2026-05-27 21:15:31 [Thread-0] INFO  c.uet.server.network.ClientManager - Client left auction: 1504135604
2026-05-27 21:15:31 [Thread-0] INFO  c.uet.server.database.DBConnection - Connected to database!
2026-05-27 21:15:34 [pool-2-thread-1] INFO  c.uet.server.database.DBConnection - Connected to database!
2026-05-27 21:15:34 [pool-2-thread-1] INFO  c.uet.server.database.DBConnection - Connected to database!
2026-05-27 21:15:39 [pool-2-thread-1] INFO  c.uet.server.database.DBConnection - Connected to database!
2026-05-27 21:15:39 [pool-2-thread-1] INFO  c.uet.server.database.DBConnection - Connected to database!
2026-05-27 21:15:44 [pool-2-thread-1] INFO  c.uet.server.database.DBConnection - Connected to database!
2026-05-27 21:15:44 [pool-2-thread-1] INFO  c.uet.server.database.DBConnection - Connected to database!
2026-05-27 21:15:49 [pool-2-thread-1] INFO  c.uet.server.database.DBConnection - Connected to database!
2026-05-27 21:15:49 [pool-2-thread-1] INFO  c.uet.server.database.DBConnection - Connected to database!
2026-05-27 21:15:54 [pool-2-thread-1] INFO  c.uet.server.database.DBConnection - Connected to database!
2026-05-27 21:15:54 [pool-2-thread-1] INFO  c.uet.server.database.DBConnection - Connected to database!
2026-05-27 21:15:59 [pool-2-thread-1] INFO  c.uet.server.database.DBConnection - Connected to database!
2026-05-27 21:15:59 [pool-2-thread-1] INFO  c.uet.server.database.DBConnection - Connected to database!
2026-05-27 21:16:04 [pool-2-thread-1] INFO  c.uet.server.database.DBConnection - Connected to database!
2026-05-27 21:16:04 [pool-2-thread-1] INFO  c.uet.server.database.DBConnection - Connected to database!
2026-05-27 21:16:09 [pool-2-thread-1] INFO  c.uet.server.database.DBConnection - Connected to database!
2026-05-27 21:16:09 [pool-2-thread-1] INFO  c.uet.server.database.DBConnection - Connected to database!
2026-05-27 21:16:14 [pool-2-thread-1] INFO  c.uet.server.database.DBConnection - Connected to database!
2026-05-27 21:16:14 [pool-2-thread-1] INFO  c.uet.server.database.DBConnection - Connected to database!
2026-05-27 21:16:19 [Thread-0] INFO  c.uet.server.network.ClientManager - Client joined auction: 1504135604
2026-05-27 21:16:19 [Thread-0] INFO  c.uet.server.database.DBConnection - Connected to database!
2026-05-27 21:16:19 [Thread-0] INFO  c.uet.server.database.DBConnection - Connected to database!
2026-05-27 21:16:19 [Thread-0] INFO  c.uet.server.database.DBConnection - Connected to database!
2026-05-27 21:16:19 [pool-1-thread-1] INFO  c.uet.server.database.DBConnection - Connected to database!
2026-05-27 21:16:19 [pool-2-thread-1] INFO  c.uet.server.database.DBConnection - Connected to database!
2026-05-27 21:16:19 [pool-1-thread-1] ERROR c.uet.server.database.dao.AuctionDAO - Lỗi khi lấy chi tiết đấu giá từ Database: 
java.lang.NullPointerException: Cannot invoke "com.mysql.cj.protocol.ColumnDefinition.findColumn(String, boolean, int)" because "this.columnDefinition" is null
	at com.mysql.cj.jdbc.result.ResultSetImpl.findColumn(ResultSetImpl.java:581)
	at com.mysql.cj.jdbc.result.ResultSetImpl.getTimestamp(ResultSetImpl.java:985)
	at com.uet.server.database.dao.AuctionDAO.mapAuctionItem(AuctionDAO.java:123)
	at com.uet.server.database.dao.AuctionDAO.getAuctionById(AuctionDAO.java:93)
	at com.uet.server.service.AuctionBroadcastService.lambda$start$0(AuctionBroadcastService.java:25)
	at java.base/java.util.concurrent.Executors$RunnableAdapter.call(Executors.java:545)
	at java.base/java.util.concurrent.FutureTask.runAndReset(FutureTask.java:369)
	at java.base/java.util.concurrent.ScheduledThreadPoolExecutor$ScheduledFutureTask.run(ScheduledThreadPoolExecutor.java:310)
	at java.base/java.util.concurrent.ThreadPoolExecutor.runWorker(ThreadPoolExecutor.java:1090)
	at java.base/java.util.concurrent.ThreadPoolExecutor$Worker.run(ThreadPoolExecutor.java:614)
	at java.base/java.lang.Thread.run(Thread.java:1474)
2026-05-27 21:16:19 [pool-2-thread-1] INFO  c.uet.server.database.DBConnection - Connected to database!
2026-05-27 21:16:21 [pool-1-thread-1] INFO  c.uet.server.database.DBConnection - Connected to database!
2026-05-27 21:16:21 [pool-1-thread-1] INFO  c.uet.server.network.ClientManager - Gửi cập nhật ngay cho 1 client đang xem auction: 1504135604
2026-05-27 21:16:22 [pool-1-thread-1] INFO  c.uet.server.database.DBConnection - Connected to database!
2026-05-27 21:16:22 [pool-1-thread-1] INFO  c.uet.server.network.ClientManager - Gửi cập nhật ngay cho 1 client đang xem auction: 1504135604
2026-05-27 21:16:24 [pool-1-thread-1] INFO  c.uet.server.database.DBConnection - Connected to database!
2026-05-27 21:16:24 [pool-1-thread-1] INFO  c.uet.server.network.ClientManager - Gửi cập nhật ngay cho 1 client đang xem auction: 1504135604
2026-05-27 21:16:24 [pool-2-thread-1] INFO  c.uet.server.database.DBConnection - Connected to database!
2026-05-27 21:16:24 [pool-2-thread-1] INFO  c.uet.server.database.DBConnection - Connected to database!
2026-05-27 21:16:25 [pool-1-thread-1] INFO  c.uet.server.database.DBConnection - Connected to database!
2026-05-27 21:16:25 [pool-1-thread-1] INFO  c.uet.server.network.ClientManager - Gửi cập nhật ngay cho 1 client đang xem auction: 1504135604
2026-05-27 21:16:27 [pool-1-thread-1] INFO  c.uet.server.database.DBConnection - Connected to database!
2026-05-27 21:16:27 [pool-1-thread-1] INFO  c.uet.server.network.ClientManager - Gửi cập nhật ngay cho 1 client đang xem auction: 1504135604
2026-05-27 21:16:28 [pool-1-thread-1] INFO  c.uet.server.database.DBConnection - Connected to database!
2026-05-27 21:16:28 [pool-1-thread-1] INFO  c.uet.server.network.ClientManager - Gửi cập nhật ngay cho 1 client đang xem auction: 1504135604
2026-05-27 21:16:29 [pool-2-thread-1] INFO  c.uet.server.database.DBConnection - Connected to database!
2026-05-27 21:16:29 [pool-2-thread-1] INFO  c.uet.server.database.DBConnection - Connected to database!
2026-05-27 21:16:30 [pool-1-thread-1] INFO  c.uet.server.database.DBConnection - Connected to database!
2026-05-27 21:16:30 [pool-1-thread-1] INFO  c.uet.server.network.ClientManager - Gửi cập nhật ngay cho 1 client đang xem auction: 1504135604
2026-05-27 21:16:31 [pool-1-thread-1] INFO  c.uet.server.database.DBConnection - Connected to database!
2026-05-27 21:16:31 [pool-1-thread-1] INFO  c.uet.server.network.ClientManager - Gửi cập nhật ngay cho 1 client đang xem auction: 1504135604
2026-05-27 21:16:33 [pool-1-thread-1] INFO  c.uet.server.database.DBConnection - Connected to database!
2026-05-27 21:16:33 [pool-1-thread-1] INFO  c.uet.server.network.ClientManager - Gửi cập nhật ngay cho 1 client đang xem auction: 1504135604
2026-05-27 21:16:34 [pool-2-thread-1] INFO  c.uet.server.database.DBConnection - Connected to database!
2026-05-27 21:16:34 [pool-1-thread-1] INFO  c.uet.server.database.DBConnection - Connected to database!
2026-05-27 21:16:34 [pool-1-thread-1] ERROR c.uet.server.database.dao.AuctionDAO - Lỗi khi lấy chi tiết đấu giá từ Database: 
java.sql.SQLNonTransientConnectionException: No operations allowed after connection closed.
	at com.mysql.cj.jdbc.exceptions.SQLError.createSQLException(SQLError.java:111)
	at com.mysql.cj.jdbc.exceptions.SQLError.createSQLException(SQLError.java:98)
	at com.mysql.cj.jdbc.exceptions.SQLError.createSQLException(SQLError.java:90)
	at com.mysql.cj.jdbc.exceptions.SQLError.createSQLException(SQLError.java:64)
	at com.mysql.cj.jdbc.exceptions.SQLError.createSQLException(SQLError.java:74)
	at com.mysql.cj.jdbc.exceptions.SQLExceptionsMapping.translateException(SQLExceptionsMapping.java:73)
	at com.mysql.cj.jdbc.ConnectionImpl.prepareStatement(ConnectionImpl.java:1621)
	at com.mysql.cj.jdbc.ConnectionImpl.prepareStatement(ConnectionImpl.java:1535)
	at com.uet.server.database.dao.AuctionDAO.getAuctionById(AuctionDAO.java:87)
	at com.uet.server.service.AuctionBroadcastService.lambda$start$0(AuctionBroadcastService.java:25)
	at java.base/java.util.concurrent.Executors$RunnableAdapter.call(Executors.java:545)
	at java.base/java.util.concurrent.FutureTask.runAndReset(FutureTask.java:369)
	at java.base/java.util.concurrent.ScheduledThreadPoolExecutor$ScheduledFutureTask.run(ScheduledThreadPoolExecutor.java:310)
	at java.base/java.util.concurrent.ThreadPoolExecutor.runWorker(ThreadPoolExecutor.java:1090)
	at java.base/java.util.concurrent.ThreadPoolExecutor$Worker.run(ThreadPoolExecutor.java:614)
	at java.base/java.lang.Thread.run(Thread.java:1474)
Caused by: com.mysql.cj.exceptions.ConnectionIsClosedException: No operations allowed after connection closed.
	at java.base/jdk.internal.reflect.DirectConstructorHandleAccessor.newInstance(DirectConstructorHandleAccessor.java:62)
	at java.base/java.lang.reflect.Constructor.newInstanceWithCaller(Constructor.java:499)
	at java.base/java.lang.reflect.Constructor.newInstance(Constructor.java:483)
	at com.mysql.cj.exceptions.ExceptionFactory.createException(ExceptionFactory.java:62)
	at com.mysql.cj.exceptions.ExceptionFactory.createException(ExceptionFactory.java:105)
	at com.mysql.cj.exceptions.ExceptionFactory.createException(ExceptionFactory.java:150)
	at com.mysql.cj.NativeSession.checkClosed(NativeSession.java:753)
	at com.mysql.cj.jdbc.ConnectionImpl.checkClosed(ConnectionImpl.java:565)
	at com.mysql.cj.jdbc.ConnectionImpl.prepareStatement(ConnectionImpl.java:1550)
	... 9 common frames omitted
2026-05-27 21:16:34 [pool-2-thread-1] INFO  c.uet.server.database.DBConnection - Connected to database!
2026-05-27 21:16:36 [pool-1-thread-1] INFO  c.uet.server.database.DBConnection - Connected to database!
2026-05-27 21:16:36 [pool-1-thread-1] INFO  c.uet.server.network.ClientManager - Gửi cập nhật ngay cho 1 client đang xem auction: 1504135604
2026-05-27 21:16:37 [pool-1-thread-1] INFO  c.uet.server.database.DBConnection - Connected to database!
2026-05-27 21:16:37 [pool-1-thread-1] INFO  c.uet.server.network.ClientManager - Gửi cập nhật ngay cho 1 client đang xem auction: 1504135604
2026-05-27 21:16:39 [pool-1-thread-1] INFO  c.uet.server.database.DBConnection - Connected to database!
2026-05-27 21:16:39 [pool-1-thread-1] INFO  c.uet.server.network.ClientManager - Gửi cập nhật ngay cho 1 client đang xem auction: 1504135604
2026-05-27 21:16:39 [pool-2-thread-1] INFO  c.uet.server.database.DBConnection - Connected to database!
2026-05-27 21:16:39 [pool-2-thread-1] INFO  c.uet.server.database.DBConnection - Connected to database!
2026-05-27 21:16:40 [pool-1-thread-1] INFO  c.uet.server.database.DBConnection - Connected to database!
2026-05-27 21:16:40 [pool-1-thread-1] INFO  c.uet.server.network.ClientManager - Gửi cập nhật ngay cho 1 client đang xem auction: 1504135604
2026-05-27 21:16:42 [pool-1-thread-1] INFO  c.uet.server.database.DBConnection - Connected to database!
2026-05-27 21:16:42 [pool-1-thread-1] INFO  c.uet.server.network.ClientManager - Gửi cập nhật ngay cho 1 client đang xem auction: 1504135604
2026-05-27 21:16:43 [pool-1-thread-1] INFO  c.uet.server.database.DBConnection - Connected to database!
2026-05-27 21:16:43 [pool-1-thread-1] INFO  c.uet.server.network.ClientManager - Gửi cập nhật ngay cho 1 client đang xem auction: 1504135604
2026-05-27 21:16:44 [pool-2-thread-1] INFO  c.uet.server.database.DBConnection - Connected to database!
2026-05-27 21:16:44 [pool-2-thread-1] INFO  c.uet.server.database.DBConnection - Connected to database!
2026-05-27 21:16:45 [pool-1-thread-1] INFO  c.uet.server.database.DBConnection - Connected to database!
2026-05-27 21:16:45 [pool-1-thread-1] INFO  c.uet.server.network.ClientManager - Gửi cập nhật ngay cho 1 client đang xem auction: 1504135604
2026-05-27 21:16:46 [pool-1-thread-1] INFO  c.uet.server.database.DBConnection - Connected to database!
2026-05-27 21:16:46 [pool-1-thread-1] INFO  c.uet.server.network.ClientManager - Gửi cập nhật ngay cho 1 client đang xem auction: 1504135604
2026-05-27 21:16:48 [pool-1-thread-1] INFO  c.uet.server.database.DBConnection - Connected to database!
2026-05-27 21:16:48 [pool-1-thread-1] INFO  c.uet.server.network.ClientManager - Gửi cập nhật ngay cho 1 client đang xem auction: 1504135604
2026-05-27 21:16:49 [pool-2-thread-1] INFO  c.uet.server.database.DBConnection - Connected to database!
2026-05-27 21:16:49 [pool-1-thread-1] INFO  c.uet.server.database.DBConnection - Connected to database!
2026-05-27 21:16:49 [pool-1-thread-1] ERROR c.uet.server.database.dao.AuctionDAO - Lỗi khi lấy chi tiết đấu giá từ Database: 
java.sql.SQLNonTransientConnectionException: No operations allowed after connection closed.
	at com.mysql.cj.jdbc.exceptions.SQLError.createSQLException(SQLError.java:111)
	at com.mysql.cj.jdbc.exceptions.SQLError.createSQLException(SQLError.java:98)
	at com.mysql.cj.jdbc.exceptions.SQLError.createSQLException(SQLError.java:90)
	at com.mysql.cj.jdbc.exceptions.SQLError.createSQLException(SQLError.java:64)
	at com.mysql.cj.jdbc.exceptions.SQLError.createSQLException(SQLError.java:74)
	at com.mysql.cj.jdbc.exceptions.SQLExceptionsMapping.translateException(SQLExceptionsMapping.java:73)
	at com.mysql.cj.jdbc.ConnectionImpl.prepareStatement(ConnectionImpl.java:1621)
	at com.mysql.cj.jdbc.ConnectionImpl.prepareStatement(ConnectionImpl.java:1535)
	at com.uet.server.database.dao.AuctionDAO.getAuctionById(AuctionDAO.java:87)
	at com.uet.server.service.AuctionBroadcastService.lambda$start$0(AuctionBroadcastService.java:25)
	at java.base/java.util.concurrent.Executors$RunnableAdapter.call(Executors.java:545)
	at java.base/java.util.concurrent.FutureTask.runAndReset(FutureTask.java:369)
	at java.base/java.util.concurrent.ScheduledThreadPoolExecutor$ScheduledFutureTask.run(ScheduledThreadPoolExecutor.java:310)
	at java.base/java.util.concurrent.ThreadPoolExecutor.runWorker(ThreadPoolExecutor.java:1090)
	at java.base/java.util.concurrent.ThreadPoolExecutor$Worker.run(ThreadPoolExecutor.java:614)
	at java.base/java.lang.Thread.run(Thread.java:1474)
Caused by: com.mysql.cj.exceptions.ConnectionIsClosedException: No operations allowed after connection closed.
	at java.base/jdk.internal.reflect.DirectConstructorHandleAccessor.newInstance(DirectConstructorHandleAccessor.java:62)
	at java.base/java.lang.reflect.Constructor.newInstanceWithCaller(Constructor.java:499)
	at java.base/java.lang.reflect.Constructor.newInstance(Constructor.java:483)
	at com.mysql.cj.exceptions.ExceptionFactory.createException(ExceptionFactory.java:62)
	at com.mysql.cj.exceptions.ExceptionFactory.createException(ExceptionFactory.java:105)
	at com.mysql.cj.exceptions.ExceptionFactory.createException(ExceptionFactory.java:150)
	at com.mysql.cj.NativeSession.checkClosed(NativeSession.java:753)
	at com.mysql.cj.jdbc.ConnectionImpl.checkClosed(ConnectionImpl.java:565)
	at com.mysql.cj.jdbc.ConnectionImpl.prepareStatement(ConnectionImpl.java:1550)
	... 9 common frames omitted
2026-05-27 21:16:49 [pool-2-thread-1] INFO  c.uet.server.database.DBConnection - Connected to database!
2026-05-27 21:16:51 [pool-1-thread-1] INFO  c.uet.server.database.DBConnection - Connected to database!
2026-05-27 21:16:51 [pool-1-thread-1] INFO  c.uet.server.network.ClientManager - Gửi cập nhật ngay cho 1 client đang xem auction: 1504135604
2026-05-27 21:16:52 [pool-1-thread-1] INFO  c.uet.server.database.DBConnection - Connected to database!
2026-05-27 21:16:52 [pool-1-thread-1] INFO  c.uet.server.network.ClientManager - Gửi cập nhật ngay cho 1 client đang xem auction: 1504135604
2026-05-27 21:16:54 [pool-1-thread-1] INFO  c.uet.server.database.DBConnection - Connected to database!
2026-05-27 21:16:54 [pool-1-thread-1] INFO  c.uet.server.network.ClientManager - Gửi cập nhật ngay cho 1 client đang xem auction: 1504135604
2026-05-27 21:16:54 [pool-2-thread-1] INFO  c.uet.server.database.DBConnection - Connected to database!
2026-05-27 21:16:54 [pool-2-thread-1] INFO  c.uet.server.database.DBConnection - Connected to database!
2026-05-27 21:16:55 [pool-1-thread-1] INFO  c.uet.server.database.DBConnection - Connected to database!
2026-05-27 21:16:55 [pool-1-thread-1] INFO  c.uet.server.network.ClientManager - Gửi cập nhật ngay cho 1 client đang xem auction: 1504135604
2026-05-27 21:16:57 [pool-1-thread-1] INFO  c.uet.server.database.DBConnection - Connected to database!
2026-05-27 21:16:57 [pool-1-thread-1] INFO  c.uet.server.network.ClientManager - Gửi cập nhật ngay cho 1 client đang xem auction: 1504135604
2026-05-27 21:16:58 [pool-1-thread-1] INFO  c.uet.server.database.DBConnection - Connected to database!
2026-05-27 21:16:58 [pool-1-thread-1] INFO  c.uet.server.network.ClientManager - Gửi cập nhật ngay cho 1 client đang xem auction: 1504135604
2026-05-27 21:16:59 [pool-2-thread-1] INFO  c.uet.server.database.DBConnection - Connected to database!
2026-05-27 21:16:59 [pool-2-thread-1] INFO  c.uet.server.database.DBConnection - Connected to database!
2026-05-27 21:17:00 [pool-1-thread-1] INFO  c.uet.server.database.DBConnection - Connected to database!
2026-05-27 21:17:00 [pool-1-thread-1] INFO  c.uet.server.network.ClientManager - Gửi cập nhật ngay cho 1 client đang xem auction: 1504135604
2026-05-27 21:17:01 [pool-1-thread-1] INFO  c.uet.server.database.DBConnection - Connected to database!
2026-05-27 21:17:01 [pool-1-thread-1] INFO  c.uet.server.network.ClientManager - Gửi cập nhật ngay cho 1 client đang xem auction: 1504135604
2026-05-27 21:17:03 [pool-1-thread-1] INFO  c.uet.server.database.DBConnection - Connected to database!
2026-05-27 21:17:03 [pool-1-thread-1] INFO  c.uet.server.network.ClientManager - Gửi cập nhật ngay cho 1 client đang xem auction: 1504135604
2026-05-27 21:17:04 [pool-2-thread-1] INFO  c.uet.server.database.DBConnection - Connected to database!
2026-05-27 21:17:04 [pool-1-thread-1] INFO  c.uet.server.database.DBConnection - Connected to database!
2026-05-27 21:17:04 [pool-1-thread-1] ERROR c.uet.server.database.dao.AuctionDAO - Lỗi khi lấy chi tiết đấu giá từ Database: 
java.sql.SQLNonTransientConnectionException: No operations allowed after connection closed.
	at com.mysql.cj.jdbc.exceptions.SQLError.createSQLException(SQLError.java:111)
	at com.mysql.cj.jdbc.exceptions.SQLError.createSQLException(SQLError.java:98)
	at com.mysql.cj.jdbc.exceptions.SQLError.createSQLException(SQLError.java:90)
	at com.mysql.cj.jdbc.exceptions.SQLError.createSQLException(SQLError.java:64)
	at com.mysql.cj.jdbc.exceptions.SQLError.createSQLException(SQLError.java:74)
	at com.mysql.cj.jdbc.exceptions.SQLExceptionsMapping.translateException(SQLExceptionsMapping.java:73)
	at com.mysql.cj.jdbc.ConnectionImpl.prepareStatement(ConnectionImpl.java:1621)
	at com.mysql.cj.jdbc.ConnectionImpl.prepareStatement(ConnectionImpl.java:1535)
	at com.uet.server.database.dao.AuctionDAO.getAuctionById(AuctionDAO.java:87)
	at com.uet.server.service.AuctionBroadcastService.lambda$start$0(AuctionBroadcastService.java:25)
	at java.base/java.util.concurrent.Executors$RunnableAdapter.call(Executors.java:545)
	at java.base/java.util.concurrent.FutureTask.runAndReset(FutureTask.java:369)
	at java.base/java.util.concurrent.ScheduledThreadPoolExecutor$ScheduledFutureTask.run(ScheduledThreadPoolExecutor.java:310)
	at java.base/java.util.concurrent.ThreadPoolExecutor.runWorker(ThreadPoolExecutor.java:1090)
	at java.base/java.util.concurrent.ThreadPoolExecutor$Worker.run(ThreadPoolExecutor.java:614)
	at java.base/java.lang.Thread.run(Thread.java:1474)
Caused by: com.mysql.cj.exceptions.ConnectionIsClosedException: No operations allowed after connection closed.
	at java.base/jdk.internal.reflect.DirectConstructorHandleAccessor.newInstance(DirectConstructorHandleAccessor.java:62)
	at java.base/java.lang.reflect.Constructor.newInstanceWithCaller(Constructor.java:499)
	at java.base/java.lang.reflect.Constructor.newInstance(Constructor.java:483)
	at com.mysql.cj.exceptions.ExceptionFactory.createException(ExceptionFactory.java:62)
	at com.mysql.cj.exceptions.ExceptionFactory.createException(ExceptionFactory.java:105)
	at com.mysql.cj.exceptions.ExceptionFactory.createException(ExceptionFactory.java:150)
	at com.mysql.cj.NativeSession.checkClosed(NativeSession.java:753)
	at com.mysql.cj.jdbc.ConnectionImpl.checkClosed(ConnectionImpl.java:565)
	at com.mysql.cj.jdbc.ConnectionImpl.prepareStatement(ConnectionImpl.java:1550)
	... 9 common frames omitted
2026-05-27 21:17:04 [pool-2-thread-1] INFO  c.uet.server.database.DBConnection - Connected to database!
2026-05-27 21:17:06 [pool-1-thread-1] INFO  c.uet.server.database.DBConnection - Connected to database!
2026-05-27 21:17:06 [pool-1-thread-1] INFO  c.uet.server.network.ClientManager - Gửi cập nhật ngay cho 1 client đang xem auction: 1504135604
2026-05-27 21:17:07 [pool-1-thread-1] INFO  c.uet.server.database.DBConnection - Connected to database!
2026-05-27 21:17:07 [pool-1-thread-1] INFO  c.uet.server.network.ClientManager - Gửi cập nhật ngay cho 1 client đang xem auction: 1504135604
2026-05-27 21:17:09 [pool-1-thread-1] INFO  c.uet.server.database.DBConnection - Connected to database!
2026-05-27 21:17:09 [pool-1-thread-1] INFO  c.uet.server.network.ClientManager - Gửi cập nhật ngay cho 1 client đang xem auction: 1504135604
2026-05-27 21:17:09 [pool-2-thread-1] INFO  c.uet.server.database.DBConnection - Connected to database!
2026-05-27 21:17:09 [pool-2-thread-1] INFO  c.uet.server.database.DBConnection - Connected to database!
2026-05-27 21:17:10 [pool-1-thread-1] INFO  c.uet.server.database.DBConnection - Connected to database!
2026-05-27 21:17:10 [pool-1-thread-1] INFO  c.uet.server.network.ClientManager - Gửi cập nhật ngay cho 1 client đang xem auction: 1504135604
2026-05-27 21:17:12 [pool-1-thread-1] INFO  c.uet.server.database.DBConnection - Connected to database!
2026-05-27 21:17:12 [pool-1-thread-1] INFO  c.uet.server.network.ClientManager - Gửi cập nhật ngay cho 1 client đang xem auction: 1504135604
2026-05-27 21:17:13 [pool-1-thread-1] INFO  c.uet.server.database.DBConnection - Connected to database!
2026-05-27 21:17:13 [pool-1-thread-1] INFO  c.uet.server.network.ClientManager - Gửi cập nhật ngay cho 1 client đang xem auction: 1504135604
2026-05-27 21:17:14 [pool-2-thread-1] INFO  c.uet.server.database.DBConnection - Connected to database!
2026-05-27 21:17:14 [pool-2-thread-1] INFO  c.uet.server.database.DBConnection - Connected to database!
2026-05-27 21:17:15 [pool-1-thread-1] INFO  c.uet.server.database.DBConnection - Connected to database!
2026-05-27 21:17:15 [pool-1-thread-1] INFO  c.uet.server.network.ClientManager - Gửi cập nhật ngay cho 1 client đang xem auction: 1504135604
2026-05-27 21:17:16 [pool-1-thread-1] INFO  c.uet.server.database.DBConnection - Connected to database!
2026-05-27 21:17:16 [pool-1-thread-1] INFO  c.uet.server.network.ClientManager - Gửi cập nhật ngay cho 1 client đang xem auction: 1504135604
2026-05-27 21:17:18 [pool-1-thread-1] INFO  c.uet.server.database.DBConnection - Connected to database!
2026-05-27 21:17:18 [pool-1-thread-1] INFO  c.uet.server.network.ClientManager - Gửi cập nhật ngay cho 1 client đang xem auction: 1504135604
2026-05-27 21:17:19 [pool-1-thread-1] INFO  c.uet.server.database.DBConnection - Connected to database!
2026-05-27 21:17:19 [pool-1-thread-1] INFO  c.uet.server.network.ClientManager - Gửi cập nhật ngay cho 1 client đang xem auction: 1504135604
2026-05-27 21:17:19 [pool-2-thread-1] INFO  c.uet.server.database.DBConnection - Connected to database!
2026-05-27 21:17:19 [pool-2-thread-1] INFO  c.uet.server.database.DBConnection - Connected to database!
2026-05-27 21:17:21 [pool-1-thread-1] INFO  c.uet.server.database.DBConnection - Connected to database!
2026-05-27 21:17:21 [pool-1-thread-1] INFO  c.uet.server.network.ClientManager - Gửi cập nhật ngay cho 1 client đang xem auction: 1504135604
2026-05-27 21:17:21 [Thread-0] INFO  c.u.s.service.AuctionRealtimeService - Nhận đặt giá mới: auctionId=1504135604, bidderId=3846757029, amount=1.0E13
2026-05-27 21:17:21 [Thread-0] INFO  c.uet.server.database.DBConnection - Connected to database!
2026-05-27 21:17:21 [Thread-0] INFO  c.uet.server.database.DBConnection - Connected to database!
2026-05-27 21:17:21 [Thread-0] INFO  c.uet.server.database.DBConnection - Connected to database!
2026-05-27 21:17:22 [pool-1-thread-1] INFO  c.uet.server.database.DBConnection - Connected to database!
2026-05-27 21:17:22 [pool-1-thread-1] INFO  c.uet.server.network.ClientManager - Gửi cập nhật ngay cho 1 client đang xem auction: 1504135604
2026-05-27 21:17:23 [Thread-0] INFO  c.uet.server.network.ClientManager - Client left auction: 1504135604
2026-05-27 21:17:23 [Thread-0] INFO  c.uet.server.database.DBConnection - Connected to database!
2026-05-27 21:17:24 [pool-2-thread-1] INFO  c.uet.server.database.DBConnection - Connected to database!
2026-05-27 21:17:24 [pool-2-thread-1] INFO  c.uet.server.database.DBConnection - Connected to database!
2026-05-27 21:17:25 [Thread-0] INFO  c.uet.server.network.ClientHandler - Client ngắt kết nối hoặc có lỗi xảy ra: Connection reset
2026-05-27 21:17:25 [Thread-0] INFO  c.uet.server.network.ClientHandler - 🔌 [SERVER] Đã giải phóng hoàn toàn kết nối Socket vật lý.
2026-05-27 21:17:25 [Thread-0] INFO  c.uet.server.network.ClientHandler - 🗑️ [SERVER] Đã Xóa Client khỏi ClientManager thành công.
2026-05-27 21:17:29 [pool-2-thread-1] INFO  c.uet.server.database.DBConnection - Connected to database!
2026-05-27 21:17:29 [pool-2-thread-1] INFO  c.uet.server.database.DBConnection - Connected to database!
2026-05-27 21:17:34 [pool-2-thread-1] INFO  c.uet.server.database.DBConnection - Connected to database!
2026-05-27 21:17:34 [pool-2-thread-1] INFO  c.uet.server.database.DBConnection - Connected to database!
2026-05-27 21:17:39 [pool-2-thread-1] INFO  c.uet.server.database.DBConnection - Connected to database!
2026-05-27 21:17:39 [pool-2-thread-1] INFO  c.uet.server.database.DBConnection - Connected to database!
2026-05-27 21:17:44 [pool-2-thread-1] INFO  c.uet.server.database.DBConnection - Connected to database!
2026-05-27 21:17:44 [pool-2-thread-1] INFO  c.uet.server.database.DBConnection - Connected to database!
2026-05-27 21:17:49 [pool-2-thread-1] INFO  c.uet.server.database.DBConnection - Connected to database!
2026-05-27 21:17:49 [pool-2-thread-1] INFO  c.uet.server.database.DBConnection - Connected to database!
2026-05-27 21:17:54 [pool-2-thread-1] INFO  c.uet.server.database.DBConnection - Connected to database!
2026-05-27 21:17:54 [pool-2-thread-1] INFO  c.uet.server.database.DBConnection - Connected to database!
2026-05-27 21:17:59 [pool-2-thread-1] INFO  c.uet.server.database.DBConnection - Connected to database!
2026-05-27 21:17:59 [pool-2-thread-1] INFO  c.uet.server.database.DBConnection - Connected to database!
2026-05-27 21:18:04 [pool-2-thread-1] INFO  c.uet.server.database.DBConnection - Connected to database!
2026-05-27 21:18:04 [pool-2-thread-1] INFO  c.uet.server.database.DBConnection - Connected to database!
2026-05-27 21:18:09 [pool-2-thread-1] INFO  c.uet.server.database.DBConnection - Connected to database!
2026-05-27 21:18:09 [pool-2-thread-1] INFO  c.uet.server.database.DBConnection - Connected to database!
2026-05-27 21:18:14 [pool-2-thread-1] INFO  c.uet.server.database.DBConnection - Connected to database!
2026-05-27 21:18:14 [pool-2-thread-1] INFO  c.uet.server.database.DBConnection - Connected to database!
2026-05-27 21:18:19 [pool-2-thread-1] INFO  c.uet.server.database.DBConnection - Connected to database!
2026-05-27 21:18:19 [pool-2-thread-1] INFO  c.uet.server.database.DBConnection - Connected to database!
2026-05-27 21:18:24 [pool-2-thread-1] INFO  c.uet.server.database.DBConnection - Connected to database!
2026-05-27 21:18:24 [pool-2-thread-1] INFO  c.uet.server.database.DBConnection - Connected to database!
2026-05-27 21:18:29 [pool-2-thread-1] INFO  c.uet.server.database.DBConnection - Connected to database!
2026-05-27 21:18:29 [pool-2-thread-1] INFO  c.uet.server.database.DBConnection - Connected to database!
2026-05-27 21:18:34 [pool-2-thread-1] INFO  c.uet.server.database.DBConnection - Connected to database!
2026-05-27 21:18:34 [pool-2-thread-1] INFO  c.uet.server.database.DBConnection - Connected to database!
2026-05-27 21:18:39 [pool-2-thread-1] INFO  c.uet.server.database.DBConnection - Connected to database!
2026-05-27 21:18:39 [pool-2-thread-1] INFO  c.uet.server.database.DBConnection - Connected to database!
2026-05-27 21:18:44 [pool-2-thread-1] INFO  c.uet.server.database.DBConnection - Connected to database!
2026-05-27 21:18:44 [pool-2-thread-1] INFO  c.uet.server.database.DBConnection - Connected to database!
2026-05-27 21:18:49 [pool-2-thread-1] INFO  c.uet.server.database.DBConnection - Connected to database!
2026-05-27 21:18:49 [pool-2-thread-1] INFO  c.uet.server.database.DBConnection - Connected to database!
2026-05-27 21:18:54 [pool-2-thread-1] INFO  c.uet.server.database.DBConnection - Connected to database!
2026-05-27 21:18:54 [pool-2-thread-1] INFO  c.uet.server.database.DBConnection - Connected to database!
2026-05-27 21:18:59 [pool-2-thread-1] INFO  c.uet.server.database.DBConnection - Connected to database!
2026-05-27 21:18:59 [pool-2-thread-1] INFO  c.uet.server.database.DBConnection - Connected to database!
2026-05-27 21:19:04 [pool-2-thread-1] INFO  c.uet.server.database.DBConnection - Connected to database!
2026-05-27 21:19:04 [pool-2-thread-1] INFO  c.uet.server.database.DBConnection - Connected to database!
2026-05-27 21:19:09 [pool-2-thread-1] INFO  c.uet.server.database.DBConnection - Connected to database!
2026-05-27 21:19:09 [pool-2-thread-1] INFO  c.uet.server.database.DBConnection - Connected to database!
2026-05-27 21:19:14 [pool-2-thread-1] INFO  c.uet.server.database.DBConnection - Connected to database!
2026-05-27 21:19:14 [pool-2-thread-1] INFO  c.uet.server.database.DBConnection - Connected to database!
2026-05-27 21:19:19 [pool-2-thread-1] INFO  c.uet.server.database.DBConnection - Connected to database!
2026-05-27 21:19:19 [pool-2-thread-1] INFO  c.uet.server.database.DBConnection - Connected to database!
2026-05-27 21:19:24 [pool-2-thread-1] INFO  c.uet.server.database.DBConnection - Connected to database!
2026-05-27 21:19:24 [pool-2-thread-1] INFO  c.uet.server.database.DBConnection - Connected to database!
2026-05-27 21:19:29 [pool-2-thread-1] INFO  c.uet.server.database.DBConnection - Connected to database!
2026-05-27 21:19:29 [pool-2-thread-1] INFO  c.uet.server.database.DBConnection - Connected to database!
2026-05-27 21:19:34 [pool-2-thread-1] INFO  c.uet.server.database.DBConnection - Connected to database!
2026-05-27 21:19:34 [pool-2-thread-1] INFO  c.uet.server.database.DBConnection - Connected to database!
2026-05-27 21:19:39 [pool-2-thread-1] INFO  c.uet.server.database.DBConnection - Connected to database!
2026-05-27 21:19:39 [pool-2-thread-1] INFO  c.uet.server.database.DBConnection - Connected to database!
2026-05-27 21:19:44 [pool-2-thread-1] INFO  c.uet.server.database.DBConnection - Connected to database!
2026-05-27 21:19:44 [pool-2-thread-1] INFO  c.uet.server.database.DBConnection - Connected to database!
2026-05-27 21:19:49 [pool-2-thread-1] INFO  c.uet.server.database.DBConnection - Connected to database!
2026-05-27 21:19:49 [pool-2-thread-1] INFO  c.uet.server.database.DBConnection - Connected to database!
2026-05-27 21:19:54 [pool-2-thread-1] INFO  c.uet.server.database.DBConnection - Connected to database!
2026-05-27 21:19:54 [pool-2-thread-1] INFO  c.uet.server.database.DBConnection - Connected to database!
2026-05-27 21:19:59 [pool-2-thread-1] INFO  c.uet.server.database.DBConnection - Connected to database!
2026-05-27 21:19:59 [pool-2-thread-1] INFO  c.uet.server.database.DBConnection - Connected to database!
2026-05-27 21:20:04 [pool-2-thread-1] INFO  c.uet.server.database.DBConnection - Connected to database!
2026-05-27 21:20:04 [pool-2-thread-1] INFO  c.uet.server.database.DBConnection - Connected to database!
2026-05-27 21:20:09 [pool-2-thread-1] INFO  c.uet.server.database.DBConnection - Connected to database!
2026-05-27 21:20:09 [pool-2-thread-1] INFO  c.uet.server.database.DBConnection - Connected to database!
2026-05-27 21:20:14 [pool-2-thread-1] INFO  c.uet.server.database.DBConnection - Connected to database!
2026-05-27 21:20:14 [pool-2-thread-1] INFO  c.uet.server.database.DBConnection - Connected to database!
2026-05-27 21:20:19 [pool-2-thread-1] INFO  c.uet.server.database.DBConnection - Connected to database!
2026-05-27 21:20:19 [pool-2-thread-1] INFO  c.uet.server.database.DBConnection - Connected to database!
2026-05-27 21:20:24 [pool-2-thread-1] INFO  c.uet.server.database.DBConnection - Connected to database!
2026-05-27 21:20:24 [pool-2-thread-1] INFO  c.uet.server.database.DBConnection - Connected to database!
2026-05-27 21:20:29 [pool-2-thread-1] INFO  c.uet.server.database.DBConnection - Connected to database!
2026-05-27 21:20:29 [pool-2-thread-1] INFO  c.uet.server.database.DBConnection - Connected to database!
2026-05-27 21:20:34 [pool-2-thread-1] INFO  c.uet.server.database.DBConnection - Connected to database!
2026-05-27 21:20:34 [pool-2-thread-1] INFO  c.uet.server.database.DBConnection - Connected to database!
2026-05-27 21:20:39 [pool-2-thread-1] INFO  c.uet.server.database.DBConnection - Connected to database!
2026-05-27 21:20:39 [pool-2-thread-1] INFO  c.uet.server.database.DBConnection - Connected to database!
2026-05-27 21:20:44 [pool-2-thread-1] INFO  c.uet.server.database.DBConnection - Connected to database!
2026-05-27 21:20:44 [pool-2-thread-1] INFO  c.uet.server.database.DBConnection - Connected to database!
2026-05-27 21:20:49 [pool-2-thread-1] INFO  c.uet.server.database.DBConnection - Connected to database!
2026-05-27 21:20:49 [pool-2-thread-1] INFO  c.uet.server.database.DBConnection - Connected to database!
2026-05-27 21:20:55 [main] INFO  c.u.server.service.AuctionScheduler - [Scheduler] Bộ quét thời gian đấu giá tự động đã được kích hoạt!
2026-05-27 21:20:55 [main] INFO  com.uet.server.network.ServerMain - --- SERVER ĐANG CHỜ Ở CỔNG 27915 ---
2026-05-27 21:20:55 [pool-2-thread-1] INFO  c.uet.server.database.DBConnection - Connected to database!
2026-05-27 21:20:55 [pool-2-thread-1] INFO  c.uet.server.database.DBConnection - Connected to database!
2026-05-27 21:21:00 [pool-2-thread-1] INFO  c.uet.server.database.DBConnection - Connected to database!
2026-05-27 21:21:00 [pool-2-thread-1] INFO  c.uet.server.database.DBConnection - Connected to database!
2026-05-27 21:21:05 [pool-2-thread-1] INFO  c.uet.server.database.DBConnection - Connected to database!
2026-05-27 21:21:05 [pool-2-thread-1] INFO  c.uet.server.database.DBConnection - Connected to database!
2026-05-27 21:21:10 [pool-2-thread-1] INFO  c.uet.server.database.DBConnection - Connected to database!
2026-05-27 21:21:10 [pool-2-thread-1] INFO  c.uet.server.database.DBConnection - Connected to database!
2026-05-27 21:21:12 [main] INFO  com.uet.server.network.ServerMain - --- CÓ 1 CLIENT VỪA KẾT NỐI! ---
2026-05-27 21:21:12 [Thread-0] INFO  c.u.s.s.ClientRequestDispatcher - Đang đăng nhập: nam2
2026-05-27 21:21:12 [Thread-0] INFO  c.uet.server.database.DBConnection - Connected to database!
2026-05-27 21:21:12 [Thread-0] WARN  com.uet.server.database.dao.UserDAO - UserDAO: file not found: \root\uploads\avatars\U004_ac246ee9-e058-4608-aaab-704a6d7f6078.png
2026-05-27 21:21:12 [Thread-0] INFO  c.uet.server.database.DBConnection - Connected to database!
2026-05-27 21:21:15 [pool-2-thread-1] INFO  c.uet.server.database.DBConnection - Connected to database!
2026-05-27 21:21:15 [pool-2-thread-1] INFO  c.uet.server.database.DBConnection - Connected to database!
2026-05-27 21:21:20 [pool-2-thread-1] INFO  c.uet.server.database.DBConnection - Connected to database!
2026-05-27 21:21:20 [pool-2-thread-1] INFO  c.uet.server.database.DBConnection - Connected to database!
2026-05-27 21:21:25 [pool-2-thread-1] INFO  c.uet.server.database.DBConnection - Connected to database!
2026-05-27 21:21:25 [pool-2-thread-1] INFO  c.uet.server.database.DBConnection - Connected to database!
2026-05-27 21:21:30 [pool-2-thread-1] INFO  c.uet.server.database.DBConnection - Connected to database!
2026-05-27 21:21:30 [pool-2-thread-1] INFO  c.uet.server.database.DBConnection - Connected to database!
2026-05-27 21:21:35 [pool-2-thread-1] INFO  c.uet.server.database.DBConnection - Connected to database!
2026-05-27 21:21:35 [pool-2-thread-1] INFO  c.uet.server.database.DBConnection - Connected to database!
2026-05-27 21:21:38 [Thread-0] INFO  c.uet.server.service.AuctionService - 🔄 [SERVER] Đã lưu ảnh sản phẩm chờ duyệt tại path: file://D:\root\uploads/products/U004_790b493e-9a1b-453f-b9eb-1cc5ff5dbb41.png
2026-05-27 21:21:38 [Thread-0] INFO  c.uet.server.database.DBConnection - Connected to database!
2026-05-27 21:21:38 [Thread-0] INFO  c.uet.server.database.dao.AuctionDAO - ✅ [DATABASE SUCCESS] Tạo thành công Item ID: 3586569927 và Auction ID: 5005875428
2026-05-27 21:21:38 [Thread-0] INFO  c.uet.server.service.AuctionService - ✅ [SERVER] Sản phẩm của User U004 đang ở trạng thái PENDING.
2026-05-27 21:21:39 [Thread-0] INFO  c.uet.server.database.DBConnection - Connected to database!
2026-05-27 21:21:40 [pool-2-thread-1] INFO  c.uet.server.database.DBConnection - Connected to database!
2026-05-27 21:21:40 [pool-2-thread-1] INFO  c.uet.server.database.DBConnection - Connected to database!
2026-05-27 21:21:41 [Thread-0] WARN  c.uet.server.network.ClientHandler - Server: Không thể gửi phản hồi do Client đã chủ động ngắt kết nối vật lý (Đăng xuất/Tắt app).
2026-05-27 21:21:41 [Thread-0] INFO  c.uet.server.network.ClientHandler - 🔌 [SERVER] Đã giải phóng hoàn toàn kết nối Socket vật lý.
2026-05-27 21:21:41 [Thread-0] INFO  c.uet.server.network.ClientHandler - 🗑️ [SERVER] Đã Xóa Client khỏi ClientManager thành công.
2026-05-27 21:21:45 [pool-2-thread-1] INFO  c.uet.server.database.DBConnection - Connected to database!
2026-05-27 21:21:45 [pool-2-thread-1] INFO  c.uet.server.database.DBConnection - Connected to database!
2026-05-27 21:21:49 [main] INFO  com.uet.server.network.ServerMain - --- CÓ 1 CLIENT VỪA KẾT NỐI! ---
2026-05-27 21:21:49 [Thread-1] INFO  c.u.s.s.ClientRequestDispatcher - Đang đăng nhập: admin1
2026-05-27 21:21:49 [Thread-1] INFO  c.uet.server.database.DBConnection - Connected to database!
2026-05-27 21:21:50 [pool-2-thread-1] INFO  c.uet.server.database.DBConnection - Connected to database!
2026-05-27 21:21:50 [pool-2-thread-1] INFO  c.uet.server.database.DBConnection - Connected to database!
2026-05-27 21:21:52 [Thread-1] INFO  c.u.s.service.AuctionRealtimeService - ==> Admin đang yêu cầu tải toàn bộ danh sách phiên đấu giá!
2026-05-27 21:21:52 [Thread-1] INFO  c.uet.server.database.DBConnection - Connected to database!
2026-05-27 21:21:54 [Thread-1] INFO  c.uet.server.database.DBConnection - Connected to database!
2026-05-27 21:21:54 [Thread-1] INFO  c.u.s.service.AuctionRealtimeService - ==> Admin đang yêu cầu tải toàn bộ danh sách phiên đấu giá!
2026-05-27 21:21:54 [Thread-1] INFO  c.uet.server.database.DBConnection - Connected to database!
2026-05-27 21:21:55 [Thread-1] INFO  c.uet.server.database.DBConnection - Connected to database!
2026-05-27 21:21:55 [Thread-1] INFO  c.uet.server.database.DBConnection - Connected to database!
2026-05-27 21:21:55 [Thread-1] INFO  c.uet.server.network.ClientManager - Không có client nào đang xem auction: 1504135604
2026-05-27 21:21:55 [Thread-1] INFO  c.u.s.service.AuctionRealtimeService - ==> Admin đang yêu cầu tải toàn bộ danh sách phiên đấu giá!
2026-05-27 21:21:55 [Thread-1] INFO  c.uet.server.database.DBConnection - Connected to database!
2026-05-27 21:21:55 [pool-2-thread-1] INFO  c.uet.server.database.DBConnection - Connected to database!
2026-05-27 21:21:55 [pool-2-thread-1] INFO  c.uet.server.database.dao.AuctionDAO - [Scheduler] Đã kích hoạt 1 phiên đấu giá sang trạng thái RUNNING!
2026-05-27 21:21:55 [pool-2-thread-1] INFO  c.uet.server.database.DBConnection - Connected to database!
2026-05-27 21:22:00 [pool-2-thread-1] INFO  c.uet.server.database.DBConnection - Connected to database!
2026-05-27 21:22:00 [pool-2-thread-1] INFO  c.uet.server.database.DBConnection - Connected to database!
2026-05-27 21:22:05 [pool-2-thread-1] INFO  c.uet.server.database.DBConnection - Connected to database!
2026-05-27 21:22:05 [pool-2-thread-1] INFO  c.uet.server.database.DBConnection - Connected to database!
2026-05-27 21:22:05 [Thread-1] INFO  c.u.s.s.ClientRequestDispatcher - Đang đăng nhập: nam
2026-05-27 21:22:05 [Thread-1] INFO  c.uet.server.database.DBConnection - Connected to database!
2026-05-27 21:22:05 [Thread-1] WARN  com.uet.server.database.dao.UserDAO - UserDAO: file not found: \root\uploads\avatars\3846757029_9e151168-33b1-4fad-97b4-c71411b402f2.png
2026-05-27 21:22:05 [Thread-1] INFO  c.uet.server.database.DBConnection - Connected to database!
2026-05-27 21:22:10 [pool-2-thread-1] INFO  c.uet.server.database.DBConnection - Connected to database!
2026-05-27 21:22:10 [pool-2-thread-1] INFO  c.uet.server.database.DBConnection - Connected to database!
2026-05-27 21:22:12 [Thread-1] INFO  c.uet.server.network.ClientManager - Client joined auction: 5005875428
2026-05-27 21:22:12 [Thread-1] INFO  c.uet.server.database.DBConnection - Connected to database!
2026-05-27 21:22:12 [Thread-1] INFO  c.uet.server.database.DBConnection - Connected to database!
2026-05-27 21:22:12 [Thread-1] INFO  c.uet.server.database.DBConnection - Connected to database!
2026-05-27 21:22:13 [pool-1-thread-1] INFO  c.uet.server.database.DBConnection - Connected to database!
2026-05-27 21:22:13 [pool-1-thread-1] INFO  c.uet.server.network.ClientManager - Gửi cập nhật ngay cho 1 client đang xem auction: 5005875428
2026-05-27 21:22:15 [pool-1-thread-1] INFO  c.uet.server.database.DBConnection - Connected to database!
2026-05-27 21:22:15 [pool-1-thread-1] INFO  c.uet.server.network.ClientManager - Gửi cập nhật ngay cho 1 client đang xem auction: 5005875428
2026-05-27 21:22:15 [pool-2-thread-1] INFO  c.uet.server.database.DBConnection - Connected to database!
2026-05-27 21:22:15 [pool-2-thread-1] INFO  c.uet.server.database.DBConnection - Connected to database!
2026-05-27 21:22:16 [Thread-1] INFO  c.u.s.service.AuctionRealtimeService - Nhận đặt giá mới: auctionId=5005875428, bidderId=3846757029, amount=20.0
2026-05-27 21:22:16 [Thread-1] INFO  c.uet.server.database.DBConnection - Connected to database!
2026-05-27 21:22:16 [Thread-1] INFO  c.uet.server.database.DBConnection - Connected to database!
2026-05-27 21:22:16 [Thread-1] INFO  c.uet.server.database.DBConnection - Connected to database!
2026-05-27 21:22:16 [Thread-1] INFO  c.uet.server.database.DBConnection - Connected to database!
2026-05-27 21:22:16 [Thread-1] INFO  c.uet.server.database.DBConnection - Connected to database!
2026-05-27 21:22:16 [Thread-1] INFO  c.uet.server.network.ClientManager - Gửi cập nhật ngay cho 1 client đang xem auction: 5005875428
2026-05-27 21:22:16 [pool-1-thread-1] INFO  c.uet.server.database.DBConnection - Connected to database!
2026-05-27 21:22:16 [pool-1-thread-1] INFO  c.uet.server.network.ClientManager - Gửi cập nhật ngay cho 1 client đang xem auction: 5005875428
2026-05-27 21:22:18 [pool-1-thread-1] INFO  c.uet.server.database.DBConnection - Connected to database!
2026-05-27 21:22:18 [pool-1-thread-1] INFO  c.uet.server.network.ClientManager - Gửi cập nhật ngay cho 1 client đang xem auction: 5005875428
2026-05-27 21:22:19 [pool-1-thread-1] INFO  c.uet.server.database.DBConnection - Connected to database!
2026-05-27 21:22:19 [pool-1-thread-1] INFO  c.uet.server.network.ClientManager - Gửi cập nhật ngay cho 1 client đang xem auction: 5005875428
2026-05-27 21:22:20 [pool-2-thread-1] INFO  c.uet.server.database.DBConnection - Connected to database!
2026-05-27 21:22:20 [pool-2-thread-1] INFO  c.uet.server.database.DBConnection - Connected to database!
2026-05-27 21:22:21 [pool-1-thread-1] INFO  c.uet.server.database.DBConnection - Connected to database!
2026-05-27 21:22:21 [pool-1-thread-1] INFO  c.uet.server.network.ClientManager - Gửi cập nhật ngay cho 1 client đang xem auction: 5005875428
2026-05-27 21:22:22 [pool-1-thread-1] INFO  c.uet.server.database.DBConnection - Connected to database!
2026-05-27 21:22:22 [pool-1-thread-1] INFO  c.uet.server.network.ClientManager - Gửi cập nhật ngay cho 1 client đang xem auction: 5005875428
2026-05-27 21:22:24 [pool-1-thread-1] INFO  c.uet.server.database.DBConnection - Connected to database!
2026-05-27 21:22:24 [pool-1-thread-1] INFO  c.uet.server.network.ClientManager - Gửi cập nhật ngay cho 1 client đang xem auction: 5005875428
2026-05-27 21:22:25 [pool-1-thread-1] INFO  c.uet.server.database.DBConnection - Connected to database!
2026-05-27 21:22:25 [pool-2-thread-1] INFO  c.uet.server.database.DBConnection - Connected to database!
2026-05-27 21:22:25 [pool-1-thread-1] INFO  c.uet.server.network.ClientManager - Gửi cập nhật ngay cho 1 client đang xem auction: 5005875428
2026-05-27 21:22:25 [pool-2-thread-1] INFO  c.uet.server.database.DBConnection - Connected to database!
2026-05-27 21:22:26 [Thread-1] INFO  c.u.s.service.AuctionRealtimeService - Nhận đặt giá mới: auctionId=5005875428, bidderId=3846757029, amount=400000.0
2026-05-27 21:22:26 [Thread-1] INFO  c.uet.server.database.DBConnection - Connected to database!
2026-05-27 21:22:26 [Thread-1] INFO  c.uet.server.database.DBConnection - Connected to database!
2026-05-27 21:22:26 [Thread-1] INFO  c.uet.server.database.DBConnection - Connected to database!
2026-05-27 21:22:26 [Thread-1] INFO  c.uet.server.database.DBConnection - Connected to database!
2026-05-27 21:22:26 [Thread-1] INFO  c.uet.server.database.DBConnection - Connected to database!
2026-05-27 21:22:26 [Thread-1] INFO  c.uet.server.network.ClientManager - Gửi cập nhật ngay cho 1 client đang xem auction: 5005875428
2026-05-27 21:22:27 [pool-1-thread-1] INFO  c.uet.server.database.DBConnection - Connected to database!
2026-05-27 21:22:27 [pool-1-thread-1] INFO  c.uet.server.network.ClientManager - Gửi cập nhật ngay cho 1 client đang xem auction: 5005875428
2026-05-27 21:22:28 [pool-1-thread-1] INFO  c.uet.server.database.DBConnection - Connected to database!
2026-05-27 21:22:28 [pool-1-thread-1] INFO  c.uet.server.network.ClientManager - Gửi cập nhật ngay cho 1 client đang xem auction: 5005875428
2026-05-27 21:22:30 [pool-1-thread-1] INFO  c.uet.server.database.DBConnection - Connected to database!
2026-05-27 21:22:30 [pool-1-thread-1] INFO  c.uet.server.network.ClientManager - Gửi cập nhật ngay cho 1 client đang xem auction: 5005875428
2026-05-27 21:22:30 [pool-2-thread-1] INFO  c.uet.server.database.DBConnection - Connected to database!
2026-05-27 21:22:30 [pool-2-thread-1] INFO  c.uet.server.database.DBConnection - Connected to database!
2026-05-27 21:22:31 [pool-1-thread-1] INFO  c.uet.server.database.DBConnection - Connected to database!
2026-05-27 21:22:31 [pool-1-thread-1] INFO  c.uet.server.network.ClientManager - Gửi cập nhật ngay cho 1 client đang xem auction: 5005875428
2026-05-27 21:22:33 [pool-1-thread-1] INFO  c.uet.server.database.DBConnection - Connected to database!
2026-05-27 21:22:33 [pool-1-thread-1] INFO  c.uet.server.network.ClientManager - Gửi cập nhật ngay cho 1 client đang xem auction: 5005875428
2026-05-27 21:22:34 [pool-1-thread-1] INFO  c.uet.server.database.DBConnection - Connected to database!
2026-05-27 21:22:34 [pool-1-thread-1] INFO  c.uet.server.network.ClientManager - Gửi cập nhật ngay cho 1 client đang xem auction: 5005875428
2026-05-27 21:22:35 [Thread-1] INFO  c.u.s.service.AuctionRealtimeService - Nhận đặt giá mới: auctionId=5005875428, bidderId=3846757029, amount=400001.0
2026-05-27 21:22:35 [Thread-1] INFO  c.uet.server.database.DBConnection - Connected to database!
2026-05-27 21:22:35 [Thread-1] INFO  c.uet.server.database.DBConnection - Connected to database!
2026-05-27 21:22:35 [Thread-1] INFO  c.uet.server.database.DBConnection - Connected to database!
2026-05-27 21:22:35 [Thread-1] INFO  c.uet.server.database.DBConnection - Connected to database!
2026-05-27 21:22:35 [Thread-1] INFO  c.uet.server.database.DBConnection - Connected to database!
2026-05-27 21:22:35 [Thread-1] INFO  c.uet.server.network.ClientManager - Gửi cập nhật ngay cho 1 client đang xem auction: 5005875428
2026-05-27 21:22:35 [pool-2-thread-1] INFO  c.uet.server.database.DBConnection - Connected to database!
2026-05-27 21:22:35 [pool-2-thread-1] INFO  c.uet.server.database.DBConnection - Connected to database!
2026-05-27 21:22:36 [pool-1-thread-1] INFO  c.uet.server.database.DBConnection - Connected to database!
2026-05-27 21:22:36 [pool-1-thread-1] INFO  c.uet.server.network.ClientManager - Gửi cập nhật ngay cho 1 client đang xem auction: 5005875428
2026-05-27 21:22:37 [pool-1-thread-1] INFO  c.uet.server.database.DBConnection - Connected to database!
2026-05-27 21:22:37 [pool-1-thread-1] INFO  c.uet.server.network.ClientManager - Gửi cập nhật ngay cho 1 client đang xem auction: 5005875428
2026-05-27 21:22:39 [pool-1-thread-1] INFO  c.uet.server.database.DBConnection - Connected to database!
2026-05-27 21:22:39 [pool-1-thread-1] INFO  c.uet.server.network.ClientManager - Gửi cập nhật ngay cho 1 client đang xem auction: 5005875428
2026-05-27 21:22:40 [pool-2-thread-1] INFO  c.uet.server.database.DBConnection - Connected to database!
2026-05-27 21:22:40 [pool-1-thread-1] INFO  c.uet.server.database.DBConnection - Connected to database!
2026-05-27 21:22:40 [pool-2-thread-1] INFO  c.uet.server.database.DBConnection - Connected to database!
2026-05-27 21:22:40 [pool-1-thread-1] ERROR c.uet.server.database.dao.AuctionDAO - Lỗi khi lấy chi tiết đấu giá từ Database: 
java.sql.SQLNonTransientConnectionException: No operations allowed after connection closed.
	at com.mysql.cj.jdbc.exceptions.SQLError.createSQLException(SQLError.java:111)
	at com.mysql.cj.jdbc.exceptions.SQLError.createSQLException(SQLError.java:98)
	at com.mysql.cj.jdbc.exceptions.SQLError.createSQLException(SQLError.java:90)
	at com.mysql.cj.jdbc.exceptions.SQLError.createSQLException(SQLError.java:64)
	at com.mysql.cj.jdbc.exceptions.SQLError.createSQLException(SQLError.java:74)
	at com.mysql.cj.jdbc.exceptions.SQLExceptionsMapping.translateException(SQLExceptionsMapping.java:73)
	at com.mysql.cj.jdbc.ConnectionImpl.prepareStatement(ConnectionImpl.java:1621)
	at com.mysql.cj.jdbc.ConnectionImpl.prepareStatement(ConnectionImpl.java:1535)
	at com.uet.server.database.dao.AuctionDAO.getAuctionById(AuctionDAO.java:87)
	at com.uet.server.service.AuctionBroadcastService.lambda$start$0(AuctionBroadcastService.java:25)
	at java.base/java.util.concurrent.Executors$RunnableAdapter.call(Executors.java:545)
	at java.base/java.util.concurrent.FutureTask.runAndReset(FutureTask.java:369)
	at java.base/java.util.concurrent.ScheduledThreadPoolExecutor$ScheduledFutureTask.run(ScheduledThreadPoolExecutor.java:310)
	at java.base/java.util.concurrent.ThreadPoolExecutor.runWorker(ThreadPoolExecutor.java:1090)
	at java.base/java.util.concurrent.ThreadPoolExecutor$Worker.run(ThreadPoolExecutor.java:614)
	at java.base/java.lang.Thread.run(Thread.java:1474)
Caused by: com.mysql.cj.exceptions.ConnectionIsClosedException: No operations allowed after connection closed.
	at java.base/jdk.internal.reflect.DirectConstructorHandleAccessor.newInstance(DirectConstructorHandleAccessor.java:62)
	at java.base/java.lang.reflect.Constructor.newInstanceWithCaller(Constructor.java:499)
	at java.base/java.lang.reflect.Constructor.newInstance(Constructor.java:483)
	at com.mysql.cj.exceptions.ExceptionFactory.createException(ExceptionFactory.java:62)
	at com.mysql.cj.exceptions.ExceptionFactory.createException(ExceptionFactory.java:105)
	at com.mysql.cj.exceptions.ExceptionFactory.createException(ExceptionFactory.java:150)
	at com.mysql.cj.NativeSession.checkClosed(NativeSession.java:753)
	at com.mysql.cj.jdbc.ConnectionImpl.checkClosed(ConnectionImpl.java:565)
	at com.mysql.cj.jdbc.ConnectionImpl.prepareStatement(ConnectionImpl.java:1550)
	... 9 common frames omitted
2026-05-27 21:22:41 [Thread-1] INFO  c.u.s.service.AuctionRealtimeService - Nhận đặt giá mới: auctionId=5005875428, bidderId=3846757029, amount=400002.0
2026-05-27 21:22:41 [Thread-1] INFO  c.uet.server.database.DBConnection - Connected to database!
2026-05-27 21:22:41 [Thread-1] INFO  c.uet.server.database.DBConnection - Connected to database!
2026-05-27 21:22:41 [Thread-1] INFO  c.uet.server.database.DBConnection - Connected to database!
2026-05-27 21:22:41 [Thread-1] INFO  c.uet.server.database.DBConnection - Connected to database!
2026-05-27 21:22:41 [Thread-1] INFO  c.uet.server.database.DBConnection - Connected to database!
2026-05-27 21:22:41 [Thread-1] INFO  c.uet.server.network.ClientManager - Gửi cập nhật ngay cho 1 client đang xem auction: 5005875428
2026-05-27 21:22:42 [pool-1-thread-1] INFO  c.uet.server.database.DBConnection - Connected to database!
2026-05-27 21:22:42 [pool-1-thread-1] INFO  c.uet.server.network.ClientManager - Gửi cập nhật ngay cho 1 client đang xem auction: 5005875428
2026-05-27 21:22:43 [pool-1-thread-1] INFO  c.uet.server.database.DBConnection - Connected to database!
2026-05-27 21:22:43 [pool-1-thread-1] INFO  c.uet.server.network.ClientManager - Gửi cập nhật ngay cho 1 client đang xem auction: 5005875428
2026-05-27 21:22:45 [pool-1-thread-1] INFO  c.uet.server.database.DBConnection - Connected to database!
2026-05-27 21:22:45 [pool-1-thread-1] INFO  c.uet.server.network.ClientManager - Gửi cập nhật ngay cho 1 client đang xem auction: 5005875428
2026-05-27 21:22:45 [Thread-1] INFO  c.uet.server.network.ClientManager - Client left auction: 5005875428
2026-05-27 21:22:45 [Thread-1] INFO  c.uet.server.database.DBConnection - Connected to database!
2026-05-27 21:22:45 [pool-2-thread-1] INFO  c.uet.server.database.DBConnection - Connected to database!
2026-05-27 21:22:45 [pool-2-thread-1] INFO  c.uet.server.database.DBConnection - Connected to database!
2026-05-27 21:22:49 [Thread-1] INFO  c.uet.server.network.ClientHandler - Client ngắt kết nối hoặc có lỗi xảy ra: Connection reset
2026-05-27 21:22:49 [Thread-1] INFO  c.uet.server.network.ClientHandler - 🔌 [SERVER] Đã giải phóng hoàn toàn kết nối Socket vật lý.
2026-05-27 21:22:49 [Thread-1] INFO  c.uet.server.network.ClientHandler - 🗑️ [SERVER] Đã Xóa Client khỏi ClientManager thành công.
2026-05-27 21:22:50 [pool-2-thread-1] INFO  c.uet.server.database.DBConnection - Connected to database!
2026-05-27 21:22:50 [pool-2-thread-1] INFO  c.uet.server.database.DBConnection - Connected to database!
2026-05-27 21:22:55 [pool-2-thread-1] INFO  c.uet.server.database.DBConnection - Connected to database!
2026-05-27 21:22:55 [pool-2-thread-1] INFO  c.uet.server.database.DBConnection - Connected to database!
2026-05-27 21:23:00 [pool-2-thread-1] INFO  c.uet.server.database.DBConnection - Connected to database!
2026-05-27 21:23:00 [pool-2-thread-1] INFO  c.uet.server.database.DBConnection - Connected to database!
2026-05-27 21:23:05 [pool-2-thread-1] INFO  c.uet.server.database.DBConnection - Connected to database!
2026-05-27 21:23:05 [pool-2-thread-1] INFO  c.uet.server.database.DBConnection - Connected to database!
2026-05-27 21:23:10 [pool-2-thread-1] INFO  c.uet.server.database.DBConnection - Connected to database!
2026-05-27 21:23:10 [pool-2-thread-1] INFO  c.uet.server.database.DBConnection - Connected to database!
2026-05-27 21:23:15 [pool-2-thread-1] INFO  c.uet.server.database.DBConnection - Connected to database!
2026-05-27 21:23:15 [pool-2-thread-1] INFO  c.uet.server.database.DBConnection - Connected to database!
2026-05-27 21:23:20 [pool-2-thread-1] INFO  c.uet.server.database.DBConnection - Connected to database!
2026-05-27 21:23:20 [pool-2-thread-1] INFO  c.uet.server.database.DBConnection - Connected to database!
2026-05-27 21:23:25 [pool-2-thread-1] INFO  c.uet.server.database.DBConnection - Connected to database!
2026-05-27 21:23:25 [pool-2-thread-1] INFO  c.uet.server.database.DBConnection - Connected to database!
2026-05-27 21:23:30 [pool-2-thread-1] INFO  c.uet.server.database.DBConnection - Connected to database!
2026-05-27 21:23:30 [pool-2-thread-1] INFO  c.uet.server.database.DBConnection - Connected to database!
2026-05-27 21:23:35 [pool-2-thread-1] INFO  c.uet.server.database.DBConnection - Connected to database!
2026-05-27 21:23:35 [pool-2-thread-1] INFO  c.uet.server.database.DBConnection - Connected to database!
2026-05-27 21:23:40 [pool-2-thread-1] INFO  c.uet.server.database.DBConnection - Connected to database!
2026-05-27 21:23:40 [pool-2-thread-1] INFO  c.uet.server.database.DBConnection - Connected to database!
2026-05-27 21:23:45 [pool-2-thread-1] INFO  c.uet.server.database.DBConnection - Connected to database!
2026-05-27 21:23:45 [pool-2-thread-1] INFO  c.uet.server.database.DBConnection - Connected to database!
2026-05-27 21:23:50 [pool-2-thread-1] INFO  c.uet.server.database.DBConnection - Connected to database!
2026-05-27 21:23:50 [pool-2-thread-1] INFO  c.uet.server.database.DBConnection - Connected to database!
2026-05-27 21:23:55 [pool-2-thread-1] INFO  c.uet.server.database.DBConnection - Connected to database!
2026-05-27 21:23:55 [pool-2-thread-1] INFO  c.uet.server.database.DBConnection - Connected to database!
2026-05-27 21:24:00 [pool-2-thread-1] INFO  c.uet.server.database.DBConnection - Connected to database!
2026-05-27 21:24:00 [pool-2-thread-1] INFO  c.uet.server.database.DBConnection - Connected to database!
2026-05-27 21:24:05 [pool-2-thread-1] INFO  c.uet.server.database.DBConnection - Connected to database!
2026-05-27 21:24:05 [pool-2-thread-1] INFO  c.uet.server.database.DBConnection - Connected to database!
2026-05-27 21:24:10 [pool-2-thread-1] INFO  c.uet.server.database.DBConnection - Connected to database!
2026-05-27 21:24:10 [pool-2-thread-1] INFO  c.uet.server.database.DBConnection - Connected to database!
2026-05-27 21:24:15 [pool-2-thread-1] INFO  c.uet.server.database.DBConnection - Connected to database!
2026-05-27 21:24:15 [pool-2-thread-1] INFO  c.uet.server.database.DBConnection - Connected to database!
2026-05-27 21:24:20 [pool-2-thread-1] INFO  c.uet.server.database.DBConnection - Connected to database!
2026-05-27 21:24:20 [pool-2-thread-1] INFO  c.uet.server.database.DBConnection - Connected to database!
2026-05-27 21:24:25 [pool-2-thread-1] INFO  c.uet.server.database.DBConnection - Connected to database!
2026-05-27 21:24:25 [pool-2-thread-1] INFO  c.uet.server.database.DBConnection - Connected to database!
2026-05-27 21:24:30 [pool-2-thread-1] INFO  c.uet.server.database.DBConnection - Connected to database!
2026-05-27 21:24:30 [pool-2-thread-1] INFO  c.uet.server.database.DBConnection - Connected to database!
2026-05-27 21:24:35 [pool-2-thread-1] INFO  c.uet.server.database.DBConnection - Connected to database!
2026-05-27 21:24:35 [pool-2-thread-1] INFO  c.uet.server.database.DBConnection - Connected to database!
2026-05-27 21:24:40 [pool-2-thread-1] INFO  c.uet.server.database.DBConnection - Connected to database!
2026-05-27 21:24:40 [pool-2-thread-1] INFO  c.uet.server.database.DBConnection - Connected to database!
2026-05-27 21:24:45 [pool-2-thread-1] INFO  c.uet.server.database.DBConnection - Connected to database!
2026-05-27 21:24:45 [pool-2-thread-1] INFO  c.uet.server.database.DBConnection - Connected to database!
2026-05-27 21:24:50 [pool-2-thread-1] INFO  c.uet.server.database.DBConnection - Connected to database!
2026-05-27 21:24:50 [pool-2-thread-1] INFO  c.uet.server.database.DBConnection - Connected to database!
2026-05-27 21:24:55 [pool-2-thread-1] INFO  c.uet.server.database.DBConnection - Connected to database!
2026-05-27 21:24:55 [pool-2-thread-1] INFO  c.uet.server.database.DBConnection - Connected to database!
2026-05-27 21:25:00 [pool-2-thread-1] INFO  c.uet.server.database.DBConnection - Connected to database!
2026-05-27 21:25:00 [pool-2-thread-1] INFO  c.uet.server.database.DBConnection - Connected to database!
2026-05-27 21:25:05 [pool-2-thread-1] INFO  c.uet.server.database.DBConnection - Connected to database!
2026-05-27 21:25:05 [pool-2-thread-1] INFO  c.uet.server.database.DBConnection - Connected to database!
2026-05-27 21:25:10 [pool-2-thread-1] INFO  c.uet.server.database.DBConnection - Connected to database!
2026-05-27 21:25:10 [pool-2-thread-1] INFO  c.uet.server.database.DBConnection - Connected to database!
2026-05-27 21:25:15 [pool-2-thread-1] INFO  c.uet.server.database.DBConnection - Connected to database!
2026-05-27 21:25:15 [pool-2-thread-1] INFO  c.uet.server.database.DBConnection - Connected to database!
2026-05-27 21:25:20 [pool-2-thread-1] INFO  c.uet.server.database.DBConnection - Connected to database!
2026-05-27 21:25:20 [pool-2-thread-1] INFO  c.uet.server.database.DBConnection - Connected to database!
2026-05-27 21:25:25 [pool-2-thread-1] INFO  c.uet.server.database.DBConnection - Connected to database!
2026-05-27 21:25:25 [pool-2-thread-1] INFO  c.uet.server.database.DBConnection - Connected to database!
2026-05-27 21:25:30 [pool-2-thread-1] INFO  c.uet.server.database.DBConnection - Connected to database!
2026-05-27 21:25:30 [pool-2-thread-1] INFO  c.uet.server.database.DBConnection - Connected to database!
2026-05-27 21:25:35 [pool-2-thread-1] INFO  c.uet.server.database.DBConnection - Connected to database!
2026-05-27 21:25:35 [pool-2-thread-1] INFO  c.uet.server.database.DBConnection - Connected to database!
2026-05-27 21:25:40 [pool-2-thread-1] INFO  c.uet.server.database.DBConnection - Connected to database!
2026-05-27 21:25:40 [pool-2-thread-1] INFO  c.uet.server.database.DBConnection - Connected to database!
2026-05-27 21:25:45 [pool-2-thread-1] INFO  c.uet.server.database.DBConnection - Connected to database!
2026-05-27 21:25:45 [pool-2-thread-1] INFO  c.uet.server.database.DBConnection - Connected to database!
2026-05-27 21:25:50 [pool-2-thread-1] INFO  c.uet.server.database.DBConnection - Connected to database!
2026-05-27 21:25:50 [pool-2-thread-1] INFO  c.uet.server.database.DBConnection - Connected to database!
2026-05-27 21:25:55 [pool-2-thread-1] INFO  c.uet.server.database.DBConnection - Connected to database!
2026-05-27 21:25:55 [pool-2-thread-1] INFO  c.uet.server.database.DBConnection - Connected to database!
2026-05-27 21:26:00 [pool-2-thread-1] INFO  c.uet.server.database.DBConnection - Connected to database!
2026-05-27 21:26:00 [pool-2-thread-1] INFO  c.uet.server.database.DBConnection - Connected to database!
2026-05-27 21:26:05 [pool-2-thread-1] INFO  c.uet.server.database.DBConnection - Connected to database!
2026-05-27 21:26:05 [pool-2-thread-1] INFO  c.uet.server.database.DBConnection - Connected to database!
2026-05-27 21:26:10 [pool-2-thread-1] INFO  c.uet.server.database.DBConnection - Connected to database!
2026-05-27 21:26:10 [pool-2-thread-1] INFO  c.uet.server.database.DBConnection - Connected to database!
2026-05-27 21:26:15 [pool-2-thread-1] INFO  c.uet.server.database.DBConnection - Connected to database!
2026-05-27 21:26:15 [pool-2-thread-1] INFO  c.uet.server.database.DBConnection - Connected to database!
2026-05-27 21:26:20 [pool-2-thread-1] INFO  c.uet.server.database.DBConnection - Connected to database!
2026-05-27 21:26:20 [pool-2-thread-1] INFO  c.uet.server.database.DBConnection - Connected to database!
2026-05-27 21:26:25 [pool-2-thread-1] INFO  c.uet.server.database.DBConnection - Connected to database!
2026-05-27 21:26:25 [pool-2-thread-1] INFO  c.uet.server.database.DBConnection - Connected to database!
2026-05-27 21:26:27 [main] INFO  c.u.server.service.AuctionScheduler - [Scheduler] Bộ quét thời gian đấu giá tự động đã được kích hoạt!
2026-05-27 21:26:27 [main] INFO  com.uet.server.network.ServerMain - --- SERVER ĐANG CHỜ Ở CỔNG 27915 ---
2026-05-27 21:26:27 [pool-2-thread-1] INFO  c.uet.server.database.DBConnection - Connected to database!
2026-05-27 21:26:27 [pool-2-thread-1] INFO  c.uet.server.database.DBConnection - Connected to database!
2026-05-27 21:26:32 [pool-2-thread-1] INFO  c.uet.server.database.DBConnection - Connected to database!
2026-05-27 21:26:32 [pool-2-thread-1] INFO  c.uet.server.database.DBConnection - Connected to database!
2026-05-27 21:26:37 [pool-2-thread-1] INFO  c.uet.server.database.DBConnection - Connected to database!
2026-05-27 21:26:37 [pool-2-thread-1] INFO  c.uet.server.database.DBConnection - Connected to database!
2026-05-27 21:26:42 [main] INFO  com.uet.server.network.ServerMain - --- CÓ 1 CLIENT VỪA KẾT NỐI! ---
2026-05-27 21:26:42 [Thread-0] INFO  c.u.s.s.ClientRequestDispatcher - Đang đăng nhập: nam3
2026-05-27 21:26:42 [Thread-0] INFO  c.uet.server.database.DBConnection - Connected to database!
2026-05-27 21:26:42 [Thread-0] WARN  com.uet.server.database.dao.UserDAO - UserDAO: file not found: \root\uploads\avatars\3773878850_7469c080-dc11-43f5-b1f8-cd2a7ec204f9.png
2026-05-27 21:26:42 [Thread-0] INFO  c.uet.server.database.DBConnection - Connected to database!
2026-05-27 21:26:42 [pool-2-thread-1] INFO  c.uet.server.database.DBConnection - Connected to database!
2026-05-27 21:26:42 [pool-2-thread-1] INFO  c.uet.server.database.DBConnection - Connected to database!
2026-05-27 21:26:47 [pool-2-thread-1] INFO  c.uet.server.database.DBConnection - Connected to database!
2026-05-27 21:26:47 [pool-2-thread-1] INFO  c.uet.server.database.DBConnection - Connected to database!
2026-05-27 21:26:48 [Thread-0] INFO  c.uet.server.network.ClientManager - Client joined auction: 5005875428
2026-05-27 21:26:48 [Thread-0] INFO  c.uet.server.database.DBConnection - Connected to database!
2026-05-27 21:26:48 [Thread-0] INFO  c.uet.server.database.DBConnection - Connected to database!
2026-05-27 21:26:48 [Thread-0] INFO  c.uet.server.database.DBConnection - Connected to database!
2026-05-27 21:26:49 [pool-1-thread-1] INFO  c.uet.server.database.DBConnection - Connected to database!
2026-05-27 21:26:49 [pool-1-thread-1] INFO  c.uet.server.network.ClientManager - Gửi cập nhật ngay cho 1 client đang xem auction: 5005875428
2026-05-27 21:26:51 [pool-1-thread-1] INFO  c.uet.server.database.DBConnection - Connected to database!
2026-05-27 21:26:51 [pool-1-thread-1] INFO  c.uet.server.network.ClientManager - Gửi cập nhật ngay cho 1 client đang xem auction: 5005875428
2026-05-27 21:26:52 [pool-2-thread-1] INFO  c.uet.server.database.DBConnection - Connected to database!
2026-05-27 21:26:52 [pool-2-thread-1] INFO  c.uet.server.database.DBConnection - Connected to database!
2026-05-27 21:26:52 [pool-1-thread-1] INFO  c.uet.server.database.DBConnection - Connected to database!
2026-05-27 21:26:52 [pool-1-thread-1] INFO  c.uet.server.network.ClientManager - Gửi cập nhật ngay cho 1 client đang xem auction: 5005875428
2026-05-27 21:26:54 [pool-1-thread-1] INFO  c.uet.server.database.DBConnection - Connected to database!
2026-05-27 21:26:54 [pool-1-thread-1] INFO  c.uet.server.network.ClientManager - Gửi cập nhật ngay cho 1 client đang xem auction: 5005875428
2026-05-27 21:26:55 [pool-1-thread-1] INFO  c.uet.server.database.DBConnection - Connected to database!
2026-05-27 21:26:55 [pool-1-thread-1] INFO  c.uet.server.network.ClientManager - Gửi cập nhật ngay cho 1 client đang xem auction: 5005875428
2026-05-27 21:26:56 [Thread-0] INFO  c.u.s.service.AuctionRealtimeService - Nhận đặt giá mới: auctionId=5005875428, bidderId=3773878850, amount=400003.0
2026-05-27 21:26:56 [Thread-0] INFO  c.uet.server.database.DBConnection - Connected to database!
2026-05-27 21:26:56 [Thread-0] INFO  c.uet.server.database.DBConnection - Connected to database!
2026-05-27 21:26:56 [Thread-0] INFO  c.uet.server.database.DBConnection - Connected to database!
2026-05-27 21:26:56 [Thread-0] INFO  c.uet.server.database.DBConnection - Connected to database!
2026-05-27 21:26:56 [Thread-0] INFO  c.uet.server.database.DBConnection - Connected to database!
2026-05-27 21:26:56 [Thread-0] INFO  c.uet.server.network.ClientManager - Gửi cập nhật ngay cho 1 client đang xem auction: 5005875428
2026-05-27 21:26:57 [pool-2-thread-1] INFO  c.uet.server.database.DBConnection - Connected to database!
2026-05-27 21:26:57 [pool-1-thread-1] INFO  c.uet.server.database.DBConnection - Connected to database!
2026-05-27 21:26:57 [pool-2-thread-1] INFO  c.uet.server.database.DBConnection - Connected to database!
2026-05-27 21:26:57 [pool-1-thread-1] ERROR c.uet.server.database.dao.AuctionDAO - Lỗi khi lấy chi tiết đấu giá từ Database: 
java.lang.NullPointerException: Cannot invoke "com.mysql.cj.protocol.ColumnDefinition.findColumn(String, boolean, int)" because "this.columnDefinition" is null
	at com.mysql.cj.jdbc.result.ResultSetImpl.findColumn(ResultSetImpl.java:581)
	at com.mysql.cj.jdbc.result.ResultSetImpl.getString(ResultSetImpl.java:896)
	at com.uet.server.database.dao.AuctionDAO.mapAuctionItem(AuctionDAO.java:108)
	at com.uet.server.database.dao.AuctionDAO.getAuctionById(AuctionDAO.java:93)
	at com.uet.server.service.AuctionBroadcastService.lambda$start$0(AuctionBroadcastService.java:25)
	at java.base/java.util.concurrent.Executors$RunnableAdapter.call(Executors.java:545)
	at java.base/java.util.concurrent.FutureTask.runAndReset(FutureTask.java:369)
	at java.base/java.util.concurrent.ScheduledThreadPoolExecutor$ScheduledFutureTask.run(ScheduledThreadPoolExecutor.java:310)
	at java.base/java.util.concurrent.ThreadPoolExecutor.runWorker(ThreadPoolExecutor.java:1090)
	at java.base/java.util.concurrent.ThreadPoolExecutor$Worker.run(ThreadPoolExecutor.java:614)
	at java.base/java.lang.Thread.run(Thread.java:1474)
2026-05-27 21:26:58 [pool-1-thread-1] INFO  c.uet.server.database.DBConnection - Connected to database!
2026-05-27 21:26:58 [pool-1-thread-1] INFO  c.uet.server.network.ClientManager - Gửi cập nhật ngay cho 1 client đang xem auction: 5005875428
2026-05-27 21:27:00 [pool-1-thread-1] INFO  c.uet.server.database.DBConnection - Connected to database!
2026-05-27 21:27:00 [pool-1-thread-1] INFO  c.uet.server.network.ClientManager - Gửi cập nhật ngay cho 1 client đang xem auction: 5005875428
2026-05-27 21:27:01 [pool-1-thread-1] INFO  c.uet.server.database.DBConnection - Connected to database!
2026-05-27 21:27:01 [pool-1-thread-1] INFO  c.uet.server.network.ClientManager - Gửi cập nhật ngay cho 1 client đang xem auction: 5005875428
2026-05-27 21:27:02 [pool-2-thread-1] INFO  c.uet.server.database.DBConnection - Connected to database!
2026-05-27 21:27:02 [pool-2-thread-1] INFO  c.uet.server.database.DBConnection - Connected to database!
2026-05-27 21:27:03 [pool-1-thread-1] INFO  c.uet.server.database.DBConnection - Connected to database!
2026-05-27 21:27:03 [pool-1-thread-1] INFO  c.uet.server.network.ClientManager - Gửi cập nhật ngay cho 1 client đang xem auction: 5005875428
2026-05-27 21:27:04 [pool-1-thread-1] INFO  c.uet.server.database.DBConnection - Connected to database!
2026-05-27 21:27:04 [pool-1-thread-1] INFO  c.uet.server.network.ClientManager - Gửi cập nhật ngay cho 1 client đang xem auction: 5005875428
2026-05-27 21:27:06 [pool-1-thread-1] INFO  c.uet.server.database.DBConnection - Connected to database!
2026-05-27 21:27:06 [pool-1-thread-1] INFO  c.uet.server.network.ClientManager - Gửi cập nhật ngay cho 1 client đang xem auction: 5005875428
2026-05-27 21:27:07 [pool-2-thread-1] INFO  c.uet.server.database.DBConnection - Connected to database!
2026-05-27 21:27:07 [pool-2-thread-1] INFO  c.uet.server.database.DBConnection - Connected to database!
2026-05-27 21:27:07 [pool-1-thread-1] INFO  c.uet.server.database.DBConnection - Connected to database!
2026-05-27 21:27:07 [pool-1-thread-1] INFO  c.uet.server.network.ClientManager - Gửi cập nhật ngay cho 1 client đang xem auction: 5005875428
2026-05-27 21:27:08 [Thread-0] INFO  c.u.s.service.AuctionRealtimeService - Nhận đặt giá mới: auctionId=5005875428, bidderId=3773878850, amount=500000.0
2026-05-27 21:27:08 [Thread-0] INFO  c.uet.server.database.DBConnection - Connected to database!
2026-05-27 21:27:08 [Thread-0] INFO  c.uet.server.database.DBConnection - Connected to database!
2026-05-27 21:27:08 [Thread-0] INFO  c.uet.server.database.DBConnection - Connected to database!
2026-05-27 21:27:08 [Thread-0] INFO  c.uet.server.database.DBConnection - Connected to database!
2026-05-27 21:27:08 [Thread-0] INFO  c.uet.server.database.DBConnection - Connected to database!
2026-05-27 21:27:08 [Thread-0] INFO  c.uet.server.network.ClientManager - Gửi cập nhật ngay cho 1 client đang xem auction: 5005875428
2026-05-27 21:27:09 [pool-1-thread-1] INFO  c.uet.server.database.DBConnection - Connected to database!
2026-05-27 21:27:09 [pool-1-thread-1] INFO  c.uet.server.network.ClientManager - Gửi cập nhật ngay cho 1 client đang xem auction: 5005875428
2026-05-27 21:27:10 [pool-1-thread-1] INFO  c.uet.server.database.DBConnection - Connected to database!
2026-05-27 21:27:10 [pool-1-thread-1] INFO  c.uet.server.network.ClientManager - Gửi cập nhật ngay cho 1 client đang xem auction: 5005875428
2026-05-27 21:27:12 [pool-1-thread-1] INFO  c.uet.server.database.DBConnection - Connected to database!
2026-05-27 21:27:12 [pool-1-thread-1] INFO  c.uet.server.network.ClientManager - Gửi cập nhật ngay cho 1 client đang xem auction: 5005875428
2026-05-27 21:27:12 [pool-2-thread-1] INFO  c.uet.server.database.DBConnection - Connected to database!
2026-05-27 21:27:12 [pool-2-thread-1] INFO  c.uet.server.database.DBConnection - Connected to database!
2026-05-27 21:27:13 [pool-1-thread-1] INFO  c.uet.server.database.DBConnection - Connected to database!
2026-05-27 21:27:13 [pool-1-thread-1] INFO  c.uet.server.network.ClientManager - Gửi cập nhật ngay cho 1 client đang xem auction: 5005875428
2026-05-27 21:27:15 [pool-1-thread-1] INFO  c.uet.server.database.DBConnection - Connected to database!
2026-05-27 21:27:15 [pool-1-thread-1] INFO  c.uet.server.network.ClientManager - Gửi cập nhật ngay cho 1 client đang xem auction: 5005875428
2026-05-27 21:27:15 [Thread-0] INFO  c.uet.server.network.ClientManager - Client left auction: 5005875428
2026-05-27 21:27:15 [Thread-0] INFO  c.uet.server.database.DBConnection - Connected to database!
2026-05-27 21:27:17 [pool-2-thread-1] INFO  c.uet.server.database.DBConnection - Connected to database!
2026-05-27 21:27:17 [pool-2-thread-1] INFO  c.uet.server.database.DBConnection - Connected to database!
2026-05-27 21:27:22 [Thread-0] INFO  c.uet.server.network.ClientManager - Client joined auction: 5005875428
2026-05-27 21:27:22 [Thread-0] INFO  c.uet.server.database.DBConnection - Connected to database!
2026-05-27 21:27:22 [Thread-0] INFO  c.uet.server.database.DBConnection - Connected to database!
2026-05-27 21:27:22 [Thread-0] INFO  c.uet.server.database.DBConnection - Connected to database!
2026-05-27 21:27:22 [pool-2-thread-1] INFO  c.uet.server.database.DBConnection - Connected to database!
2026-05-27 21:27:22 [pool-2-thread-1] INFO  c.uet.server.database.DBConnection - Connected to database!
2026-05-27 21:27:22 [pool-1-thread-1] INFO  c.uet.server.database.DBConnection - Connected to database!
2026-05-27 21:27:22 [pool-1-thread-1] INFO  c.uet.server.network.ClientManager - Gửi cập nhật ngay cho 1 client đang xem auction: 5005875428
2026-05-27 21:27:24 [Thread-0] INFO  c.uet.server.network.ClientManager - Client left auction: 5005875428
2026-05-27 21:27:24 [Thread-0] INFO  c.uet.server.database.DBConnection - Connected to database!
2026-05-27 21:27:26 [Thread-0] INFO  c.uet.server.network.ClientHandler - Client ngắt kết nối hoặc có lỗi xảy ra: Connection reset
2026-05-27 21:27:26 [Thread-0] INFO  c.uet.server.network.ClientHandler - 🔌 [SERVER] Đã giải phóng hoàn toàn kết nối Socket vật lý.
2026-05-27 21:27:26 [Thread-0] INFO  c.uet.server.network.ClientHandler - 🗑️ [SERVER] Đã Xóa Client khỏi ClientManager thành công.
2026-05-27 21:27:27 [pool-2-thread-1] INFO  c.uet.server.database.DBConnection - Connected to database!
2026-05-27 21:27:27 [pool-2-thread-1] INFO  c.uet.server.database.DBConnection - Connected to database!
2026-05-27 21:27:32 [pool-2-thread-1] INFO  c.uet.server.database.DBConnection - Connected to database!
2026-05-27 21:27:32 [pool-2-thread-1] INFO  c.uet.server.database.DBConnection - Connected to database!
2026-05-27 21:37:06 [main] INFO  c.u.server.service.AuctionScheduler - [Scheduler] Bộ quét thời gian đấu giá tự động đã được kích hoạt!
2026-05-27 21:37:06 [main] INFO  com.uet.server.network.ServerMain - --- SERVER ĐANG CHỜ Ở CỔNG 27915 ---
2026-05-27 21:37:06 [pool-2-thread-1] INFO  c.uet.server.database.DBConnection - Connected to database!
2026-05-27 21:37:06 [pool-2-thread-1] INFO  c.uet.server.database.DBConnection - Connected to database!
2026-05-27 21:37:11 [pool-2-thread-1] INFO  c.uet.server.database.DBConnection - Connected to database!
2026-05-27 21:37:11 [pool-2-thread-1] INFO  c.uet.server.database.DBConnection - Connected to database!
2026-05-27 21:37:16 [pool-2-thread-1] INFO  c.uet.server.database.DBConnection - Connected to database!
2026-05-27 21:37:16 [pool-2-thread-1] INFO  c.uet.server.database.DBConnection - Connected to database!
2026-05-27 21:37:18 [main] INFO  com.uet.server.network.ServerMain - --- CÓ 1 CLIENT VỪA KẾT NỐI! ---
2026-05-27 21:37:18 [Thread-0] INFO  c.u.s.s.ClientRequestDispatcher - Đang đăng nhập: nam
2026-05-27 21:37:18 [Thread-0] INFO  c.uet.server.database.DBConnection - Connected to database!
2026-05-27 21:37:18 [Thread-0] WARN  com.uet.server.database.dao.UserDAO - UserDAO: file not found: \root\uploads\avatars\3846757029_9e151168-33b1-4fad-97b4-c71411b402f2.png
2026-05-27 21:37:18 [Thread-0] INFO  c.uet.server.database.DBConnection - Connected to database!
2026-05-27 21:37:18 [Thread-0] WARN  c.uet.server.database.dao.AuctionDAO - ⚠️ Không thể đọc file ảnh sản phẩm từ path: file://D:\root\uploads/products/U004_790b493e-9a1b-453f-b9eb-1cc5ff5dbb41.png, lỗi: Illegal char <:> at index 3: /D:\root\uploads/products/U004_790b493e-9a1b-453f-b9eb-1cc5ff5dbb41.png
2026-05-27 21:37:21 [pool-2-thread-1] INFO  c.uet.server.database.DBConnection - Connected to database!
2026-05-27 21:37:21 [pool-2-thread-1] INFO  c.uet.server.database.DBConnection - Connected to database!
2026-05-27 21:37:26 [pool-2-thread-1] INFO  c.uet.server.database.DBConnection - Connected to database!
2026-05-27 21:37:26 [pool-2-thread-1] INFO  c.uet.server.database.DBConnection - Connected to database!
2026-05-27 21:37:29 [Thread-0] INFO  c.uet.server.database.DBConnection - Connected to database!
2026-05-27 21:37:29 [Thread-0] WARN  c.uet.server.database.dao.AuctionDAO - ⚠️ Không thể đọc file ảnh sản phẩm từ path: file://D:\root\uploads/products/U004_790b493e-9a1b-453f-b9eb-1cc5ff5dbb41.png, lỗi: Illegal char <:> at index 3: /D:\root\uploads/products/U004_790b493e-9a1b-453f-b9eb-1cc5ff5dbb41.png
2026-05-27 21:37:31 [pool-2-thread-1] INFO  c.uet.server.database.DBConnection - Connected to database!
2026-05-27 21:37:31 [pool-2-thread-1] INFO  c.uet.server.database.DBConnection - Connected to database!
2026-05-27 21:37:33 [Thread-0] INFO  c.uet.server.network.ClientManager - Client joined auction: 5005875428
2026-05-27 21:37:33 [Thread-0] INFO  c.uet.server.database.DBConnection - Connected to database!
2026-05-27 21:37:33 [Thread-0] WARN  c.uet.server.database.dao.AuctionDAO - ⚠️ Không thể đọc file ảnh sản phẩm từ path: file://D:\root\uploads/products/U004_790b493e-9a1b-453f-b9eb-1cc5ff5dbb41.png, lỗi: Illegal char <:> at index 3: /D:\root\uploads/products/U004_790b493e-9a1b-453f-b9eb-1cc5ff5dbb41.png
2026-05-27 21:37:33 [Thread-0] INFO  c.uet.server.database.DBConnection - Connected to database!
2026-05-27 21:37:33 [Thread-0] INFO  c.uet.server.database.DBConnection - Connected to database!
2026-05-27 21:37:33 [pool-1-thread-1] INFO  c.uet.server.database.DBConnection - Connected to database!
2026-05-27 21:37:33 [pool-1-thread-1] WARN  c.uet.server.database.dao.AuctionDAO - ⚠️ Không thể đọc file ảnh sản phẩm từ path: file://D:\root\uploads/products/U004_790b493e-9a1b-453f-b9eb-1cc5ff5dbb41.png, lỗi: Illegal char <:> at index 3: /D:\root\uploads/products/U004_790b493e-9a1b-453f-b9eb-1cc5ff5dbb41.png
2026-05-27 21:37:33 [pool-1-thread-1] INFO  c.uet.server.network.ClientManager - Gửi cập nhật ngay cho 1 client đang xem auction: 5005875428
2026-05-27 21:37:34 [pool-1-thread-1] INFO  c.uet.server.database.DBConnection - Connected to database!
2026-05-27 21:37:34 [pool-1-thread-1] WARN  c.uet.server.database.dao.AuctionDAO - ⚠️ Không thể đọc file ảnh sản phẩm từ path: file://D:\root\uploads/products/U004_790b493e-9a1b-453f-b9eb-1cc5ff5dbb41.png, lỗi: Illegal char <:> at index 3: /D:\root\uploads/products/U004_790b493e-9a1b-453f-b9eb-1cc5ff5dbb41.png
2026-05-27 21:37:34 [pool-1-thread-1] INFO  c.uet.server.network.ClientManager - Gửi cập nhật ngay cho 1 client đang xem auction: 5005875428
2026-05-27 21:37:36 [pool-2-thread-1] INFO  c.uet.server.database.DBConnection - Connected to database!
2026-05-27 21:37:36 [pool-1-thread-1] INFO  c.uet.server.database.DBConnection - Connected to database!
2026-05-27 21:37:36 [pool-1-thread-1] ERROR c.uet.server.database.dao.AuctionDAO - Lỗi khi lấy chi tiết đấu giá từ Database: 
java.lang.NullPointerException: Cannot invoke "com.mysql.cj.protocol.ColumnDefinition.findColumn(String, boolean, int)" because "this.columnDefinition" is null
	at com.mysql.cj.jdbc.result.ResultSetImpl.findColumn(ResultSetImpl.java:581)
	at com.mysql.cj.jdbc.result.ResultSetImpl.getString(ResultSetImpl.java:896)
	at com.uet.server.database.dao.AuctionDAO.mapAuctionItem(AuctionDAO.java:110)
	at com.uet.server.database.dao.AuctionDAO.getAuctionById(AuctionDAO.java:93)
	at com.uet.server.service.AuctionBroadcastService.lambda$start$0(AuctionBroadcastService.java:25)
	at java.base/java.util.concurrent.Executors$RunnableAdapter.call(Executors.java:545)
	at java.base/java.util.concurrent.FutureTask.runAndReset(FutureTask.java:369)
	at java.base/java.util.concurrent.ScheduledThreadPoolExecutor$ScheduledFutureTask.run(ScheduledThreadPoolExecutor.java:310)
	at java.base/java.util.concurrent.ThreadPoolExecutor.runWorker(ThreadPoolExecutor.java:1090)
	at java.base/java.util.concurrent.ThreadPoolExecutor$Worker.run(ThreadPoolExecutor.java:614)
	at java.base/java.lang.Thread.run(Thread.java:1474)
2026-05-27 21:37:36 [pool-2-thread-1] INFO  c.uet.server.database.DBConnection - Connected to database!
2026-05-27 21:37:37 [pool-1-thread-1] INFO  c.uet.server.database.DBConnection - Connected to database!
2026-05-27 21:37:37 [pool-1-thread-1] WARN  c.uet.server.database.dao.AuctionDAO - ⚠️ Không thể đọc file ảnh sản phẩm từ path: file://D:\root\uploads/products/U004_790b493e-9a1b-453f-b9eb-1cc5ff5dbb41.png, lỗi: Illegal char <:> at index 3: /D:\root\uploads/products/U004_790b493e-9a1b-453f-b9eb-1cc5ff5dbb41.png
2026-05-27 21:37:37 [pool-1-thread-1] INFO  c.uet.server.network.ClientManager - Gửi cập nhật ngay cho 1 client đang xem auction: 5005875428
2026-05-27 21:37:38 [Thread-0] INFO  c.uet.server.network.ClientHandler - Client ngắt kết nối hoặc có lỗi xảy ra: Connection reset
2026-05-27 21:37:38 [Thread-0] INFO  c.uet.server.network.ClientHandler - 🔌 [SERVER] Đã giải phóng hoàn toàn kết nối Socket vật lý.
2026-05-27 21:37:38 [Thread-0] INFO  c.uet.server.network.ClientHandler - 🗑️ [SERVER] Đã Xóa Client khỏi ClientManager thành công.
2026-05-27 21:37:39 [pool-1-thread-1] INFO  c.uet.server.database.DBConnection - Connected to database!
2026-05-27 21:37:39 [pool-1-thread-1] WARN  c.uet.server.database.dao.AuctionDAO - ⚠️ Không thể đọc file ảnh sản phẩm từ path: file://D:\root\uploads/products/U004_790b493e-9a1b-453f-b9eb-1cc5ff5dbb41.png, lỗi: Illegal char <:> at index 3: /D:\root\uploads/products/U004_790b493e-9a1b-453f-b9eb-1cc5ff5dbb41.png
2026-05-27 21:37:39 [pool-1-thread-1] INFO  c.uet.server.network.ClientManager - Không có client nào đang xem auction: 5005875428
2026-05-27 21:37:40 [pool-1-thread-1] INFO  c.uet.server.database.DBConnection - Connected to database!
2026-05-27 21:37:40 [pool-1-thread-1] WARN  c.uet.server.database.dao.AuctionDAO - ⚠️ Không thể đọc file ảnh sản phẩm từ path: file://D:\root\uploads/products/U004_790b493e-9a1b-453f-b9eb-1cc5ff5dbb41.png, lỗi: Illegal char <:> at index 3: /D:\root\uploads/products/U004_790b493e-9a1b-453f-b9eb-1cc5ff5dbb41.png
2026-05-27 21:37:40 [pool-1-thread-1] INFO  c.uet.server.network.ClientManager - Không có client nào đang xem auction: 5005875428
2026-05-27 21:37:41 [pool-2-thread-1] INFO  c.uet.server.database.DBConnection - Connected to database!
2026-05-27 21:37:41 [pool-2-thread-1] INFO  c.uet.server.database.DBConnection - Connected to database!
2026-05-27 21:37:42 [pool-1-thread-1] INFO  c.uet.server.database.DBConnection - Connected to database!
2026-05-27 21:37:42 [pool-1-thread-1] WARN  c.uet.server.database.dao.AuctionDAO - ⚠️ Không thể đọc file ảnh sản phẩm từ path: file://D:\root\uploads/products/U004_790b493e-9a1b-453f-b9eb-1cc5ff5dbb41.png, lỗi: Illegal char <:> at index 3: /D:\root\uploads/products/U004_790b493e-9a1b-453f-b9eb-1cc5ff5dbb41.png
2026-05-27 21:37:42 [pool-1-thread-1] INFO  c.uet.server.network.ClientManager - Không có client nào đang xem auction: 5005875428
2026-05-27 21:37:43 [pool-1-thread-1] INFO  c.uet.server.database.DBConnection - Connected to database!
2026-05-27 21:37:43 [pool-1-thread-1] WARN  c.uet.server.database.dao.AuctionDAO - ⚠️ Không thể đọc file ảnh sản phẩm từ path: file://D:\root\uploads/products/U004_790b493e-9a1b-453f-b9eb-1cc5ff5dbb41.png, lỗi: Illegal char <:> at index 3: /D:\root\uploads/products/U004_790b493e-9a1b-453f-b9eb-1cc5ff5dbb41.png
2026-05-27 21:37:43 [pool-1-thread-1] INFO  c.uet.server.network.ClientManager - Không có client nào đang xem auction: 5005875428
2026-05-27 21:37:45 [pool-1-thread-1] INFO  c.uet.server.database.DBConnection - Connected to database!
2026-05-27 21:37:45 [pool-1-thread-1] WARN  c.uet.server.database.dao.AuctionDAO - ⚠️ Không thể đọc file ảnh sản phẩm từ path: file://D:\root\uploads/products/U004_790b493e-9a1b-453f-b9eb-1cc5ff5dbb41.png, lỗi: Illegal char <:> at index 3: /D:\root\uploads/products/U004_790b493e-9a1b-453f-b9eb-1cc5ff5dbb41.png
2026-05-27 21:37:45 [pool-1-thread-1] INFO  c.uet.server.network.ClientManager - Không có client nào đang xem auction: 5005875428
2026-05-27 21:37:46 [pool-2-thread-1] INFO  c.uet.server.database.DBConnection - Connected to database!
2026-05-27 21:37:46 [pool-2-thread-1] INFO  c.uet.server.database.DBConnection - Connected to database!
2026-05-27 21:37:46 [pool-1-thread-1] INFO  c.uet.server.database.DBConnection - Connected to database!
2026-05-27 21:37:46 [pool-1-thread-1] WARN  c.uet.server.database.dao.AuctionDAO - ⚠️ Không thể đọc file ảnh sản phẩm từ path: file://D:\root\uploads/products/U004_790b493e-9a1b-453f-b9eb-1cc5ff5dbb41.png, lỗi: Illegal char <:> at index 3: /D:\root\uploads/products/U004_790b493e-9a1b-453f-b9eb-1cc5ff5dbb41.png
2026-05-27 21:37:46 [pool-1-thread-1] INFO  c.uet.server.network.ClientManager - Không có client nào đang xem auction: 5005875428
2026-05-27 21:37:48 [pool-1-thread-1] INFO  c.uet.server.database.DBConnection - Connected to database!
2026-05-27 21:37:48 [pool-1-thread-1] WARN  c.uet.server.database.dao.AuctionDAO - ⚠️ Không thể đọc file ảnh sản phẩm từ path: file://D:\root\uploads/products/U004_790b493e-9a1b-453f-b9eb-1cc5ff5dbb41.png, lỗi: Illegal char <:> at index 3: /D:\root\uploads/products/U004_790b493e-9a1b-453f-b9eb-1cc5ff5dbb41.png
2026-05-27 21:37:48 [pool-1-thread-1] INFO  c.uet.server.network.ClientManager - Không có client nào đang xem auction: 5005875428
2026-05-27 21:37:49 [pool-1-thread-1] INFO  c.uet.server.database.DBConnection - Connected to database!
2026-05-27 21:37:49 [pool-1-thread-1] WARN  c.uet.server.database.dao.AuctionDAO - ⚠️ Không thể đọc file ảnh sản phẩm từ path: file://D:\root\uploads/products/U004_790b493e-9a1b-453f-b9eb-1cc5ff5dbb41.png, lỗi: Illegal char <:> at index 3: /D:\root\uploads/products/U004_790b493e-9a1b-453f-b9eb-1cc5ff5dbb41.png
2026-05-27 21:37:49 [pool-1-thread-1] INFO  c.uet.server.network.ClientManager - Không có client nào đang xem auction: 5005875428
2026-05-27 21:37:51 [pool-1-thread-1] INFO  c.uet.server.database.DBConnection - Connected to database!
2026-05-27 21:37:51 [pool-1-thread-1] WARN  c.uet.server.database.dao.AuctionDAO - ⚠️ Không thể đọc file ảnh sản phẩm từ path: file://D:\root\uploads/products/U004_790b493e-9a1b-453f-b9eb-1cc5ff5dbb41.png, lỗi: Illegal char <:> at index 3: /D:\root\uploads/products/U004_790b493e-9a1b-453f-b9eb-1cc5ff5dbb41.png
2026-05-27 21:37:51 [pool-1-thread-1] ERROR c.uet.server.database.dao.AuctionDAO - Lỗi khi lấy chi tiết đấu giá từ Database: 
java.lang.NullPointerException: Cannot invoke "com.mysql.cj.protocol.ColumnDefinition.findColumn(String, boolean, int)" because "this.columnDefinition" is null
	at com.mysql.cj.jdbc.result.ResultSetImpl.findColumn(ResultSetImpl.java:581)
	at com.mysql.cj.jdbc.result.ResultSetImpl.getString(ResultSetImpl.java:896)
	at com.uet.server.database.dao.AuctionDAO.mapAuctionItem(AuctionDAO.java:115)
	at com.uet.server.database.dao.AuctionDAO.getAuctionById(AuctionDAO.java:93)
	at com.uet.server.service.AuctionBroadcastService.lambda$start$0(AuctionBroadcastService.java:25)
	at java.base/java.util.concurrent.Executors$RunnableAdapter.call(Executors.java:545)
	at java.base/java.util.concurrent.FutureTask.runAndReset(FutureTask.java:369)
	at java.base/java.util.concurrent.ScheduledThreadPoolExecutor$ScheduledFutureTask.run(ScheduledThreadPoolExecutor.java:310)
	at java.base/java.util.concurrent.ThreadPoolExecutor.runWorker(ThreadPoolExecutor.java:1090)
	at java.base/java.util.concurrent.ThreadPoolExecutor$Worker.run(ThreadPoolExecutor.java:614)
	at java.base/java.lang.Thread.run(Thread.java:1474)
2026-05-27 21:37:51 [pool-2-thread-1] INFO  c.uet.server.database.DBConnection - Connected to database!
2026-05-27 21:37:52 [pool-1-thread-1] INFO  c.uet.server.database.DBConnection - Connected to database!
2026-05-27 21:37:52 [pool-1-thread-1] WARN  c.uet.server.database.dao.AuctionDAO - ⚠️ Không thể đọc file ảnh sản phẩm từ path: file://D:\root\uploads/products/U004_790b493e-9a1b-453f-b9eb-1cc5ff5dbb41.png, lỗi: Illegal char <:> at index 3: /D:\root\uploads/products/U004_790b493e-9a1b-453f-b9eb-1cc5ff5dbb41.png
2026-05-27 21:37:52 [pool-1-thread-1] INFO  c.uet.server.network.ClientManager - Không có client nào đang xem auction: 5005875428
2026-05-27 21:37:54 [pool-1-thread-1] INFO  c.uet.server.database.DBConnection - Connected to database!
2026-05-27 21:37:54 [pool-1-thread-1] WARN  c.uet.server.database.dao.AuctionDAO - ⚠️ Không thể đọc file ảnh sản phẩm từ path: file://D:\root\uploads/products/U004_790b493e-9a1b-453f-b9eb-1cc5ff5dbb41.png, lỗi: Illegal char <:> at index 3: /D:\root\uploads/products/U004_790b493e-9a1b-453f-b9eb-1cc5ff5dbb41.png
2026-05-27 21:37:54 [pool-1-thread-1] INFO  c.uet.server.network.ClientManager - Không có client nào đang xem auction: 5005875428
2026-05-27 21:37:55 [pool-1-thread-1] INFO  c.uet.server.database.DBConnection - Connected to database!
2026-05-27 21:37:55 [pool-1-thread-1] WARN  c.uet.server.database.dao.AuctionDAO - ⚠️ Không thể đọc file ảnh sản phẩm từ path: file://D:\root\uploads/products/U004_790b493e-9a1b-453f-b9eb-1cc5ff5dbb41.png, lỗi: Illegal char <:> at index 3: /D:\root\uploads/products/U004_790b493e-9a1b-453f-b9eb-1cc5ff5dbb41.png
2026-05-27 21:37:55 [pool-1-thread-1] INFO  c.uet.server.network.ClientManager - Không có client nào đang xem auction: 5005875428
2026-05-27 21:37:56 [pool-2-thread-1] INFO  c.uet.server.database.DBConnection - Connected to database!
2026-05-27 21:37:56 [pool-2-thread-1] INFO  c.uet.server.database.DBConnection - Connected to database!
2026-05-27 21:37:57 [pool-1-thread-1] INFO  c.uet.server.database.DBConnection - Connected to database!
2026-05-27 21:37:57 [pool-1-thread-1] WARN  c.uet.server.database.dao.AuctionDAO - ⚠️ Không thể đọc file ảnh sản phẩm từ path: file://D:\root\uploads/products/U004_790b493e-9a1b-453f-b9eb-1cc5ff5dbb41.png, lỗi: Illegal char <:> at index 3: /D:\root\uploads/products/U004_790b493e-9a1b-453f-b9eb-1cc5ff5dbb41.png
2026-05-27 21:37:57 [pool-1-thread-1] INFO  c.uet.server.network.ClientManager - Không có client nào đang xem auction: 5005875428
2026-05-27 21:37:58 [pool-1-thread-1] INFO  c.uet.server.database.DBConnection - Connected to database!
2026-05-27 21:37:58 [pool-1-thread-1] WARN  c.uet.server.database.dao.AuctionDAO - ⚠️ Không thể đọc file ảnh sản phẩm từ path: file://D:\root\uploads/products/U004_790b493e-9a1b-453f-b9eb-1cc5ff5dbb41.png, lỗi: Illegal char <:> at index 3: /D:\root\uploads/products/U004_790b493e-9a1b-453f-b9eb-1cc5ff5dbb41.png
2026-05-27 21:37:58 [pool-1-thread-1] INFO  c.uet.server.network.ClientManager - Không có client nào đang xem auction: 5005875428
2026-05-27 21:38:00 [pool-1-thread-1] INFO  c.uet.server.database.DBConnection - Connected to database!
2026-05-27 21:38:00 [pool-1-thread-1] WARN  c.uet.server.database.dao.AuctionDAO - ⚠️ Không thể đọc file ảnh sản phẩm từ path: file://D:\root\uploads/products/U004_790b493e-9a1b-453f-b9eb-1cc5ff5dbb41.png, lỗi: Illegal char <:> at index 3: /D:\root\uploads/products/U004_790b493e-9a1b-453f-b9eb-1cc5ff5dbb41.png
2026-05-27 21:38:00 [pool-1-thread-1] INFO  c.uet.server.network.ClientManager - Không có client nào đang xem auction: 5005875428
2026-05-27 21:38:01 [pool-2-thread-1] INFO  c.uet.server.database.DBConnection - Connected to database!
2026-05-27 21:38:01 [pool-2-thread-1] INFO  c.uet.server.database.DBConnection - Connected to database!
2026-05-27 21:38:01 [pool-1-thread-1] INFO  c.uet.server.database.DBConnection - Connected to database!
2026-05-27 21:38:01 [pool-1-thread-1] WARN  c.uet.server.database.dao.AuctionDAO - ⚠️ Không thể đọc file ảnh sản phẩm từ path: file://D:\root\uploads/products/U004_790b493e-9a1b-453f-b9eb-1cc5ff5dbb41.png, lỗi: Illegal char <:> at index 3: /D:\root\uploads/products/U004_790b493e-9a1b-453f-b9eb-1cc5ff5dbb41.png
2026-05-27 21:38:01 [pool-1-thread-1] INFO  c.uet.server.network.ClientManager - Không có client nào đang xem auction: 5005875428
2026-05-27 21:38:03 [pool-1-thread-1] INFO  c.uet.server.database.DBConnection - Connected to database!
2026-05-27 21:38:03 [pool-1-thread-1] WARN  c.uet.server.database.dao.AuctionDAO - ⚠️ Không thể đọc file ảnh sản phẩm từ path: file://D:\root\uploads/products/U004_790b493e-9a1b-453f-b9eb-1cc5ff5dbb41.png, lỗi: Illegal char <:> at index 3: /D:\root\uploads/products/U004_790b493e-9a1b-453f-b9eb-1cc5ff5dbb41.png
2026-05-27 21:38:03 [pool-1-thread-1] INFO  c.uet.server.network.ClientManager - Không có client nào đang xem auction: 5005875428
2026-05-27 21:38:04 [pool-1-thread-1] INFO  c.uet.server.database.DBConnection - Connected to database!
2026-05-27 21:38:04 [pool-1-thread-1] WARN  c.uet.server.database.dao.AuctionDAO - ⚠️ Không thể đọc file ảnh sản phẩm từ path: file://D:\root\uploads/products/U004_790b493e-9a1b-453f-b9eb-1cc5ff5dbb41.png, lỗi: Illegal char <:> at index 3: /D:\root\uploads/products/U004_790b493e-9a1b-453f-b9eb-1cc5ff5dbb41.png
2026-05-27 21:38:04 [pool-1-thread-1] INFO  c.uet.server.network.ClientManager - Không có client nào đang xem auction: 5005875428
2026-05-27 21:38:06 [pool-1-thread-1] INFO  c.uet.server.database.DBConnection - Connected to database!
2026-05-27 21:38:06 [pool-1-thread-1] WARN  c.uet.server.database.dao.AuctionDAO - ⚠️ Không thể đọc file ảnh sản phẩm từ path: file://D:\root\uploads/products/U004_790b493e-9a1b-453f-b9eb-1cc5ff5dbb41.png, lỗi: Illegal char <:> at index 3: /D:\root\uploads/products/U004_790b493e-9a1b-453f-b9eb-1cc5ff5dbb41.png
2026-05-27 21:38:06 [pool-1-thread-1] INFO  c.uet.server.network.ClientManager - Không có client nào đang xem auction: 5005875428
2026-05-27 21:38:06 [pool-2-thread-1] INFO  c.uet.server.database.DBConnection - Connected to database!
2026-05-27 21:38:06 [pool-2-thread-1] INFO  c.uet.server.database.DBConnection - Connected to database!
2026-05-27 21:38:07 [pool-1-thread-1] INFO  c.uet.server.database.DBConnection - Connected to database!
2026-05-27 21:38:07 [pool-1-thread-1] WARN  c.uet.server.database.dao.AuctionDAO - ⚠️ Không thể đọc file ảnh sản phẩm từ path: file://D:\root\uploads/products/U004_790b493e-9a1b-453f-b9eb-1cc5ff5dbb41.png, lỗi: Illegal char <:> at index 3: /D:\root\uploads/products/U004_790b493e-9a1b-453f-b9eb-1cc5ff5dbb41.png
2026-05-27 21:38:07 [pool-1-thread-1] INFO  c.uet.server.network.ClientManager - Không có client nào đang xem auction: 5005875428
2026-05-27 21:38:09 [pool-1-thread-1] INFO  c.uet.server.database.DBConnection - Connected to database!
2026-05-27 21:38:09 [pool-1-thread-1] WARN  c.uet.server.database.dao.AuctionDAO - ⚠️ Không thể đọc file ảnh sản phẩm từ path: file://D:\root\uploads/products/U004_790b493e-9a1b-453f-b9eb-1cc5ff5dbb41.png, lỗi: Illegal char <:> at index 3: /D:\root\uploads/products/U004_790b493e-9a1b-453f-b9eb-1cc5ff5dbb41.png
2026-05-27 21:38:09 [pool-1-thread-1] INFO  c.uet.server.network.ClientManager - Không có client nào đang xem auction: 5005875428
2026-05-27 21:38:10 [pool-1-thread-1] INFO  c.uet.server.database.DBConnection - Connected to database!
2026-05-27 21:38:10 [pool-1-thread-1] WARN  c.uet.server.database.dao.AuctionDAO - ⚠️ Không thể đọc file ảnh sản phẩm từ path: file://D:\root\uploads/products/U004_790b493e-9a1b-453f-b9eb-1cc5ff5dbb41.png, lỗi: Illegal char <:> at index 3: /D:\root\uploads/products/U004_790b493e-9a1b-453f-b9eb-1cc5ff5dbb41.png
2026-05-27 21:38:10 [pool-1-thread-1] INFO  c.uet.server.network.ClientManager - Không có client nào đang xem auction: 5005875428
2026-05-27 21:38:11 [pool-2-thread-1] INFO  c.uet.server.database.DBConnection - Connected to database!
2026-05-27 21:38:11 [pool-2-thread-1] INFO  c.uet.server.database.DBConnection - Connected to database!
2026-05-27 21:38:12 [pool-1-thread-1] INFO  c.uet.server.database.DBConnection - Connected to database!
2026-05-27 21:38:12 [pool-1-thread-1] WARN  c.uet.server.database.dao.AuctionDAO - ⚠️ Không thể đọc file ảnh sản phẩm từ path: file://D:\root\uploads/products/U004_790b493e-9a1b-453f-b9eb-1cc5ff5dbb41.png, lỗi: Illegal char <:> at index 3: /D:\root\uploads/products/U004_790b493e-9a1b-453f-b9eb-1cc5ff5dbb41.png
2026-05-27 21:38:12 [pool-1-thread-1] INFO  c.uet.server.network.ClientManager - Không có client nào đang xem auction: 5005875428
2026-05-27 21:38:13 [pool-1-thread-1] INFO  c.uet.server.database.DBConnection - Connected to database!
2026-05-27 21:38:13 [pool-1-thread-1] WARN  c.uet.server.database.dao.AuctionDAO - ⚠️ Không thể đọc file ảnh sản phẩm từ path: file://D:\root\uploads/products/U004_790b493e-9a1b-453f-b9eb-1cc5ff5dbb41.png, lỗi: Illegal char <:> at index 3: /D:\root\uploads/products/U004_790b493e-9a1b-453f-b9eb-1cc5ff5dbb41.png
2026-05-27 21:38:13 [pool-1-thread-1] INFO  c.uet.server.network.ClientManager - Không có client nào đang xem auction: 5005875428
2026-05-27 21:38:15 [pool-1-thread-1] INFO  c.uet.server.database.DBConnection - Connected to database!
2026-05-27 21:38:15 [pool-1-thread-1] WARN  c.uet.server.database.dao.AuctionDAO - ⚠️ Không thể đọc file ảnh sản phẩm từ path: file://D:\root\uploads/products/U004_790b493e-9a1b-453f-b9eb-1cc5ff5dbb41.png, lỗi: Illegal char <:> at index 3: /D:\root\uploads/products/U004_790b493e-9a1b-453f-b9eb-1cc5ff5dbb41.png
2026-05-27 21:38:15 [pool-1-thread-1] INFO  c.uet.server.network.ClientManager - Không có client nào đang xem auction: 5005875428
2026-05-27 21:38:16 [pool-2-thread-1] INFO  c.uet.server.database.DBConnection - Connected to database!
2026-05-27 21:38:16 [pool-2-thread-1] INFO  c.uet.server.database.DBConnection - Connected to database!
2026-05-27 21:38:16 [pool-1-thread-1] INFO  c.uet.server.database.DBConnection - Connected to database!
2026-05-27 21:38:16 [pool-1-thread-1] WARN  c.uet.server.database.dao.AuctionDAO - ⚠️ Không thể đọc file ảnh sản phẩm từ path: file://D:\root\uploads/products/U004_790b493e-9a1b-453f-b9eb-1cc5ff5dbb41.png, lỗi: Illegal char <:> at index 3: /D:\root\uploads/products/U004_790b493e-9a1b-453f-b9eb-1cc5ff5dbb41.png
2026-05-27 21:38:16 [pool-1-thread-1] INFO  c.uet.server.network.ClientManager - Không có client nào đang xem auction: 5005875428
2026-05-27 21:38:18 [pool-1-thread-1] INFO  c.uet.server.database.DBConnection - Connected to database!
2026-05-27 21:38:18 [pool-1-thread-1] WARN  c.uet.server.database.dao.AuctionDAO - ⚠️ Không thể đọc file ảnh sản phẩm từ path: file://D:\root\uploads/products/U004_790b493e-9a1b-453f-b9eb-1cc5ff5dbb41.png, lỗi: Illegal char <:> at index 3: /D:\root\uploads/products/U004_790b493e-9a1b-453f-b9eb-1cc5ff5dbb41.png
2026-05-27 21:38:18 [pool-1-thread-1] INFO  c.uet.server.network.ClientManager - Không có client nào đang xem auction: 5005875428
2026-05-27 21:38:19 [pool-1-thread-1] INFO  c.uet.server.database.DBConnection - Connected to database!
2026-05-27 21:38:19 [pool-1-thread-1] WARN  c.uet.server.database.dao.AuctionDAO - ⚠️ Không thể đọc file ảnh sản phẩm từ path: file://D:\root\uploads/products/U004_790b493e-9a1b-453f-b9eb-1cc5ff5dbb41.png, lỗi: Illegal char <:> at index 3: /D:\root\uploads/products/U004_790b493e-9a1b-453f-b9eb-1cc5ff5dbb41.png
2026-05-27 21:38:19 [pool-1-thread-1] INFO  c.uet.server.network.ClientManager - Không có client nào đang xem auction: 5005875428
2026-05-27 21:38:21 [pool-1-thread-1] INFO  c.uet.server.database.DBConnection - Connected to database!
2026-05-27 21:38:21 [pool-1-thread-1] WARN  c.uet.server.database.dao.AuctionDAO - ⚠️ Không thể đọc file ảnh sản phẩm từ path: file://D:\root\uploads/products/U004_790b493e-9a1b-453f-b9eb-1cc5ff5dbb41.png, lỗi: Illegal char <:> at index 3: /D:\root\uploads/products/U004_790b493e-9a1b-453f-b9eb-1cc5ff5dbb41.png
2026-05-27 21:38:21 [pool-1-thread-1] INFO  c.uet.server.network.ClientManager - Không có client nào đang xem auction: 5005875428
2026-05-27 21:38:21 [pool-2-thread-1] INFO  c.uet.server.database.DBConnection - Connected to database!
2026-05-27 21:38:21 [pool-2-thread-1] INFO  c.uet.server.database.DBConnection - Connected to database!
2026-05-27 21:38:22 [pool-1-thread-1] INFO  c.uet.server.database.DBConnection - Connected to database!
2026-05-27 21:38:22 [pool-1-thread-1] WARN  c.uet.server.database.dao.AuctionDAO - ⚠️ Không thể đọc file ảnh sản phẩm từ path: file://D:\root\uploads/products/U004_790b493e-9a1b-453f-b9eb-1cc5ff5dbb41.png, lỗi: Illegal char <:> at index 3: /D:\root\uploads/products/U004_790b493e-9a1b-453f-b9eb-1cc5ff5dbb41.png
2026-05-27 21:38:22 [pool-1-thread-1] INFO  c.uet.server.network.ClientManager - Không có client nào đang xem auction: 5005875428
2026-05-27 21:38:24 [pool-1-thread-1] INFO  c.uet.server.database.DBConnection - Connected to database!
2026-05-27 21:38:24 [pool-1-thread-1] WARN  c.uet.server.database.dao.AuctionDAO - ⚠️ Không thể đọc file ảnh sản phẩm từ path: file://D:\root\uploads/products/U004_790b493e-9a1b-453f-b9eb-1cc5ff5dbb41.png, lỗi: Illegal char <:> at index 3: /D:\root\uploads/products/U004_790b493e-9a1b-453f-b9eb-1cc5ff5dbb41.png
2026-05-27 21:38:24 [pool-1-thread-1] INFO  c.uet.server.network.ClientManager - Không có client nào đang xem auction: 5005875428
2026-05-27 21:38:25 [pool-1-thread-1] INFO  c.uet.server.database.DBConnection - Connected to database!
2026-05-27 21:38:25 [pool-1-thread-1] WARN  c.uet.server.database.dao.AuctionDAO - ⚠️ Không thể đọc file ảnh sản phẩm từ path: file://D:\root\uploads/products/U004_790b493e-9a1b-453f-b9eb-1cc5ff5dbb41.png, lỗi: Illegal char <:> at index 3: /D:\root\uploads/products/U004_790b493e-9a1b-453f-b9eb-1cc5ff5dbb41.png
2026-05-27 21:38:25 [pool-1-thread-1] INFO  c.uet.server.network.ClientManager - Không có client nào đang xem auction: 5005875428
2026-05-27 21:38:26 [pool-2-thread-1] INFO  c.uet.server.database.DBConnection - Connected to database!
2026-05-27 21:38:26 [pool-2-thread-1] INFO  c.uet.server.database.DBConnection - Connected to database!
2026-05-27 21:38:27 [pool-1-thread-1] INFO  c.uet.server.database.DBConnection - Connected to database!
2026-05-27 21:38:27 [pool-1-thread-1] WARN  c.uet.server.database.dao.AuctionDAO - ⚠️ Không thể đọc file ảnh sản phẩm từ path: file://D:\root\uploads/products/U004_790b493e-9a1b-453f-b9eb-1cc5ff5dbb41.png, lỗi: Illegal char <:> at index 3: /D:\root\uploads/products/U004_790b493e-9a1b-453f-b9eb-1cc5ff5dbb41.png
2026-05-27 21:38:27 [pool-1-thread-1] INFO  c.uet.server.network.ClientManager - Không có client nào đang xem auction: 5005875428
2026-05-27 21:38:28 [pool-1-thread-1] INFO  c.uet.server.database.DBConnection - Connected to database!
2026-05-27 21:38:28 [pool-1-thread-1] WARN  c.uet.server.database.dao.AuctionDAO - ⚠️ Không thể đọc file ảnh sản phẩm từ path: file://D:\root\uploads/products/U004_790b493e-9a1b-453f-b9eb-1cc5ff5dbb41.png, lỗi: Illegal char <:> at index 3: /D:\root\uploads/products/U004_790b493e-9a1b-453f-b9eb-1cc5ff5dbb41.png
2026-05-27 21:38:28 [pool-1-thread-1] INFO  c.uet.server.network.ClientManager - Không có client nào đang xem auction: 5005875428
2026-05-27 21:38:30 [pool-1-thread-1] INFO  c.uet.server.database.DBConnection - Connected to database!
2026-05-27 21:38:30 [pool-1-thread-1] WARN  c.uet.server.database.dao.AuctionDAO - ⚠️ Không thể đọc file ảnh sản phẩm từ path: file://D:\root\uploads/products/U004_790b493e-9a1b-453f-b9eb-1cc5ff5dbb41.png, lỗi: Illegal char <:> at index 3: /D:\root\uploads/products/U004_790b493e-9a1b-453f-b9eb-1cc5ff5dbb41.png
2026-05-27 21:38:30 [pool-1-thread-1] INFO  c.uet.server.network.ClientManager - Không có client nào đang xem auction: 5005875428
2026-05-27 21:38:31 [pool-2-thread-1] INFO  c.uet.server.database.DBConnection - Connected to database!
2026-05-27 21:38:31 [pool-2-thread-1] INFO  c.uet.server.database.DBConnection - Connected to database!
2026-05-27 21:38:31 [pool-1-thread-1] INFO  c.uet.server.database.DBConnection - Connected to database!
2026-05-27 21:38:31 [pool-1-thread-1] WARN  c.uet.server.database.dao.AuctionDAO - ⚠️ Không thể đọc file ảnh sản phẩm từ path: file://D:\root\uploads/products/U004_790b493e-9a1b-453f-b9eb-1cc5ff5dbb41.png, lỗi: Illegal char <:> at index 3: /D:\root\uploads/products/U004_790b493e-9a1b-453f-b9eb-1cc5ff5dbb41.png
2026-05-27 21:38:31 [pool-1-thread-1] INFO  c.uet.server.network.ClientManager - Không có client nào đang xem auction: 5005875428
2026-05-27 21:38:33 [pool-1-thread-1] INFO  c.uet.server.database.DBConnection - Connected to database!
2026-05-27 21:38:33 [pool-1-thread-1] WARN  c.uet.server.database.dao.AuctionDAO - ⚠️ Không thể đọc file ảnh sản phẩm từ path: file://D:\root\uploads/products/U004_790b493e-9a1b-453f-b9eb-1cc5ff5dbb41.png, lỗi: Illegal char <:> at index 3: /D:\root\uploads/products/U004_790b493e-9a1b-453f-b9eb-1cc5ff5dbb41.png
2026-05-27 21:38:33 [pool-1-thread-1] INFO  c.uet.server.network.ClientManager - Không có client nào đang xem auction: 5005875428
2026-05-27 21:38:34 [pool-1-thread-1] INFO  c.uet.server.database.DBConnection - Connected to database!
2026-05-27 21:38:34 [pool-1-thread-1] WARN  c.uet.server.database.dao.AuctionDAO - ⚠️ Không thể đọc file ảnh sản phẩm từ path: file://D:\root\uploads/products/U004_790b493e-9a1b-453f-b9eb-1cc5ff5dbb41.png, lỗi: Illegal char <:> at index 3: /D:\root\uploads/products/U004_790b493e-9a1b-453f-b9eb-1cc5ff5dbb41.png
2026-05-27 21:38:34 [pool-1-thread-1] INFO  c.uet.server.network.ClientManager - Không có client nào đang xem auction: 5005875428
2026-05-27 21:38:36 [pool-1-thread-1] INFO  c.uet.server.database.DBConnection - Connected to database!
2026-05-27 21:38:36 [pool-1-thread-1] WARN  c.uet.server.database.dao.AuctionDAO - ⚠️ Không thể đọc file ảnh sản phẩm từ path: file://D:\root\uploads/products/U004_790b493e-9a1b-453f-b9eb-1cc5ff5dbb41.png, lỗi: Illegal char <:> at index 3: /D:\root\uploads/products/U004_790b493e-9a1b-453f-b9eb-1cc5ff5dbb41.png
2026-05-27 21:38:36 [pool-1-thread-1] INFO  c.uet.server.network.ClientManager - Không có client nào đang xem auction: 5005875428
2026-05-27 21:38:36 [pool-2-thread-1] ERROR c.uet.server.database.dao.AuctionDAO - Lỗi khi kích hoạt các phiên đấu giá: 
java.sql.SQLNonTransientConnectionException: No operations allowed after connection closed.
	at com.mysql.cj.jdbc.exceptions.SQLError.createSQLException(SQLError.java:111)
	at com.mysql.cj.jdbc.exceptions.SQLError.createSQLException(SQLError.java:98)
	at com.mysql.cj.jdbc.exceptions.SQLError.createSQLException(SQLError.java:90)
	at com.mysql.cj.jdbc.exceptions.SQLError.createSQLException(SQLError.java:64)
	at com.mysql.cj.jdbc.exceptions.SQLError.createSQLException(SQLError.java:74)
	at com.mysql.cj.jdbc.exceptions.SQLExceptionsMapping.translateException(SQLExceptionsMapping.java:73)
	at com.mysql.cj.jdbc.ConnectionImpl.prepareStatement(ConnectionImpl.java:1621)
	at com.mysql.cj.jdbc.ConnectionImpl.prepareStatement(ConnectionImpl.java:1535)
	at com.uet.server.database.dao.AuctionDAO.startEligibleAuctions(AuctionDAO.java:368)
	at com.uet.server.service.AuctionScheduler.lambda$start$0(AuctionScheduler.java:23)
	at java.base/java.util.concurrent.Executors$RunnableAdapter.call(Executors.java:545)
	at java.base/java.util.concurrent.FutureTask.runAndReset(FutureTask.java:369)
	at java.base/java.util.concurrent.ScheduledThreadPoolExecutor$ScheduledFutureTask.run(ScheduledThreadPoolExecutor.java:310)
	at java.base/java.util.concurrent.ThreadPoolExecutor.runWorker(ThreadPoolExecutor.java:1090)
	at java.base/java.util.concurrent.ThreadPoolExecutor$Worker.run(ThreadPoolExecutor.java:614)
	at java.base/java.lang.Thread.run(Thread.java:1474)
Caused by: com.mysql.cj.exceptions.ConnectionIsClosedException: No operations allowed after connection closed.
	at java.base/jdk.internal.reflect.DirectConstructorHandleAccessor.newInstance(DirectConstructorHandleAccessor.java:62)
	at java.base/java.lang.reflect.Constructor.newInstanceWithCaller(Constructor.java:499)
	at java.base/java.lang.reflect.Constructor.newInstance(Constructor.java:483)
	at com.mysql.cj.exceptions.ExceptionFactory.createException(ExceptionFactory.java:62)
	at com.mysql.cj.exceptions.ExceptionFactory.createException(ExceptionFactory.java:105)
	at com.mysql.cj.exceptions.ExceptionFactory.createException(ExceptionFactory.java:150)
	at com.mysql.cj.NativeSession.checkClosed(NativeSession.java:753)
	at com.mysql.cj.jdbc.ConnectionImpl.checkClosed(ConnectionImpl.java:565)
	at com.mysql.cj.jdbc.ConnectionImpl.prepareStatement(ConnectionImpl.java:1550)
	... 9 common frames omitted
2026-05-27 21:38:36 [pool-2-thread-1] INFO  c.uet.server.database.DBConnection - Connected to database!
2026-05-27 21:38:37 [pool-1-thread-1] INFO  c.uet.server.database.DBConnection - Connected to database!
2026-05-27 21:38:37 [pool-1-thread-1] WARN  c.uet.server.database.dao.AuctionDAO - ⚠️ Không thể đọc file ảnh sản phẩm từ path: file://D:\root\uploads/products/U004_790b493e-9a1b-453f-b9eb-1cc5ff5dbb41.png, lỗi: Illegal char <:> at index 3: /D:\root\uploads/products/U004_790b493e-9a1b-453f-b9eb-1cc5ff5dbb41.png
2026-05-27 21:38:37 [pool-1-thread-1] INFO  c.uet.server.network.ClientManager - Không có client nào đang xem auction: 5005875428
2026-05-27 21:38:39 [pool-1-thread-1] INFO  c.uet.server.database.DBConnection - Connected to database!
2026-05-27 21:38:39 [pool-1-thread-1] WARN  c.uet.server.database.dao.AuctionDAO - ⚠️ Không thể đọc file ảnh sản phẩm từ path: file://D:\root\uploads/products/U004_790b493e-9a1b-453f-b9eb-1cc5ff5dbb41.png, lỗi: Illegal char <:> at index 3: /D:\root\uploads/products/U004_790b493e-9a1b-453f-b9eb-1cc5ff5dbb41.png
2026-05-27 21:38:39 [pool-1-thread-1] INFO  c.uet.server.network.ClientManager - Không có client nào đang xem auction: 5005875428
2026-05-27 21:38:40 [pool-1-thread-1] INFO  c.uet.server.database.DBConnection - Connected to database!
2026-05-27 21:38:40 [pool-1-thread-1] WARN  c.uet.server.database.dao.AuctionDAO - ⚠️ Không thể đọc file ảnh sản phẩm từ path: file://D:\root\uploads/products/U004_790b493e-9a1b-453f-b9eb-1cc5ff5dbb41.png, lỗi: Illegal char <:> at index 3: /D:\root\uploads/products/U004_790b493e-9a1b-453f-b9eb-1cc5ff5dbb41.png
2026-05-27 21:38:40 [pool-1-thread-1] INFO  c.uet.server.network.ClientManager - Không có client nào đang xem auction: 5005875428
2026-05-27 21:38:41 [pool-2-thread-1] INFO  c.uet.server.database.DBConnection - Connected to database!
2026-05-27 21:38:41 [pool-2-thread-1] INFO  c.uet.server.database.DBConnection - Connected to database!
2026-05-27 21:38:42 [pool-1-thread-1] INFO  c.uet.server.database.DBConnection - Connected to database!
2026-05-27 21:38:42 [pool-1-thread-1] WARN  c.uet.server.database.dao.AuctionDAO - ⚠️ Không thể đọc file ảnh sản phẩm từ path: file://D:\root\uploads/products/U004_790b493e-9a1b-453f-b9eb-1cc5ff5dbb41.png, lỗi: Illegal char <:> at index 3: /D:\root\uploads/products/U004_790b493e-9a1b-453f-b9eb-1cc5ff5dbb41.png
2026-05-27 21:38:42 [pool-1-thread-1] INFO  c.uet.server.network.ClientManager - Không có client nào đang xem auction: 5005875428
2026-05-27 21:38:43 [pool-1-thread-1] INFO  c.uet.server.database.DBConnection - Connected to database!
2026-05-27 21:38:43 [pool-1-thread-1] WARN  c.uet.server.database.dao.AuctionDAO - ⚠️ Không thể đọc file ảnh sản phẩm từ path: file://D:\root\uploads/products/U004_790b493e-9a1b-453f-b9eb-1cc5ff5dbb41.png, lỗi: Illegal char <:> at index 3: /D:\root\uploads/products/U004_790b493e-9a1b-453f-b9eb-1cc5ff5dbb41.png
2026-05-27 21:38:43 [pool-1-thread-1] INFO  c.uet.server.network.ClientManager - Không có client nào đang xem auction: 5005875428
2026-05-27 21:38:45 [pool-1-thread-1] INFO  c.uet.server.database.DBConnection - Connected to database!
2026-05-27 21:38:45 [pool-1-thread-1] WARN  c.uet.server.database.dao.AuctionDAO - ⚠️ Không thể đọc file ảnh sản phẩm từ path: file://D:\root\uploads/products/U004_790b493e-9a1b-453f-b9eb-1cc5ff5dbb41.png, lỗi: Illegal char <:> at index 3: /D:\root\uploads/products/U004_790b493e-9a1b-453f-b9eb-1cc5ff5dbb41.png
2026-05-27 21:38:45 [pool-1-thread-1] INFO  c.uet.server.network.ClientManager - Không có client nào đang xem auction: 5005875428
2026-05-27 21:38:46 [pool-2-thread-1] INFO  c.uet.server.database.DBConnection - Connected to database!
2026-05-27 21:38:46 [pool-2-thread-1] INFO  c.uet.server.database.DBConnection - Connected to database!
2026-05-27 21:38:46 [pool-1-thread-1] INFO  c.uet.server.database.DBConnection - Connected to database!
2026-05-27 21:38:46 [pool-1-thread-1] WARN  c.uet.server.database.dao.AuctionDAO - ⚠️ Không thể đọc file ảnh sản phẩm từ path: file://D:\root\uploads/products/U004_790b493e-9a1b-453f-b9eb-1cc5ff5dbb41.png, lỗi: Illegal char <:> at index 3: /D:\root\uploads/products/U004_790b493e-9a1b-453f-b9eb-1cc5ff5dbb41.png
2026-05-27 21:38:46 [pool-1-thread-1] INFO  c.uet.server.network.ClientManager - Không có client nào đang xem auction: 5005875428
2026-05-27 21:38:48 [pool-1-thread-1] INFO  c.uet.server.database.DBConnection - Connected to database!
2026-05-27 21:38:48 [pool-1-thread-1] WARN  c.uet.server.database.dao.AuctionDAO - ⚠️ Không thể đọc file ảnh sản phẩm từ path: file://D:\root\uploads/products/U004_790b493e-9a1b-453f-b9eb-1cc5ff5dbb41.png, lỗi: Illegal char <:> at index 3: /D:\root\uploads/products/U004_790b493e-9a1b-453f-b9eb-1cc5ff5dbb41.png
2026-05-27 21:38:48 [pool-1-thread-1] INFO  c.uet.server.network.ClientManager - Không có client nào đang xem auction: 5005875428
2026-05-27 21:38:49 [pool-1-thread-1] INFO  c.uet.server.database.DBConnection - Connected to database!
2026-05-27 21:38:49 [pool-1-thread-1] WARN  c.uet.server.database.dao.AuctionDAO - ⚠️ Không thể đọc file ảnh sản phẩm từ path: file://D:\root\uploads/products/U004_790b493e-9a1b-453f-b9eb-1cc5ff5dbb41.png, lỗi: Illegal char <:> at index 3: /D:\root\uploads/products/U004_790b493e-9a1b-453f-b9eb-1cc5ff5dbb41.png
2026-05-27 21:38:49 [pool-1-thread-1] INFO  c.uet.server.network.ClientManager - Không có client nào đang xem auction: 5005875428
2026-05-27 21:38:51 [pool-1-thread-1] INFO  c.uet.server.database.DBConnection - Connected to database!
2026-05-27 21:38:51 [pool-1-thread-1] WARN  c.uet.server.database.dao.AuctionDAO - ⚠️ Không thể đọc file ảnh sản phẩm từ path: file://D:\root\uploads/products/U004_790b493e-9a1b-453f-b9eb-1cc5ff5dbb41.png, lỗi: Illegal char <:> at index 3: /D:\root\uploads/products/U004_790b493e-9a1b-453f-b9eb-1cc5ff5dbb41.png
2026-05-27 21:38:51 [pool-1-thread-1] ERROR c.uet.server.database.dao.AuctionDAO - Lỗi khi lấy chi tiết đấu giá từ Database: 
java.lang.NullPointerException: Cannot invoke "com.mysql.cj.protocol.ColumnDefinition.findColumn(String, boolean, int)" because "this.columnDefinition" is null
	at com.mysql.cj.jdbc.result.ResultSetImpl.findColumn(ResultSetImpl.java:581)
	at com.mysql.cj.jdbc.result.ResultSetImpl.getString(ResultSetImpl.java:896)
	at com.uet.server.database.dao.AuctionDAO.mapAuctionItem(AuctionDAO.java:115)
	at com.uet.server.database.dao.AuctionDAO.getAuctionById(AuctionDAO.java:93)
	at com.uet.server.service.AuctionBroadcastService.lambda$start$0(AuctionBroadcastService.java:25)
	at java.base/java.util.concurrent.Executors$RunnableAdapter.call(Executors.java:545)
	at java.base/java.util.concurrent.FutureTask.runAndReset(FutureTask.java:369)
	at java.base/java.util.concurrent.ScheduledThreadPoolExecutor$ScheduledFutureTask.run(ScheduledThreadPoolExecutor.java:310)
	at java.base/java.util.concurrent.ThreadPoolExecutor.runWorker(ThreadPoolExecutor.java:1090)
	at java.base/java.util.concurrent.ThreadPoolExecutor$Worker.run(ThreadPoolExecutor.java:614)
	at java.base/java.lang.Thread.run(Thread.java:1474)
2026-05-27 21:38:51 [pool-2-thread-1] INFO  c.uet.server.database.DBConnection - Connected to database!
2026-05-27 21:38:52 [pool-1-thread-1] INFO  c.uet.server.database.DBConnection - Connected to database!
2026-05-27 21:38:52 [pool-1-thread-1] WARN  c.uet.server.database.dao.AuctionDAO - ⚠️ Không thể đọc file ảnh sản phẩm từ path: file://D:\root\uploads/products/U004_790b493e-9a1b-453f-b9eb-1cc5ff5dbb41.png, lỗi: Illegal char <:> at index 3: /D:\root\uploads/products/U004_790b493e-9a1b-453f-b9eb-1cc5ff5dbb41.png
2026-05-27 21:38:52 [pool-1-thread-1] INFO  c.uet.server.network.ClientManager - Không có client nào đang xem auction: 5005875428
2026-05-27 21:38:54 [pool-1-thread-1] INFO  c.uet.server.database.DBConnection - Connected to database!
2026-05-27 21:38:54 [pool-1-thread-1] WARN  c.uet.server.database.dao.AuctionDAO - ⚠️ Không thể đọc file ảnh sản phẩm từ path: file://D:\root\uploads/products/U004_790b493e-9a1b-453f-b9eb-1cc5ff5dbb41.png, lỗi: Illegal char <:> at index 3: /D:\root\uploads/products/U004_790b493e-9a1b-453f-b9eb-1cc5ff5dbb41.png
2026-05-27 21:38:54 [pool-1-thread-1] INFO  c.uet.server.network.ClientManager - Không có client nào đang xem auction: 5005875428
2026-05-27 21:38:55 [pool-1-thread-1] INFO  c.uet.server.database.DBConnection - Connected to database!
2026-05-27 21:38:55 [pool-1-thread-1] WARN  c.uet.server.database.dao.AuctionDAO - ⚠️ Không thể đọc file ảnh sản phẩm từ path: file://D:\root\uploads/products/U004_790b493e-9a1b-453f-b9eb-1cc5ff5dbb41.png, lỗi: Illegal char <:> at index 3: /D:\root\uploads/products/U004_790b493e-9a1b-453f-b9eb-1cc5ff5dbb41.png
2026-05-27 21:38:55 [pool-1-thread-1] INFO  c.uet.server.network.ClientManager - Không có client nào đang xem auction: 5005875428
2026-05-27 21:38:56 [pool-2-thread-1] INFO  c.uet.server.database.DBConnection - Connected to database!
2026-05-27 21:38:56 [pool-2-thread-1] INFO  c.uet.server.database.DBConnection - Connected to database!
2026-05-27 21:38:57 [pool-1-thread-1] INFO  c.uet.server.database.DBConnection - Connected to database!
2026-05-27 21:38:57 [pool-1-thread-1] WARN  c.uet.server.database.dao.AuctionDAO - ⚠️ Không thể đọc file ảnh sản phẩm từ path: file://D:\root\uploads/products/U004_790b493e-9a1b-453f-b9eb-1cc5ff5dbb41.png, lỗi: Illegal char <:> at index 3: /D:\root\uploads/products/U004_790b493e-9a1b-453f-b9eb-1cc5ff5dbb41.png
2026-05-27 21:38:57 [pool-1-thread-1] INFO  c.uet.server.network.ClientManager - Không có client nào đang xem auction: 5005875428
2026-05-27 21:38:58 [pool-1-thread-1] INFO  c.uet.server.database.DBConnection - Connected to database!
2026-05-27 21:38:58 [pool-1-thread-1] WARN  c.uet.server.database.dao.AuctionDAO - ⚠️ Không thể đọc file ảnh sản phẩm từ path: file://D:\root\uploads/products/U004_790b493e-9a1b-453f-b9eb-1cc5ff5dbb41.png, lỗi: Illegal char <:> at index 3: /D:\root\uploads/products/U004_790b493e-9a1b-453f-b9eb-1cc5ff5dbb41.png
2026-05-27 21:38:58 [pool-1-thread-1] INFO  c.uet.server.network.ClientManager - Không có client nào đang xem auction: 5005875428
2026-05-27 21:39:00 [pool-1-thread-1] INFO  c.uet.server.database.DBConnection - Connected to database!
2026-05-27 21:39:00 [pool-1-thread-1] WARN  c.uet.server.database.dao.AuctionDAO - ⚠️ Không thể đọc file ảnh sản phẩm từ path: file://D:\root\uploads/products/U004_790b493e-9a1b-453f-b9eb-1cc5ff5dbb41.png, lỗi: Illegal char <:> at index 3: /D:\root\uploads/products/U004_790b493e-9a1b-453f-b9eb-1cc5ff5dbb41.png
2026-05-27 21:39:00 [pool-1-thread-1] INFO  c.uet.server.network.ClientManager - Không có client nào đang xem auction: 5005875428
2026-05-27 21:39:01 [pool-2-thread-1] INFO  c.uet.server.database.DBConnection - Connected to database!
2026-05-27 21:39:01 [pool-2-thread-1] INFO  c.uet.server.database.DBConnection - Connected to database!
2026-05-27 21:39:01 [pool-1-thread-1] INFO  c.uet.server.database.DBConnection - Connected to database!
2026-05-27 21:39:01 [pool-1-thread-1] WARN  c.uet.server.database.dao.AuctionDAO - ⚠️ Không thể đọc file ảnh sản phẩm từ path: file://D:\root\uploads/products/U004_790b493e-9a1b-453f-b9eb-1cc5ff5dbb41.png, lỗi: Illegal char <:> at index 3: /D:\root\uploads/products/U004_790b493e-9a1b-453f-b9eb-1cc5ff5dbb41.png
2026-05-27 21:39:01 [pool-1-thread-1] INFO  c.uet.server.network.ClientManager - Không có client nào đang xem auction: 5005875428
2026-05-27 21:39:03 [pool-1-thread-1] INFO  c.uet.server.database.DBConnection - Connected to database!
2026-05-27 21:39:03 [pool-1-thread-1] WARN  c.uet.server.database.dao.AuctionDAO - ⚠️ Không thể đọc file ảnh sản phẩm từ path: file://D:\root\uploads/products/U004_790b493e-9a1b-453f-b9eb-1cc5ff5dbb41.png, lỗi: Illegal char <:> at index 3: /D:\root\uploads/products/U004_790b493e-9a1b-453f-b9eb-1cc5ff5dbb41.png
2026-05-27 21:39:03 [pool-1-thread-1] INFO  c.uet.server.network.ClientManager - Không có client nào đang xem auction: 5005875428
2026-05-27 21:39:04 [pool-1-thread-1] INFO  c.uet.server.database.DBConnection - Connected to database!
2026-05-27 21:39:04 [pool-1-thread-1] WARN  c.uet.server.database.dao.AuctionDAO - ⚠️ Không thể đọc file ảnh sản phẩm từ path: file://D:\root\uploads/products/U004_790b493e-9a1b-453f-b9eb-1cc5ff5dbb41.png, lỗi: Illegal char <:> at index 3: /D:\root\uploads/products/U004_790b493e-9a1b-453f-b9eb-1cc5ff5dbb41.png
2026-05-27 21:39:04 [pool-1-thread-1] INFO  c.uet.server.network.ClientManager - Không có client nào đang xem auction: 5005875428
2026-05-27 21:39:06 [pool-1-thread-1] INFO  c.uet.server.database.DBConnection - Connected to database!
2026-05-27 21:39:06 [pool-1-thread-1] ERROR c.uet.server.database.dao.AuctionDAO - Lỗi khi lấy chi tiết đấu giá từ Database: 
java.lang.NullPointerException: Cannot invoke "com.mysql.cj.protocol.ColumnDefinition.getFields()" because "this.columnDefinition" is null
	at com.mysql.cj.jdbc.result.ResultSetImpl.checkColumnBounds(ResultSetImpl.java:508)
	at com.mysql.cj.jdbc.result.ResultSetImpl.getString(ResultSetImpl.java:879)
	at com.mysql.cj.jdbc.result.ResultSetImpl.getString(ResultSetImpl.java:896)
	at com.uet.server.database.dao.AuctionDAO.mapAuctionItem(AuctionDAO.java:107)
	at com.uet.server.database.dao.AuctionDAO.getAuctionById(AuctionDAO.java:93)
	at com.uet.server.service.AuctionBroadcastService.lambda$start$0(AuctionBroadcastService.java:25)
	at java.base/java.util.concurrent.Executors$RunnableAdapter.call(Executors.java:545)
	at java.base/java.util.concurrent.FutureTask.runAndReset(FutureTask.java:369)
	at java.base/java.util.concurrent.ScheduledThreadPoolExecutor$ScheduledFutureTask.run(ScheduledThreadPoolExecutor.java:310)
	at java.base/java.util.concurrent.ThreadPoolExecutor.runWorker(ThreadPoolExecutor.java:1090)
	at java.base/java.util.concurrent.ThreadPoolExecutor$Worker.run(ThreadPoolExecutor.java:614)
	at java.base/java.lang.Thread.run(Thread.java:1474)
2026-05-27 21:39:06 [pool-2-thread-1] INFO  c.uet.server.database.DBConnection - Connected to database!
2026-05-27 21:39:07 [pool-1-thread-1] INFO  c.uet.server.database.DBConnection - Connected to database!
2026-05-27 21:39:07 [pool-1-thread-1] WARN  c.uet.server.database.dao.AuctionDAO - ⚠️ Không thể đọc file ảnh sản phẩm từ path: file://D:\root\uploads/products/U004_790b493e-9a1b-453f-b9eb-1cc5ff5dbb41.png, lỗi: Illegal char <:> at index 3: /D:\root\uploads/products/U004_790b493e-9a1b-453f-b9eb-1cc5ff5dbb41.png
2026-05-27 21:39:07 [pool-1-thread-1] INFO  c.uet.server.network.ClientManager - Không có client nào đang xem auction: 5005875428
2026-05-27 21:39:09 [pool-1-thread-1] INFO  c.uet.server.database.DBConnection - Connected to database!
2026-05-27 21:39:09 [pool-1-thread-1] WARN  c.uet.server.database.dao.AuctionDAO - ⚠️ Không thể đọc file ảnh sản phẩm từ path: file://D:\root\uploads/products/U004_790b493e-9a1b-453f-b9eb-1cc5ff5dbb41.png, lỗi: Illegal char <:> at index 3: /D:\root\uploads/products/U004_790b493e-9a1b-453f-b9eb-1cc5ff5dbb41.png
2026-05-27 21:39:09 [pool-1-thread-1] INFO  c.uet.server.network.ClientManager - Không có client nào đang xem auction: 5005875428
2026-05-27 21:39:10 [pool-1-thread-1] INFO  c.uet.server.database.DBConnection - Connected to database!
2026-05-27 21:39:10 [pool-1-thread-1] WARN  c.uet.server.database.dao.AuctionDAO - ⚠️ Không thể đọc file ảnh sản phẩm từ path: file://D:\root\uploads/products/U004_790b493e-9a1b-453f-b9eb-1cc5ff5dbb41.png, lỗi: Illegal char <:> at index 3: /D:\root\uploads/products/U004_790b493e-9a1b-453f-b9eb-1cc5ff5dbb41.png
2026-05-27 21:39:10 [pool-1-thread-1] INFO  c.uet.server.network.ClientManager - Không có client nào đang xem auction: 5005875428
2026-05-27 21:39:11 [pool-2-thread-1] INFO  c.uet.server.database.DBConnection - Connected to database!
2026-05-27 21:39:11 [pool-2-thread-1] INFO  c.uet.server.database.DBConnection - Connected to database!
2026-05-27 21:39:12 [pool-1-thread-1] INFO  c.uet.server.database.DBConnection - Connected to database!
2026-05-27 21:39:12 [pool-1-thread-1] WARN  c.uet.server.database.dao.AuctionDAO - ⚠️ Không thể đọc file ảnh sản phẩm từ path: file://D:\root\uploads/products/U004_790b493e-9a1b-453f-b9eb-1cc5ff5dbb41.png, lỗi: Illegal char <:> at index 3: /D:\root\uploads/products/U004_790b493e-9a1b-453f-b9eb-1cc5ff5dbb41.png
2026-05-27 21:39:12 [pool-1-thread-1] INFO  c.uet.server.network.ClientManager - Không có client nào đang xem auction: 5005875428
2026-05-27 21:39:13 [pool-1-thread-1] INFO  c.uet.server.database.DBConnection - Connected to database!
2026-05-27 21:39:13 [pool-1-thread-1] WARN  c.uet.server.database.dao.AuctionDAO - ⚠️ Không thể đọc file ảnh sản phẩm từ path: file://D:\root\uploads/products/U004_790b493e-9a1b-453f-b9eb-1cc5ff5dbb41.png, lỗi: Illegal char <:> at index 3: /D:\root\uploads/products/U004_790b493e-9a1b-453f-b9eb-1cc5ff5dbb41.png
2026-05-27 21:39:13 [pool-1-thread-1] INFO  c.uet.server.network.ClientManager - Không có client nào đang xem auction: 5005875428
2026-05-27 21:39:15 [pool-1-thread-1] INFO  c.uet.server.database.DBConnection - Connected to database!
2026-05-27 21:39:15 [pool-1-thread-1] WARN  c.uet.server.database.dao.AuctionDAO - ⚠️ Không thể đọc file ảnh sản phẩm từ path: file://D:\root\uploads/products/U004_790b493e-9a1b-453f-b9eb-1cc5ff5dbb41.png, lỗi: Illegal char <:> at index 3: /D:\root\uploads/products/U004_790b493e-9a1b-453f-b9eb-1cc5ff5dbb41.png
2026-05-27 21:39:15 [pool-1-thread-1] INFO  c.uet.server.network.ClientManager - Không có client nào đang xem auction: 5005875428
2026-05-27 21:39:16 [pool-2-thread-1] INFO  c.uet.server.database.DBConnection - Connected to database!
2026-05-27 21:39:16 [pool-2-thread-1] INFO  c.uet.server.database.DBConnection - Connected to database!
2026-05-27 21:39:16 [main] INFO  com.uet.server.network.ServerMain - --- CÓ 1 CLIENT VỪA KẾT NỐI! ---
2026-05-27 21:39:16 [Thread-1] INFO  c.u.s.s.ClientRequestDispatcher - Đang đăng nhập: nam2
2026-05-27 21:39:16 [Thread-1] INFO  c.uet.server.database.DBConnection - Connected to database!
2026-05-27 21:39:16 [Thread-1] WARN  com.uet.server.database.dao.UserDAO - UserDAO: file not found: \root\uploads\avatars\U004_ac246ee9-e058-4608-aaab-704a6d7f6078.png
2026-05-27 21:39:16 [Thread-1] INFO  c.uet.server.database.DBConnection - Connected to database!
2026-05-27 21:39:16 [Thread-1] WARN  c.uet.server.database.dao.AuctionDAO - ⚠️ Không thể đọc file ảnh sản phẩm từ path: file://D:\root\uploads/products/U004_790b493e-9a1b-453f-b9eb-1cc5ff5dbb41.png, lỗi: Illegal char <:> at index 3: /D:\root\uploads/products/U004_790b493e-9a1b-453f-b9eb-1cc5ff5dbb41.png
2026-05-27 21:39:16 [pool-1-thread-1] INFO  c.uet.server.database.DBConnection - Connected to database!
2026-05-27 21:39:16 [pool-1-thread-1] WARN  c.uet.server.database.dao.AuctionDAO - ⚠️ Không thể đọc file ảnh sản phẩm từ path: file://D:\root\uploads/products/U004_790b493e-9a1b-453f-b9eb-1cc5ff5dbb41.png, lỗi: Illegal char <:> at index 3: /D:\root\uploads/products/U004_790b493e-9a1b-453f-b9eb-1cc5ff5dbb41.png
2026-05-27 21:39:16 [pool-1-thread-1] INFO  c.uet.server.network.ClientManager - Không có client nào đang xem auction: 5005875428
2026-05-27 21:39:18 [pool-1-thread-1] INFO  c.uet.server.database.DBConnection - Connected to database!
2026-05-27 21:39:18 [pool-1-thread-1] WARN  c.uet.server.database.dao.AuctionDAO - ⚠️ Không thể đọc file ảnh sản phẩm từ path: file://D:\root\uploads/products/U004_790b493e-9a1b-453f-b9eb-1cc5ff5dbb41.png, lỗi: Illegal char <:> at index 3: /D:\root\uploads/products/U004_790b493e-9a1b-453f-b9eb-1cc5ff5dbb41.png
2026-05-27 21:39:18 [pool-1-thread-1] INFO  c.uet.server.network.ClientManager - Không có client nào đang xem auction: 5005875428
2026-05-27 21:39:19 [pool-1-thread-1] INFO  c.uet.server.database.DBConnection - Connected to database!
2026-05-27 21:39:19 [pool-1-thread-1] WARN  c.uet.server.database.dao.AuctionDAO - ⚠️ Không thể đọc file ảnh sản phẩm từ path: file://D:\root\uploads/products/U004_790b493e-9a1b-453f-b9eb-1cc5ff5dbb41.png, lỗi: Illegal char <:> at index 3: /D:\root\uploads/products/U004_790b493e-9a1b-453f-b9eb-1cc5ff5dbb41.png
2026-05-27 21:39:19 [pool-1-thread-1] INFO  c.uet.server.network.ClientManager - Không có client nào đang xem auction: 5005875428
2026-05-27 21:39:21 [pool-1-thread-1] INFO  c.uet.server.database.DBConnection - Connected to database!
2026-05-27 21:39:21 [pool-2-thread-1] INFO  c.uet.server.database.DBConnection - Connected to database!
2026-05-27 21:39:21 [pool-1-thread-1] ERROR c.uet.server.database.dao.AuctionDAO - Lỗi khi lấy chi tiết đấu giá từ Database: 
java.lang.NullPointerException: Cannot invoke "com.mysql.cj.protocol.ColumnDefinition.findColumn(String, boolean, int)" because "this.columnDefinition" is null
	at com.mysql.cj.jdbc.result.ResultSetImpl.findColumn(ResultSetImpl.java:581)
	at com.mysql.cj.jdbc.result.ResultSetImpl.getString(ResultSetImpl.java:896)
	at com.uet.server.database.dao.AuctionDAO.mapAuctionItem(AuctionDAO.java:110)
	at com.uet.server.database.dao.AuctionDAO.getAuctionById(AuctionDAO.java:93)
	at com.uet.server.service.AuctionBroadcastService.lambda$start$0(AuctionBroadcastService.java:25)
	at java.base/java.util.concurrent.Executors$RunnableAdapter.call(Executors.java:545)
	at java.base/java.util.concurrent.FutureTask.runAndReset(FutureTask.java:369)
	at java.base/java.util.concurrent.ScheduledThreadPoolExecutor$ScheduledFutureTask.run(ScheduledThreadPoolExecutor.java:310)
	at java.base/java.util.concurrent.ThreadPoolExecutor.runWorker(ThreadPoolExecutor.java:1090)
	at java.base/java.util.concurrent.ThreadPoolExecutor$Worker.run(ThreadPoolExecutor.java:614)
	at java.base/java.lang.Thread.run(Thread.java:1474)
2026-05-27 21:39:21 [pool-2-thread-1] INFO  c.uet.server.database.DBConnection - Connected to database!
2026-05-27 21:39:22 [pool-1-thread-1] INFO  c.uet.server.database.DBConnection - Connected to database!
2026-05-27 21:39:22 [pool-1-thread-1] WARN  c.uet.server.database.dao.AuctionDAO - ⚠️ Không thể đọc file ảnh sản phẩm từ path: file://D:\root\uploads/products/U004_790b493e-9a1b-453f-b9eb-1cc5ff5dbb41.png, lỗi: Illegal char <:> at index 3: /D:\root\uploads/products/U004_790b493e-9a1b-453f-b9eb-1cc5ff5dbb41.png
2026-05-27 21:39:22 [pool-1-thread-1] INFO  c.uet.server.network.ClientManager - Không có client nào đang xem auction: 5005875428
2026-05-27 21:39:24 [pool-1-thread-1] INFO  c.uet.server.database.DBConnection - Connected to database!
2026-05-27 21:39:24 [pool-1-thread-1] WARN  c.uet.server.database.dao.AuctionDAO - ⚠️ Không thể đọc file ảnh sản phẩm từ path: file://D:\root\uploads/products/U004_790b493e-9a1b-453f-b9eb-1cc5ff5dbb41.png, lỗi: Illegal char <:> at index 3: /D:\root\uploads/products/U004_790b493e-9a1b-453f-b9eb-1cc5ff5dbb41.png
2026-05-27 21:39:24 [pool-1-thread-1] INFO  c.uet.server.network.ClientManager - Không có client nào đang xem auction: 5005875428
2026-05-27 21:39:25 [pool-1-thread-1] INFO  c.uet.server.database.DBConnection - Connected to database!
2026-05-27 21:39:25 [pool-1-thread-1] WARN  c.uet.server.database.dao.AuctionDAO - ⚠️ Không thể đọc file ảnh sản phẩm từ path: file://D:\root\uploads/products/U004_790b493e-9a1b-453f-b9eb-1cc5ff5dbb41.png, lỗi: Illegal char <:> at index 3: /D:\root\uploads/products/U004_790b493e-9a1b-453f-b9eb-1cc5ff5dbb41.png
2026-05-27 21:39:25 [pool-1-thread-1] INFO  c.uet.server.network.ClientManager - Không có client nào đang xem auction: 5005875428
2026-05-27 21:39:26 [pool-2-thread-1] INFO  c.uet.server.database.DBConnection - Connected to database!
2026-05-27 21:39:26 [pool-2-thread-1] INFO  c.uet.server.database.DBConnection - Connected to database!
2026-05-27 21:39:27 [pool-1-thread-1] INFO  c.uet.server.database.DBConnection - Connected to database!
2026-05-27 21:39:27 [pool-1-thread-1] WARN  c.uet.server.database.dao.AuctionDAO - ⚠️ Không thể đọc file ảnh sản phẩm từ path: file://D:\root\uploads/products/U004_790b493e-9a1b-453f-b9eb-1cc5ff5dbb41.png, lỗi: Illegal char <:> at index 3: /D:\root\uploads/products/U004_790b493e-9a1b-453f-b9eb-1cc5ff5dbb41.png
2026-05-27 21:39:27 [pool-1-thread-1] INFO  c.uet.server.network.ClientManager - Không có client nào đang xem auction: 5005875428
2026-05-27 21:39:28 [pool-1-thread-1] INFO  c.uet.server.database.DBConnection - Connected to database!
2026-05-27 21:39:28 [pool-1-thread-1] WARN  c.uet.server.database.dao.AuctionDAO - ⚠️ Không thể đọc file ảnh sản phẩm từ path: file://D:\root\uploads/products/U004_790b493e-9a1b-453f-b9eb-1cc5ff5dbb41.png, lỗi: Illegal char <:> at index 3: /D:\root\uploads/products/U004_790b493e-9a1b-453f-b9eb-1cc5ff5dbb41.png
2026-05-27 21:39:28 [pool-1-thread-1] INFO  c.uet.server.network.ClientManager - Không có client nào đang xem auction: 5005875428
2026-05-27 21:39:30 [pool-1-thread-1] INFO  c.uet.server.database.DBConnection - Connected to database!
2026-05-27 21:39:30 [pool-1-thread-1] WARN  c.uet.server.database.dao.AuctionDAO - ⚠️ Không thể đọc file ảnh sản phẩm từ path: file://D:\root\uploads/products/U004_790b493e-9a1b-453f-b9eb-1cc5ff5dbb41.png, lỗi: Illegal char <:> at index 3: /D:\root\uploads/products/U004_790b493e-9a1b-453f-b9eb-1cc5ff5dbb41.png
2026-05-27 21:39:30 [pool-1-thread-1] INFO  c.uet.server.network.ClientManager - Không có client nào đang xem auction: 5005875428
2026-05-27 21:39:31 [pool-2-thread-1] INFO  c.uet.server.database.DBConnection - Connected to database!
2026-05-27 21:39:31 [pool-2-thread-1] INFO  c.uet.server.database.DBConnection - Connected to database!
2026-05-27 21:39:31 [pool-1-thread-1] INFO  c.uet.server.database.DBConnection - Connected to database!
2026-05-27 21:39:31 [pool-1-thread-1] WARN  c.uet.server.database.dao.AuctionDAO - ⚠️ Không thể đọc file ảnh sản phẩm từ path: file://D:\root\uploads/products/U004_790b493e-9a1b-453f-b9eb-1cc5ff5dbb41.png, lỗi: Illegal char <:> at index 3: /D:\root\uploads/products/U004_790b493e-9a1b-453f-b9eb-1cc5ff5dbb41.png
2026-05-27 21:39:31 [pool-1-thread-1] INFO  c.uet.server.network.ClientManager - Không có client nào đang xem auction: 5005875428
2026-05-27 21:39:33 [pool-1-thread-1] INFO  c.uet.server.database.DBConnection - Connected to database!
2026-05-27 21:39:33 [pool-1-thread-1] WARN  c.uet.server.database.dao.AuctionDAO - ⚠️ Không thể đọc file ảnh sản phẩm từ path: file://D:\root\uploads/products/U004_790b493e-9a1b-453f-b9eb-1cc5ff5dbb41.png, lỗi: Illegal char <:> at index 3: /D:\root\uploads/products/U004_790b493e-9a1b-453f-b9eb-1cc5ff5dbb41.png
2026-05-27 21:39:33 [pool-1-thread-1] INFO  c.uet.server.network.ClientManager - Không có client nào đang xem auction: 5005875428
2026-05-27 21:39:34 [pool-1-thread-1] INFO  c.uet.server.database.DBConnection - Connected to database!
2026-05-27 21:39:34 [pool-1-thread-1] WARN  c.uet.server.database.dao.AuctionDAO - ⚠️ Không thể đọc file ảnh sản phẩm từ path: file://D:\root\uploads/products/U004_790b493e-9a1b-453f-b9eb-1cc5ff5dbb41.png, lỗi: Illegal char <:> at index 3: /D:\root\uploads/products/U004_790b493e-9a1b-453f-b9eb-1cc5ff5dbb41.png
2026-05-27 21:39:34 [pool-1-thread-1] INFO  c.uet.server.network.ClientManager - Không có client nào đang xem auction: 5005875428
2026-05-27 21:39:36 [pool-1-thread-1] INFO  c.uet.server.database.DBConnection - Connected to database!
2026-05-27 21:39:36 [pool-2-thread-1] INFO  c.uet.server.database.DBConnection - Connected to database!
2026-05-27 21:39:36 [pool-1-thread-1] ERROR c.uet.server.database.dao.AuctionDAO - Lỗi khi lấy chi tiết đấu giá từ Database: 
java.lang.NullPointerException: Cannot invoke "com.mysql.cj.protocol.ColumnDefinition.findColumn(String, boolean, int)" because "this.columnDefinition" is null
	at com.mysql.cj.jdbc.result.ResultSetImpl.findColumn(ResultSetImpl.java:581)
	at com.mysql.cj.jdbc.result.ResultSetImpl.getString(ResultSetImpl.java:896)
	at com.uet.server.database.dao.AuctionDAO.mapAuctionItem(AuctionDAO.java:107)
	at com.uet.server.database.dao.AuctionDAO.getAuctionById(AuctionDAO.java:93)
	at com.uet.server.service.AuctionBroadcastService.lambda$start$0(AuctionBroadcastService.java:25)
	at java.base/java.util.concurrent.Executors$RunnableAdapter.call(Executors.java:545)
	at java.base/java.util.concurrent.FutureTask.runAndReset(FutureTask.java:369)
	at java.base/java.util.concurrent.ScheduledThreadPoolExecutor$ScheduledFutureTask.run(ScheduledThreadPoolExecutor.java:310)
	at java.base/java.util.concurrent.ThreadPoolExecutor.runWorker(ThreadPoolExecutor.java:1090)
	at java.base/java.util.concurrent.ThreadPoolExecutor$Worker.run(ThreadPoolExecutor.java:614)
	at java.base/java.lang.Thread.run(Thread.java:1474)
2026-05-27 21:39:36 [pool-2-thread-1] INFO  c.uet.server.database.DBConnection - Connected to database!
2026-05-27 21:39:37 [pool-1-thread-1] INFO  c.uet.server.database.DBConnection - Connected to database!
2026-05-27 21:39:37 [pool-1-thread-1] WARN  c.uet.server.database.dao.AuctionDAO - ⚠️ Không thể đọc file ảnh sản phẩm từ path: file://D:\root\uploads/products/U004_790b493e-9a1b-453f-b9eb-1cc5ff5dbb41.png, lỗi: Illegal char <:> at index 3: /D:\root\uploads/products/U004_790b493e-9a1b-453f-b9eb-1cc5ff5dbb41.png
2026-05-27 21:39:37 [pool-1-thread-1] INFO  c.uet.server.network.ClientManager - Không có client nào đang xem auction: 5005875428
2026-05-27 21:39:39 [pool-1-thread-1] INFO  c.uet.server.database.DBConnection - Connected to database!
2026-05-27 21:39:39 [pool-1-thread-1] WARN  c.uet.server.database.dao.AuctionDAO - ⚠️ Không thể đọc file ảnh sản phẩm từ path: file://D:\root\uploads/products/U004_790b493e-9a1b-453f-b9eb-1cc5ff5dbb41.png, lỗi: Illegal char <:> at index 3: /D:\root\uploads/products/U004_790b493e-9a1b-453f-b9eb-1cc5ff5dbb41.png
2026-05-27 21:39:39 [pool-1-thread-1] INFO  c.uet.server.network.ClientManager - Không có client nào đang xem auction: 5005875428
2026-05-27 21:39:40 [pool-1-thread-1] INFO  c.uet.server.database.DBConnection - Connected to database!
2026-05-27 21:39:40 [pool-1-thread-1] WARN  c.uet.server.database.dao.AuctionDAO - ⚠️ Không thể đọc file ảnh sản phẩm từ path: file://D:\root\uploads/products/U004_790b493e-9a1b-453f-b9eb-1cc5ff5dbb41.png, lỗi: Illegal char <:> at index 3: /D:\root\uploads/products/U004_790b493e-9a1b-453f-b9eb-1cc5ff5dbb41.png
2026-05-27 21:39:40 [pool-1-thread-1] INFO  c.uet.server.network.ClientManager - Không có client nào đang xem auction: 5005875428
2026-05-27 21:39:41 [Thread-1] INFO  c.uet.server.network.ClientManager - Client joined auction: 5005875428
2026-05-27 21:39:41 [Thread-1] INFO  c.uet.server.database.DBConnection - Connected to database!
2026-05-27 21:39:41 [Thread-1] WARN  c.uet.server.database.dao.AuctionDAO - ⚠️ Không thể đọc file ảnh sản phẩm từ path: file://D:\root\uploads/products/U004_790b493e-9a1b-453f-b9eb-1cc5ff5dbb41.png, lỗi: Illegal char <:> at index 3: /D:\root\uploads/products/U004_790b493e-9a1b-453f-b9eb-1cc5ff5dbb41.png
2026-05-27 21:39:41 [Thread-1] INFO  c.uet.server.database.DBConnection - Connected to database!
2026-05-27 21:39:41 [Thread-1] INFO  c.uet.server.database.DBConnection - Connected to database!
2026-05-27 21:39:41 [pool-2-thread-1] INFO  c.uet.server.database.DBConnection - Connected to database!
2026-05-27 21:39:41 [pool-2-thread-1] INFO  c.uet.server.database.DBConnection - Connected to database!
2026-05-27 21:39:42 [pool-1-thread-1] INFO  c.uet.server.database.DBConnection - Connected to database!
2026-05-27 21:39:42 [pool-1-thread-1] WARN  c.uet.server.database.dao.AuctionDAO - ⚠️ Không thể đọc file ảnh sản phẩm từ path: file://D:\root\uploads/products/U004_790b493e-9a1b-453f-b9eb-1cc5ff5dbb41.png, lỗi: Illegal char <:> at index 3: /D:\root\uploads/products/U004_790b493e-9a1b-453f-b9eb-1cc5ff5dbb41.png
2026-05-27 21:39:42 [pool-1-thread-1] INFO  c.uet.server.network.ClientManager - Gửi cập nhật ngay cho 1 client đang xem auction: 5005875428
2026-05-27 21:39:43 [pool-1-thread-1] INFO  c.uet.server.database.DBConnection - Connected to database!
2026-05-27 21:39:43 [pool-1-thread-1] WARN  c.uet.server.database.dao.AuctionDAO - ⚠️ Không thể đọc file ảnh sản phẩm từ path: file://D:\root\uploads/products/U004_790b493e-9a1b-453f-b9eb-1cc5ff5dbb41.png, lỗi: Illegal char <:> at index 3: /D:\root\uploads/products/U004_790b493e-9a1b-453f-b9eb-1cc5ff5dbb41.png
2026-05-27 21:39:43 [pool-1-thread-1] INFO  c.uet.server.network.ClientManager - Gửi cập nhật ngay cho 1 client đang xem auction: 5005875428
2026-05-27 21:39:45 [pool-1-thread-1] INFO  c.uet.server.database.DBConnection - Connected to database!
2026-05-27 21:39:45 [pool-1-thread-1] WARN  c.uet.server.database.dao.AuctionDAO - ⚠️ Không thể đọc file ảnh sản phẩm từ path: file://D:\root\uploads/products/U004_790b493e-9a1b-453f-b9eb-1cc5ff5dbb41.png, lỗi: Illegal char <:> at index 3: /D:\root\uploads/products/U004_790b493e-9a1b-453f-b9eb-1cc5ff5dbb41.png
2026-05-27 21:39:45 [pool-1-thread-1] INFO  c.uet.server.network.ClientManager - Gửi cập nhật ngay cho 1 client đang xem auction: 5005875428
2026-05-27 21:39:46 [pool-2-thread-1] INFO  c.uet.server.database.DBConnection - Connected to database!
2026-05-27 21:39:46 [pool-2-thread-1] INFO  c.uet.server.database.DBConnection - Connected to database!
2026-05-27 21:39:46 [pool-1-thread-1] INFO  c.uet.server.database.DBConnection - Connected to database!
2026-05-27 21:39:46 [pool-1-thread-1] WARN  c.uet.server.database.dao.AuctionDAO - ⚠️ Không thể đọc file ảnh sản phẩm từ path: file://D:\root\uploads/products/U004_790b493e-9a1b-453f-b9eb-1cc5ff5dbb41.png, lỗi: Illegal char <:> at index 3: /D:\root\uploads/products/U004_790b493e-9a1b-453f-b9eb-1cc5ff5dbb41.png
2026-05-27 21:39:46 [pool-1-thread-1] INFO  c.uet.server.network.ClientManager - Gửi cập nhật ngay cho 1 client đang xem auction: 5005875428
2026-05-27 21:39:48 [pool-1-thread-1] INFO  c.uet.server.database.DBConnection - Connected to database!
2026-05-27 21:39:48 [pool-1-thread-1] WARN  c.uet.server.database.dao.AuctionDAO - ⚠️ Không thể đọc file ảnh sản phẩm từ path: file://D:\root\uploads/products/U004_790b493e-9a1b-453f-b9eb-1cc5ff5dbb41.png, lỗi: Illegal char <:> at index 3: /D:\root\uploads/products/U004_790b493e-9a1b-453f-b9eb-1cc5ff5dbb41.png
2026-05-27 21:39:48 [pool-1-thread-1] INFO  c.uet.server.network.ClientManager - Gửi cập nhật ngay cho 1 client đang xem auction: 5005875428
2026-05-27 21:39:49 [pool-1-thread-1] INFO  c.uet.server.database.DBConnection - Connected to database!
2026-05-27 21:39:49 [pool-1-thread-1] WARN  c.uet.server.database.dao.AuctionDAO - ⚠️ Không thể đọc file ảnh sản phẩm từ path: file://D:\root\uploads/products/U004_790b493e-9a1b-453f-b9eb-1cc5ff5dbb41.png, lỗi: Illegal char <:> at index 3: /D:\root\uploads/products/U004_790b493e-9a1b-453f-b9eb-1cc5ff5dbb41.png
2026-05-27 21:39:49 [pool-1-thread-1] INFO  c.uet.server.network.ClientManager - Gửi cập nhật ngay cho 1 client đang xem auction: 5005875428
2026-05-27 21:39:51 [pool-1-thread-1] INFO  c.uet.server.database.DBConnection - Connected to database!
2026-05-27 21:39:51 [pool-1-thread-1] WARN  c.uet.server.database.dao.AuctionDAO - ⚠️ Không thể đọc file ảnh sản phẩm từ path: file://D:\root\uploads/products/U004_790b493e-9a1b-453f-b9eb-1cc5ff5dbb41.png, lỗi: Illegal char <:> at index 3: /D:\root\uploads/products/U004_790b493e-9a1b-453f-b9eb-1cc5ff5dbb41.png
2026-05-27 21:39:51 [pool-1-thread-1] INFO  c.uet.server.network.ClientManager - Gửi cập nhật ngay cho 1 client đang xem auction: 5005875428
2026-05-27 21:39:51 [pool-2-thread-1] INFO  c.uet.server.database.DBConnection - Connected to database!
2026-05-27 21:39:51 [pool-2-thread-1] INFO  c.uet.server.database.DBConnection - Connected to database!
2026-05-27 21:39:52 [pool-1-thread-1] INFO  c.uet.server.database.DBConnection - Connected to database!
2026-05-27 21:39:52 [pool-1-thread-1] WARN  c.uet.server.database.dao.AuctionDAO - ⚠️ Không thể đọc file ảnh sản phẩm từ path: file://D:\root\uploads/products/U004_790b493e-9a1b-453f-b9eb-1cc5ff5dbb41.png, lỗi: Illegal char <:> at index 3: /D:\root\uploads/products/U004_790b493e-9a1b-453f-b9eb-1cc5ff5dbb41.png
2026-05-27 21:39:52 [pool-1-thread-1] INFO  c.uet.server.network.ClientManager - Gửi cập nhật ngay cho 1 client đang xem auction: 5005875428
2026-05-27 21:39:54 [pool-1-thread-1] INFO  c.uet.server.database.DBConnection - Connected to database!
2026-05-27 21:39:54 [pool-1-thread-1] WARN  c.uet.server.database.dao.AuctionDAO - ⚠️ Không thể đọc file ảnh sản phẩm từ path: file://D:\root\uploads/products/U004_790b493e-9a1b-453f-b9eb-1cc5ff5dbb41.png, lỗi: Illegal char <:> at index 3: /D:\root\uploads/products/U004_790b493e-9a1b-453f-b9eb-1cc5ff5dbb41.png
2026-05-27 21:39:54 [pool-1-thread-1] INFO  c.uet.server.network.ClientManager - Gửi cập nhật ngay cho 1 client đang xem auction: 5005875428
2026-05-27 21:39:55 [pool-1-thread-1] INFO  c.uet.server.database.DBConnection - Connected to database!
2026-05-27 21:39:55 [pool-1-thread-1] WARN  c.uet.server.database.dao.AuctionDAO - ⚠️ Không thể đọc file ảnh sản phẩm từ path: file://D:\root\uploads/products/U004_790b493e-9a1b-453f-b9eb-1cc5ff5dbb41.png, lỗi: Illegal char <:> at index 3: /D:\root\uploads/products/U004_790b493e-9a1b-453f-b9eb-1cc5ff5dbb41.png
2026-05-27 21:39:55 [pool-1-thread-1] INFO  c.uet.server.network.ClientManager - Gửi cập nhật ngay cho 1 client đang xem auction: 5005875428
2026-05-27 21:39:56 [pool-2-thread-1] INFO  c.uet.server.database.DBConnection - Connected to database!
2026-05-27 21:39:56 [pool-2-thread-1] INFO  c.uet.server.database.DBConnection - Connected to database!
2026-05-27 21:39:56 [Thread-1] INFO  c.uet.server.network.ClientManager - Client left auction: 5005875428
2026-05-27 21:39:56 [Thread-1] INFO  c.uet.server.database.DBConnection - Connected to database!
2026-05-27 21:39:56 [Thread-1] WARN  c.uet.server.database.dao.AuctionDAO - ⚠️ Không thể đọc file ảnh sản phẩm từ path: file://D:\root\uploads/products/U004_790b493e-9a1b-453f-b9eb-1cc5ff5dbb41.png, lỗi: Illegal char <:> at index 3: /D:\root\uploads/products/U004_790b493e-9a1b-453f-b9eb-1cc5ff5dbb41.png
2026-05-27 21:40:01 [pool-2-thread-1] INFO  c.uet.server.database.DBConnection - Connected to database!
2026-05-27 21:40:01 [pool-2-thread-1] INFO  c.uet.server.database.DBConnection - Connected to database!
2026-05-27 21:40:06 [pool-2-thread-1] INFO  c.uet.server.database.DBConnection - Connected to database!
2026-05-27 21:40:06 [pool-2-thread-1] INFO  c.uet.server.database.DBConnection - Connected to database!
2026-05-27 21:40:11 [pool-2-thread-1] INFO  c.uet.server.database.DBConnection - Connected to database!
2026-05-27 21:40:11 [pool-2-thread-1] INFO  c.uet.server.database.DBConnection - Connected to database!
2026-05-27 21:40:16 [pool-2-thread-1] INFO  c.uet.server.database.DBConnection - Connected to database!
2026-05-27 21:40:16 [pool-2-thread-1] INFO  c.uet.server.database.DBConnection - Connected to database!
2026-05-27 21:40:16 [Thread-1] INFO  c.uet.server.database.DBConnection - Connected to database!
2026-05-27 21:40:16 [Thread-1] INFO  com.uet.server.database.dao.UserDAO - 🔄 Server đã lưu file mới tại path: file://D:\root\uploads/avatars/U004_267fd1f4-44ac-42b5-86dc-dc18af272024.png
2026-05-27 21:40:16 [Thread-1] INFO  c.uet.server.database.DBConnection - Connected to database!
2026-05-27 21:40:16 [Thread-1] ERROR com.uet.server.database.dao.UserDAO - Lỗi khi đọc file avatar cho User ID: U004
java.nio.file.InvalidPathException: Illegal char <:> at index 3: /D:\root\uploads/avatars/U004_267fd1f4-44ac-42b5-86dc-dc18af272024.png
	at java.base/sun.nio.fs.WindowsPathParser.normalize(WindowsPathParser.java:191)
	at java.base/sun.nio.fs.WindowsPathParser.parse(WindowsPathParser.java:142)
	at java.base/sun.nio.fs.WindowsPathParser.parse(WindowsPathParser.java:46)
	at java.base/sun.nio.fs.WindowsPath.parse(WindowsPath.java:92)
	at java.base/sun.nio.fs.WindowsFileSystem.getPath(WindowsFileSystem.java:203)
	at java.base/java.nio.file.Path.of(Path.java:148)
	at java.base/java.nio.file.Paths.get(Paths.java:69)
	at com.uet.server.database.dao.UserDAO.findUserByUserId(UserDAO.java:410)
	at com.uet.server.database.dao.UserDAO.updateProfile(UserDAO.java:236)
	at com.uet.server.service.ClientRequestDispatcher.handleUpdateProfile(ClientRequestDispatcher.java:171)
	at com.uet.server.service.ClientRequestDispatcher.dispatch(ClientRequestDispatcher.java:98)
	at com.uet.server.network.ClientHandler.listenClientMessages(ClientHandler.java:62)
	at com.uet.server.network.ClientHandler.run(ClientHandler.java:43)
	at java.base/java.lang.Thread.run(Thread.java:1474)
2026-05-27 21:40:19 [Thread-1] INFO  c.uet.server.database.DBConnection - Connected to database!
2026-05-27 21:40:19 [Thread-1] WARN  c.uet.server.database.dao.AuctionDAO - ⚠️ Không thể đọc file ảnh sản phẩm từ path: file://D:\root\uploads/products/U004_790b493e-9a1b-453f-b9eb-1cc5ff5dbb41.png, lỗi: Illegal char <:> at index 3: /D:\root\uploads/products/U004_790b493e-9a1b-453f-b9eb-1cc5ff5dbb41.png
2026-05-27 21:40:21 [pool-2-thread-1] INFO  c.uet.server.database.DBConnection - Connected to database!
2026-05-27 21:40:21 [pool-2-thread-1] INFO  c.uet.server.database.DBConnection - Connected to database!
2026-05-27 21:40:24 [Thread-1] INFO  c.uet.server.network.ClientHandler - Client ngắt kết nối hoặc có lỗi xảy ra: Connection reset
2026-05-27 21:40:24 [Thread-1] INFO  c.uet.server.network.ClientHandler - 🔌 [SERVER] Đã giải phóng hoàn toàn kết nối Socket vật lý.
2026-05-27 21:40:24 [Thread-1] INFO  c.uet.server.network.ClientHandler - 🗑️ [SERVER] Đã Xóa Client khỏi ClientManager thành công.
2026-05-27 21:40:26 [pool-2-thread-1] INFO  c.uet.server.database.DBConnection - Connected to database!
2026-05-27 21:40:26 [pool-2-thread-1] INFO  c.uet.server.database.DBConnection - Connected to database!
2026-05-27 21:40:31 [pool-2-thread-1] INFO  c.uet.server.database.DBConnection - Connected to database!
2026-05-27 21:40:31 [pool-2-thread-1] INFO  c.uet.server.database.DBConnection - Connected to database!
2026-05-27 21:40:36 [pool-2-thread-1] INFO  c.uet.server.database.DBConnection - Connected to database!
2026-05-27 21:40:36 [pool-2-thread-1] INFO  c.uet.server.database.DBConnection - Connected to database!
2026-05-27 21:40:41 [pool-2-thread-1] INFO  c.uet.server.database.DBConnection - Connected to database!
2026-05-27 21:40:41 [pool-2-thread-1] INFO  c.uet.server.database.DBConnection - Connected to database!
2026-05-27 21:40:46 [pool-2-thread-1] INFO  c.uet.server.database.DBConnection - Connected to database!
2026-05-27 21:40:46 [pool-2-thread-1] INFO  c.uet.server.database.DBConnection - Connected to database!
2026-05-27 21:40:51 [pool-2-thread-1] INFO  c.uet.server.database.DBConnection - Connected to database!
2026-05-27 21:40:51 [pool-2-thread-1] INFO  c.uet.server.database.DBConnection - Connected to database!
2026-05-27 21:40:56 [pool-2-thread-1] INFO  c.uet.server.database.DBConnection - Connected to database!
2026-05-27 21:40:56 [pool-2-thread-1] INFO  c.uet.server.database.DBConnection - Connected to database!
2026-05-27 21:41:01 [pool-2-thread-1] INFO  c.uet.server.database.DBConnection - Connected to database!
2026-05-27 21:41:01 [pool-2-thread-1] INFO  c.uet.server.database.DBConnection - Connected to database!
2026-05-27 21:41:06 [pool-2-thread-1] INFO  c.uet.server.database.DBConnection - Connected to database!
2026-05-27 21:41:06 [pool-2-thread-1] INFO  c.uet.server.database.DBConnection - Connected to database!
2026-05-27 21:41:11 [pool-2-thread-1] INFO  c.uet.server.database.DBConnection - Connected to database!
2026-05-27 21:41:11 [pool-2-thread-1] INFO  c.uet.server.database.DBConnection - Connected to database!
2026-05-27 21:41:16 [pool-2-thread-1] INFO  c.uet.server.database.DBConnection - Connected to database!
2026-05-27 21:41:16 [pool-2-thread-1] INFO  c.uet.server.database.DBConnection - Connected to database!
2026-05-27 21:41:21 [pool-2-thread-1] INFO  c.uet.server.database.DBConnection - Connected to database!
2026-05-27 21:41:21 [pool-2-thread-1] INFO  c.uet.server.database.DBConnection - Connected to database!
2026-05-27 21:41:26 [pool-2-thread-1] INFO  c.uet.server.database.DBConnection - Connected to database!
2026-05-27 21:41:26 [pool-2-thread-1] INFO  c.uet.server.database.DBConnection - Connected to database!
2026-05-27 21:41:32 [pool-2-thread-1] INFO  c.uet.server.database.DBConnection - Connected to database!
2026-05-27 21:41:32 [pool-2-thread-1] INFO  c.uet.server.database.DBConnection - Connected to database!
2026-05-27 21:41:36 [pool-2-thread-1] INFO  c.uet.server.database.DBConnection - Connected to database!
2026-05-27 21:41:36 [pool-2-thread-1] INFO  c.uet.server.database.DBConnection - Connected to database!
2026-05-27 21:41:41 [pool-2-thread-1] INFO  c.uet.server.database.DBConnection - Connected to database!
2026-05-27 21:41:41 [pool-2-thread-1] INFO  c.uet.server.database.DBConnection - Connected to database!
2026-05-27 21:41:46 [pool-2-thread-1] INFO  c.uet.server.database.DBConnection - Connected to database!
2026-05-27 21:41:46 [pool-2-thread-1] INFO  c.uet.server.database.DBConnection - Connected to database!
2026-05-27 21:41:51 [pool-2-thread-1] INFO  c.uet.server.database.DBConnection - Connected to database!
2026-05-27 21:41:51 [pool-2-thread-1] INFO  c.uet.server.database.DBConnection - Connected to database!
2026-05-27 21:41:56 [pool-2-thread-1] INFO  c.uet.server.database.DBConnection - Connected to database!
2026-05-27 21:41:56 [pool-2-thread-1] INFO  c.uet.server.database.DBConnection - Connected to database!
2026-05-27 21:42:01 [pool-2-thread-1] INFO  c.uet.server.database.DBConnection - Connected to database!
2026-05-27 21:42:01 [pool-2-thread-1] INFO  c.uet.server.database.DBConnection - Connected to database!
2026-05-27 21:42:06 [pool-2-thread-1] INFO  c.uet.server.database.DBConnection - Connected to database!
2026-05-27 21:42:06 [pool-2-thread-1] INFO  c.uet.server.database.DBConnection - Connected to database!
2026-05-27 21:42:11 [pool-2-thread-1] INFO  c.uet.server.database.DBConnection - Connected to database!
2026-05-27 21:42:11 [pool-2-thread-1] INFO  c.uet.server.database.DBConnection - Connected to database!
2026-05-27 21:42:16 [pool-2-thread-1] INFO  c.uet.server.database.DBConnection - Connected to database!
2026-05-27 21:42:16 [pool-2-thread-1] INFO  c.uet.server.database.DBConnection - Connected to database!
2026-05-27 21:42:21 [pool-2-thread-1] INFO  c.uet.server.database.DBConnection - Connected to database!
2026-05-27 21:42:21 [pool-2-thread-1] INFO  c.uet.server.database.DBConnection - Connected to database!
2026-05-27 21:42:26 [pool-2-thread-1] INFO  c.uet.server.database.DBConnection - Connected to database!
2026-05-27 21:42:26 [pool-2-thread-1] INFO  c.uet.server.database.DBConnection - Connected to database!
2026-05-27 21:42:31 [pool-2-thread-1] INFO  c.uet.server.database.DBConnection - Connected to database!
2026-05-27 21:42:31 [pool-2-thread-1] INFO  c.uet.server.database.DBConnection - Connected to database!
2026-05-27 21:42:36 [pool-2-thread-1] INFO  c.uet.server.database.DBConnection - Connected to database!
2026-05-27 21:42:36 [pool-2-thread-1] INFO  c.uet.server.database.DBConnection - Connected to database!
2026-05-27 21:42:41 [pool-2-thread-1] INFO  c.uet.server.database.DBConnection - Connected to database!
2026-05-27 21:42:41 [pool-2-thread-1] INFO  c.uet.server.database.DBConnection - Connected to database!
2026-05-27 21:42:46 [pool-2-thread-1] INFO  c.uet.server.database.DBConnection - Connected to database!
2026-05-27 21:42:46 [pool-2-thread-1] INFO  c.uet.server.database.DBConnection - Connected to database!
2026-05-27 21:42:51 [pool-2-thread-1] INFO  c.uet.server.database.DBConnection - Connected to database!
2026-05-27 21:42:51 [pool-2-thread-1] INFO  c.uet.server.database.DBConnection - Connected to database!
2026-05-27 21:42:56 [pool-2-thread-1] INFO  c.uet.server.database.DBConnection - Connected to database!
2026-05-27 21:42:56 [pool-2-thread-1] INFO  c.uet.server.database.DBConnection - Connected to database!
2026-05-27 21:43:01 [pool-2-thread-1] INFO  c.uet.server.database.DBConnection - Connected to database!
2026-05-27 21:43:01 [pool-2-thread-1] INFO  c.uet.server.database.DBConnection - Connected to database!
2026-05-27 21:43:06 [pool-2-thread-1] INFO  c.uet.server.database.DBConnection - Connected to database!
2026-05-27 21:43:06 [pool-2-thread-1] INFO  c.uet.server.database.DBConnection - Connected to database!
2026-05-27 21:43:11 [pool-2-thread-1] INFO  c.uet.server.database.DBConnection - Connected to database!
2026-05-27 21:43:11 [pool-2-thread-1] INFO  c.uet.server.database.DBConnection - Connected to database!
2026-05-27 21:43:16 [pool-2-thread-1] INFO  c.uet.server.database.DBConnection - Connected to database!
2026-05-27 21:43:16 [pool-2-thread-1] INFO  c.uet.server.database.DBConnection - Connected to database!
2026-05-27 21:43:21 [pool-2-thread-1] INFO  c.uet.server.database.DBConnection - Connected to database!
2026-05-27 21:43:21 [pool-2-thread-1] INFO  c.uet.server.database.DBConnection - Connected to database!
2026-05-27 21:43:26 [pool-2-thread-1] INFO  c.uet.server.database.DBConnection - Connected to database!
2026-05-27 21:43:26 [pool-2-thread-1] INFO  c.uet.server.database.DBConnection - Connected to database!
2026-05-27 21:43:31 [pool-2-thread-1] INFO  c.uet.server.database.DBConnection - Connected to database!
2026-05-27 21:43:31 [pool-2-thread-1] INFO  c.uet.server.database.DBConnection - Connected to database!
2026-05-27 21:43:36 [pool-2-thread-1] INFO  c.uet.server.database.DBConnection - Connected to database!
2026-05-27 21:43:36 [pool-2-thread-1] INFO  c.uet.server.database.DBConnection - Connected to database!
2026-05-27 21:43:41 [pool-2-thread-1] INFO  c.uet.server.database.DBConnection - Connected to database!
2026-05-27 21:43:41 [pool-2-thread-1] INFO  c.uet.server.database.DBConnection - Connected to database!
2026-05-27 21:43:46 [pool-2-thread-1] INFO  c.uet.server.database.DBConnection - Connected to database!
2026-05-27 21:43:46 [pool-2-thread-1] INFO  c.uet.server.database.DBConnection - Connected to database!
2026-05-27 21:43:51 [pool-2-thread-1] INFO  c.uet.server.database.DBConnection - Connected to database!
2026-05-27 21:43:51 [pool-2-thread-1] INFO  c.uet.server.database.DBConnection - Connected to database!
2026-05-27 21:43:56 [pool-2-thread-1] INFO  c.uet.server.database.DBConnection - Connected to database!
2026-05-27 21:43:56 [pool-2-thread-1] INFO  c.uet.server.database.DBConnection - Connected to database!
2026-05-27 21:44:01 [pool-2-thread-1] INFO  c.uet.server.database.DBConnection - Connected to database!
2026-05-27 21:44:01 [pool-2-thread-1] INFO  c.uet.server.database.DBConnection - Connected to database!
2026-05-27 21:44:06 [pool-2-thread-1] INFO  c.uet.server.database.DBConnection - Connected to database!
2026-05-27 21:44:06 [pool-2-thread-1] INFO  c.uet.server.database.DBConnection - Connected to database!
2026-05-27 21:44:11 [pool-2-thread-1] INFO  c.uet.server.database.DBConnection - Connected to database!
2026-05-27 21:44:11 [pool-2-thread-1] INFO  c.uet.server.database.DBConnection - Connected to database!
2026-05-27 21:44:16 [pool-2-thread-1] INFO  c.uet.server.database.DBConnection - Connected to database!
2026-05-27 21:44:16 [pool-2-thread-1] INFO  c.uet.server.database.DBConnection - Connected to database!
2026-05-27 21:44:21 [pool-2-thread-1] INFO  c.uet.server.database.DBConnection - Connected to database!
2026-05-27 21:44:21 [pool-2-thread-1] INFO  c.uet.server.database.DBConnection - Connected to database!
2026-05-27 21:44:26 [pool-2-thread-1] INFO  c.uet.server.database.DBConnection - Connected to database!
2026-05-27 21:44:26 [pool-2-thread-1] INFO  c.uet.server.database.DBConnection - Connected to database!
2026-05-27 21:44:31 [pool-2-thread-1] INFO  c.uet.server.database.DBConnection - Connected to database!
2026-05-27 21:44:31 [pool-2-thread-1] INFO  c.uet.server.database.DBConnection - Connected to database!
2026-05-27 21:44:36 [pool-2-thread-1] INFO  c.uet.server.database.DBConnection - Connected to database!
2026-05-27 21:44:36 [pool-2-thread-1] INFO  c.uet.server.database.DBConnection - Connected to database!
2026-05-27 21:44:41 [pool-2-thread-1] INFO  c.uet.server.database.DBConnection - Connected to database!
2026-05-27 21:44:41 [pool-2-thread-1] INFO  c.uet.server.database.DBConnection - Connected to database!
2026-05-27 21:44:46 [pool-2-thread-1] INFO  c.uet.server.database.DBConnection - Connected to database!
2026-05-27 21:44:46 [pool-2-thread-1] INFO  c.uet.server.database.DBConnection - Connected to database!
2026-05-27 21:44:51 [pool-2-thread-1] INFO  c.uet.server.database.DBConnection - Connected to database!
2026-05-27 21:44:51 [pool-2-thread-1] INFO  c.uet.server.database.DBConnection - Connected to database!
2026-05-27 21:44:56 [pool-2-thread-1] INFO  c.uet.server.database.DBConnection - Connected to database!
2026-05-27 21:44:56 [pool-2-thread-1] INFO  c.uet.server.database.DBConnection - Connected to database!
2026-05-27 21:45:01 [pool-2-thread-1] INFO  c.uet.server.database.DBConnection - Connected to database!
2026-05-27 21:45:01 [pool-2-thread-1] INFO  c.uet.server.database.DBConnection - Connected to database!
2026-05-27 21:45:06 [pool-2-thread-1] INFO  c.uet.server.database.DBConnection - Connected to database!
2026-05-27 21:45:06 [pool-2-thread-1] INFO  c.uet.server.database.DBConnection - Connected to database!
2026-05-27 21:45:11 [pool-2-thread-1] INFO  c.uet.server.database.DBConnection - Connected to database!
2026-05-27 21:45:11 [pool-2-thread-1] INFO  c.uet.server.database.DBConnection - Connected to database!
2026-05-27 21:45:16 [pool-2-thread-1] INFO  c.uet.server.database.DBConnection - Connected to database!
2026-05-27 21:45:16 [pool-2-thread-1] INFO  c.uet.server.database.DBConnection - Connected to database!
2026-05-27 21:45:21 [pool-2-thread-1] INFO  c.uet.server.database.DBConnection - Connected to database!
2026-05-27 21:45:21 [pool-2-thread-1] INFO  c.uet.server.database.DBConnection - Connected to database!
2026-05-27 21:45:26 [pool-2-thread-1] INFO  c.uet.server.database.DBConnection - Connected to database!
2026-05-27 21:45:26 [pool-2-thread-1] INFO  c.uet.server.database.DBConnection - Connected to database!
2026-05-27 21:45:31 [pool-2-thread-1] INFO  c.uet.server.database.DBConnection - Connected to database!
2026-05-27 21:45:31 [pool-2-thread-1] INFO  c.uet.server.database.DBConnection - Connected to database!
2026-05-27 21:45:36 [pool-2-thread-1] INFO  c.uet.server.database.DBConnection - Connected to database!
2026-05-27 21:45:36 [pool-2-thread-1] INFO  c.uet.server.database.DBConnection - Connected to database!
2026-05-27 21:45:41 [pool-2-thread-1] INFO  c.uet.server.database.DBConnection - Connected to database!
2026-05-27 21:45:41 [pool-2-thread-1] INFO  c.uet.server.database.DBConnection - Connected to database!
2026-05-27 21:45:46 [pool-2-thread-1] INFO  c.uet.server.database.DBConnection - Connected to database!
2026-05-27 21:45:46 [pool-2-thread-1] INFO  c.uet.server.database.DBConnection - Connected to database!
2026-05-27 21:45:51 [pool-2-thread-1] INFO  c.uet.server.database.DBConnection - Connected to database!
2026-05-27 21:45:51 [pool-2-thread-1] INFO  c.uet.server.database.DBConnection - Connected to database!
2026-05-27 21:45:54 [main] INFO  com.uet.server.network.ServerMain - --- CÓ 1 CLIENT VỪA KẾT NỐI! ---
2026-05-27 21:45:54 [Thread-2] INFO  c.u.s.s.ClientRequestDispatcher - Đang đăng nhập: nam
2026-05-27 21:45:54 [Thread-2] INFO  c.uet.server.database.DBConnection - Connected to database!
2026-05-27 21:45:54 [Thread-2] WARN  com.uet.server.database.dao.UserDAO - UserDAO: file not found: \root\uploads\avatars\3846757029_9e151168-33b1-4fad-97b4-c71411b402f2.png
2026-05-27 21:45:54 [Thread-2] INFO  c.uet.server.database.DBConnection - Connected to database!
2026-05-27 21:45:54 [Thread-2] WARN  c.uet.server.database.dao.AuctionDAO - ⚠️ Không thể đọc file ảnh sản phẩm từ path: file://D:\root\uploads/products/U004_790b493e-9a1b-453f-b9eb-1cc5ff5dbb41.png, lỗi: Illegal char <:> at index 3: /D:\root\uploads/products/U004_790b493e-9a1b-453f-b9eb-1cc5ff5dbb41.png
2026-05-27 21:45:56 [pool-2-thread-1] INFO  c.uet.server.database.DBConnection - Connected to database!
2026-05-27 21:45:56 [pool-2-thread-1] INFO  c.uet.server.database.DBConnection - Connected to database!
2026-05-27 21:46:01 [pool-2-thread-1] INFO  c.uet.server.database.DBConnection - Connected to database!
2026-05-27 21:46:01 [pool-2-thread-1] INFO  c.uet.server.database.DBConnection - Connected to database!
2026-05-27 21:46:05 [Thread-2] INFO  c.uet.server.network.ClientHandler - Client ngắt kết nối hoặc có lỗi xảy ra: Connection reset
2026-05-27 21:46:05 [Thread-2] INFO  c.uet.server.network.ClientHandler - 🔌 [SERVER] Đã giải phóng hoàn toàn kết nối Socket vật lý.
2026-05-27 21:46:05 [Thread-2] INFO  c.uet.server.network.ClientHandler - 🗑️ [SERVER] Đã Xóa Client khỏi ClientManager thành công.
2026-05-27 21:46:06 [pool-2-thread-1] INFO  c.uet.server.database.DBConnection - Connected to database!
2026-05-27 21:46:06 [pool-2-thread-1] INFO  c.uet.server.database.DBConnection - Connected to database!
2026-05-28 00:05:01 [main] INFO  c.u.server.service.AuctionScheduler - [Scheduler] Bộ quét thời gian đấu giá tự động đã được kích hoạt!
2026-05-28 00:05:01 [main] INFO  com.uet.server.network.ServerMain - --- SERVER ĐANG CHỜ Ở CỔNG 27915 ---
2026-05-28 00:05:01 [pool-2-thread-1] INFO  c.uet.server.database.DBConnection - Connected to database!
2026-05-28 00:05:24 [main] INFO  com.uet.server.network.ServerMain - --- CÓ 1 CLIENT VỪA KẾT NỐI! ---
2026-05-28 00:05:24 [Thread-0] INFO  c.u.s.s.ClientRequestDispatcher - Đang đăng nhập: nam
2026-05-28 00:05:24 [Thread-0] WARN  com.uet.server.database.dao.UserDAO - UserDAO: file not found: \root\uploads\avatars\3846757029_bfd9560e-cb7a-4d45-9713-94add44d6970.png
2026-05-28 00:05:28 [Thread-0] INFO  c.uet.server.network.ClientManager - Client joined auction: 7074102437
2026-05-28 00:05:28 [pool-1-thread-1] INFO  c.uet.server.network.ClientManager - Gửi cập nhật ngay cho 1 client đang xem auction: 7074102437
2026-05-28 00:05:29 [pool-1-thread-1] INFO  c.uet.server.network.ClientManager - Gửi cập nhật ngay cho 1 client đang xem auction: 7074102437
2026-05-28 00:05:31 [pool-1-thread-1] INFO  c.uet.server.network.ClientManager - Gửi cập nhật ngay cho 1 client đang xem auction: 7074102437
2026-05-28 00:05:32 [pool-1-thread-1] INFO  c.uet.server.network.ClientManager - Gửi cập nhật ngay cho 1 client đang xem auction: 7074102437
2026-05-28 00:05:34 [pool-1-thread-1] INFO  c.uet.server.network.ClientManager - Gửi cập nhật ngay cho 1 client đang xem auction: 7074102437
2026-05-28 00:05:35 [pool-1-thread-1] INFO  c.uet.server.network.ClientManager - Gửi cập nhật ngay cho 1 client đang xem auction: 7074102437
2026-05-28 00:05:36 [Thread-0] INFO  c.u.s.service.AuctionRealtimeService - Nhận đặt giá mới: auctionId=7074102437, bidderId=3846757029, amount=99.0
2026-05-28 00:05:37 [pool-1-thread-1] INFO  c.uet.server.network.ClientManager - Gửi cập nhật ngay cho 1 client đang xem auction: 7074102437
2026-05-28 00:05:38 [Thread-0] INFO  c.uet.server.network.ClientManager - Client left auction: 7074102437
2026-05-28 00:05:41 [Thread-0] INFO  c.uet.server.network.ClientManager - Client joined auction: 7074102437
2026-05-28 00:05:41 [pool-1-thread-1] INFO  c.uet.server.network.ClientManager - Gửi cập nhật ngay cho 1 client đang xem auction: 7074102437
2026-05-28 00:05:43 [pool-1-thread-1] INFO  c.uet.server.network.ClientManager - Gửi cập nhật ngay cho 1 client đang xem auction: 7074102437
2026-05-28 00:05:44 [Thread-0] INFO  c.u.s.service.AuctionRealtimeService - Nhận đặt giá mới: auctionId=7074102437, bidderId=3846757029, amount=99.0
2026-05-28 00:05:44 [Thread-0] INFO  c.uet.server.network.ClientManager - Gửi cập nhật ngay cho 1 client đang xem auction: 7074102437
2026-05-28 00:05:44 [pool-1-thread-1] INFO  c.uet.server.network.ClientManager - Gửi cập nhật ngay cho 1 client đang xem auction: 7074102437
2026-05-28 00:05:46 [pool-1-thread-1] INFO  c.uet.server.network.ClientManager - Gửi cập nhật ngay cho 1 client đang xem auction: 7074102437
2026-05-28 00:05:46 [Thread-0] INFO  c.uet.server.network.ClientManager - Client left auction: 7074102437
2026-05-28 00:05:50 [Thread-0] WARN  c.uet.server.network.ClientHandler - Server: Không thể gửi phản hồi do Client đã chủ động ngắt kết nối vật lý (Đăng xuất/Tắt app).
2026-05-28 00:05:50 [Thread-0] INFO  c.uet.server.network.ClientHandler - 🔌 [SERVER] Đã giải phóng hoàn toàn kết nối Socket vật lý.
2026-05-28 00:05:50 [Thread-0] INFO  c.uet.server.network.ClientHandler - 🗑️ [SERVER] Đã Xóa Client khỏi ClientManager thành công.
2026-05-28 00:05:55 [main] INFO  com.uet.server.network.ServerMain - --- CÓ 1 CLIENT VỪA KẾT NỐI! ---
2026-05-28 00:05:55 [Thread-1] INFO  c.u.s.s.ClientRequestDispatcher - Đang đăng nhập: admin1
2026-05-28 00:05:57 [Thread-1] INFO  c.u.s.service.AuctionRealtimeService - ==> Admin đang yêu cầu tải toàn bộ danh sách phiên đấu giá!
2026-05-28 00:05:58 [Thread-1] INFO  c.uet.server.database.dao.AuctionDAO - [Admin Force End] Giao dịch thành công phiên 7074102437:
   -> Đã trừ 99.0đ từ người mua (3846757029)
   -> Đã cộng 99.0đ vào người bán (U004)
2026-05-28 00:05:58 [Thread-1] INFO  c.uet.server.network.ClientManager - Không có client nào đang xem auction: 7074102437
2026-05-28 00:05:58 [Thread-1] INFO  c.u.s.service.AuctionRealtimeService - ==> Admin đang yêu cầu tải toàn bộ danh sách phiên đấu giá!
2026-05-28 00:06:03 [Thread-1] INFO  c.u.s.s.ClientRequestDispatcher - Đang đăng nhập: nam
2026-05-28 00:06:03 [Thread-1] WARN  com.uet.server.database.dao.UserDAO - UserDAO: file not found: \root\uploads\avatars\3846757029_bfd9560e-cb7a-4d45-9713-94add44d6970.png
2026-05-28 00:06:09 [Thread-1] INFO  c.uet.server.network.ClientHandler - Client ngắt kết nối hoặc có lỗi xảy ra: Connection reset
2026-05-28 00:06:09 [Thread-1] INFO  c.uet.server.network.ClientHandler - 🔌 [SERVER] Đã giải phóng hoàn toàn kết nối Socket vật lý.
2026-05-28 00:06:09 [Thread-1] INFO  c.uet.server.network.ClientHandler - 🗑️ [SERVER] Đã Xóa Client khỏi ClientManager thành công.
2026-05-28 00:12:09 [main] INFO  c.u.server.service.AuctionScheduler - [Scheduler] Bộ quét thời gian đấu giá tự động đã được kích hoạt!
2026-05-28 00:12:09 [main] INFO  com.uet.server.network.ServerMain - --- SERVER ĐANG CHỜ Ở CỔNG 27915 ---
2026-05-28 00:12:09 [pool-2-thread-1] INFO  c.uet.server.database.DBConnection - Connected to database!
2026-05-28 00:12:11 [main] INFO  com.uet.server.network.ServerMain - --- CÓ 1 CLIENT VỪA KẾT NỐI! ---
2026-05-28 00:12:11 [Thread-0] INFO  c.u.s.s.ClientRequestDispatcher - Đang đăng nhập: 1
2026-05-28 00:12:54 [Thread-0] INFO  c.uet.server.service.AuctionService - [SERVER] Đã lưu ảnh sản phẩm chờ duyệt tại path: file://D:\root\uploads/products/6134901206_828467a6-8fe7-484a-aa05-67f6d13bb8f0.png
2026-05-28 00:12:54 [Thread-0] INFO  c.uet.server.database.dao.AuctionDAO - [DATABASE SUCCESS] Tạo thành công Item ID: 8475528842 và Auction ID: 7402878482
2026-05-28 00:12:54 [Thread-0] INFO  c.uet.server.service.AuctionService - [SERVER] Sản phẩm của User 6134901206 đang ở trạng thái PENDING.
2026-05-28 00:12:57 [Thread-0] WARN  c.uet.server.network.ClientHandler - Server: Không thể gửi phản hồi do Client đã chủ động ngắt kết nối vật lý (Đăng xuất/Tắt app).
2026-05-28 00:12:57 [Thread-0] INFO  c.uet.server.network.ClientHandler - [SERVER] Đã giải phóng hoàn toàn kết nối Socket vật lý.
2026-05-28 00:12:57 [Thread-0] INFO  c.uet.server.network.ClientHandler - [SERVER] Đã Xóa Client khỏi ClientManager thành công.
2026-05-28 00:13:01 [main] INFO  com.uet.server.network.ServerMain - --- CÓ 1 CLIENT VỪA KẾT NỐI! ---
2026-05-28 00:13:01 [Thread-1] INFO  c.u.s.s.ClientRequestDispatcher - Đang đăng nhập: admin1
2026-05-28 00:13:03 [Thread-1] INFO  com.uet.server.database.dao.UserDAO - [UserDAO] Đã tải thành công 21 người dùng cho Admin.
2026-05-28 00:13:05 [Thread-1] INFO  c.u.s.service.AuctionRealtimeService - ==> Admin đang yêu cầu tải toàn bộ danh sách phiên đấu giá!
2026-05-28 00:13:06 [Thread-1] INFO  c.uet.server.database.dao.AuctionDAO - [Scheduler] Đã kích hoạt 1 phiên đấu giá sang trạng thái RUNNING!
2026-05-28 00:13:06 [Thread-1] INFO  c.u.s.service.AuctionRealtimeService - [Approve] Đã kích hoạt trực tiếp 1 phiên đấu giá sang RUNNING. Tiến hành phát sóng...
2026-05-28 00:13:06 [Thread-1] WARN  c.uet.server.database.dao.AuctionDAO - Không thể đọc file ảnh sản phẩm từ path: file://D:\root\uploads/products/6134901206_828467a6-8fe7-484a-aa05-67f6d13bb8f0.png, lỗi: Illegal char <:> at index 3: /D:\root\uploads/products/6134901206_828467a6-8fe7-484a-aa05-67f6d13bb8f0.png
2026-05-28 00:13:06 [Thread-1] INFO  c.u.s.service.AuctionRealtimeService - ==> Admin đang yêu cầu tải toàn bộ danh sách phiên đấu giá!
2026-05-28 00:13:12 [Thread-1] INFO  c.u.s.s.ClientRequestDispatcher - Đang đăng nhập: 1
2026-05-28 00:13:12 [Thread-1] WARN  c.uet.server.database.dao.AuctionDAO - Không thể đọc file ảnh sản phẩm từ path: file://D:\root\uploads/products/6134901206_828467a6-8fe7-484a-aa05-67f6d13bb8f0.png, lỗi: Illegal char <:> at index 3: /D:\root\uploads/products/6134901206_828467a6-8fe7-484a-aa05-67f6d13bb8f0.png
2026-05-28 00:13:18 [Thread-1] INFO  c.uet.server.network.ClientManager - Client joined auction: 7402878482
2026-05-28 00:13:18 [Thread-1] WARN  c.uet.server.database.dao.AuctionDAO - Không thể đọc file ảnh sản phẩm từ path: file://D:\root\uploads/products/6134901206_828467a6-8fe7-484a-aa05-67f6d13bb8f0.png, lỗi: Illegal char <:> at index 3: /D:\root\uploads/products/6134901206_828467a6-8fe7-484a-aa05-67f6d13bb8f0.png
2026-05-28 00:13:18 [pool-1-thread-1] INFO  c.uet.server.network.ClientManager - Gửi cập nhật ngay cho 1 client đang xem auction: 7402878482
2026-05-28 00:13:19 [pool-1-thread-1] INFO  c.uet.server.network.ClientManager - Gửi cập nhật ngay cho 1 client đang xem auction: 7402878482
2026-05-28 00:13:21 [pool-1-thread-1] INFO  c.uet.server.network.ClientManager - Gửi cập nhật ngay cho 1 client đang xem auction: 7402878482
2026-05-28 00:13:22 [Thread-1] INFO  c.uet.server.network.ClientManager - Client left auction: 7402878482
2026-05-28 00:13:22 [Thread-1] WARN  c.uet.server.database.dao.AuctionDAO - Không thể đọc file ảnh sản phẩm từ path: file://D:\root\uploads/products/6134901206_828467a6-8fe7-484a-aa05-67f6d13bb8f0.png, lỗi: Illegal char <:> at index 3: /D:\root\uploads/products/6134901206_828467a6-8fe7-484a-aa05-67f6d13bb8f0.png
2026-05-28 00:14:04 [pool-2-thread-1] INFO  c.uet.server.database.dao.AuctionDAO - [Scheduler] Phiên 7402878482 đã đóng nhưng không có ai mua.
2026-05-28 00:14:04 [pool-2-thread-1] INFO  c.u.server.service.AuctionScheduler - [Scheduler] Phát hiện có thay đổi danh sách phiên đấu giá (Kích hoạt: 0, Kết thúc: 1). Tiến hành Broadcast...
2026-05-28 00:14:53 [Thread-1] INFO  c.uet.server.service.AuctionService - [SERVER] Đã lưu ảnh sản phẩm chờ duyệt tại path: file://D:\root\uploads/products/6134901206_ec2d790d-1651-47f0-89a7-7458f84c741d.png
2026-05-28 00:14:53 [Thread-1] INFO  c.uet.server.database.dao.AuctionDAO - [DATABASE SUCCESS] Tạo thành công Item ID: 4203009223 và Auction ID: 5899332016
2026-05-28 00:14:53 [Thread-1] INFO  c.uet.server.service.AuctionService - [SERVER] Sản phẩm của User 6134901206 đang ở trạng thái PENDING.
2026-05-28 00:15:28 [Thread-1] INFO  c.uet.server.service.AuctionService - [SERVER] Đã lưu ảnh sản phẩm chờ duyệt tại path: file://D:\root\uploads/products/6134901206_db197e8d-0163-4119-b4e6-7b44e948399c.png
2026-05-28 00:15:28 [Thread-1] INFO  c.uet.server.database.dao.AuctionDAO - [DATABASE SUCCESS] Tạo thành công Item ID: 1262294159 và Auction ID: 8986833646
2026-05-28 00:15:28 [Thread-1] INFO  c.uet.server.service.AuctionService - [SERVER] Sản phẩm của User 6134901206 đang ở trạng thái PENDING.
2026-05-28 00:15:32 [Thread-1] WARN  c.uet.server.network.ClientHandler - Server: Không thể gửi phản hồi do Client đã chủ động ngắt kết nối vật lý (Đăng xuất/Tắt app).
2026-05-28 00:15:32 [Thread-1] INFO  c.uet.server.network.ClientHandler - [SERVER] Đã giải phóng hoàn toàn kết nối Socket vật lý.
2026-05-28 00:15:32 [Thread-1] INFO  c.uet.server.network.ClientHandler - [SERVER] Đã Xóa Client khỏi ClientManager thành công.
2026-05-28 00:15:43 [main] INFO  com.uet.server.network.ServerMain - --- CÓ 1 CLIENT VỪA KẾT NỐI! ---
2026-05-28 00:15:43 [Thread-2] INFO  c.u.s.s.ClientRequestDispatcher - Đang đăng nhập: admin1
2026-05-28 00:15:44 [Thread-2] INFO  c.u.s.service.AuctionRealtimeService - ==> Admin đang yêu cầu tải toàn bộ danh sách phiên đấu giá!
2026-05-28 00:15:46 [Thread-2] INFO  c.u.s.service.AuctionRealtimeService - ==> Admin đang yêu cầu tải toàn bộ danh sách phiên đấu giá!
2026-05-28 00:15:46 [Thread-2] INFO  c.uet.server.database.dao.AuctionDAO - [Scheduler] Đã kích hoạt 1 phiên đấu giá sang trạng thái RUNNING!
2026-05-28 00:15:46 [Thread-2] INFO  c.u.s.service.AuctionRealtimeService - [Approve] Đã kích hoạt trực tiếp 1 phiên đấu giá sang RUNNING. Tiến hành phát sóng...
2026-05-28 00:15:46 [Thread-2] WARN  c.uet.server.database.dao.AuctionDAO - Không thể đọc file ảnh sản phẩm từ path: file://D:\root\uploads/products/6134901206_ec2d790d-1651-47f0-89a7-7458f84c741d.png, lỗi: Illegal char <:> at index 3: /D:\root\uploads/products/6134901206_ec2d790d-1651-47f0-89a7-7458f84c741d.png
2026-05-28 00:15:46 [Thread-2] INFO  c.u.s.service.AuctionRealtimeService - ==> Admin đang yêu cầu tải toàn bộ danh sách phiên đấu giá!
2026-05-28 00:15:54 [Thread-2] INFO  c.u.s.s.ClientRequestDispatcher - Đang đăng nhập: 1
2026-05-28 00:15:54 [Thread-2] WARN  c.uet.server.database.dao.AuctionDAO - Không thể đọc file ảnh sản phẩm từ path: file://D:\root\uploads/products/6134901206_ec2d790d-1651-47f0-89a7-7458f84c741d.png, lỗi: Illegal char <:> at index 3: /D:\root\uploads/products/6134901206_ec2d790d-1651-47f0-89a7-7458f84c741d.png
2026-05-28 00:15:56 [Thread-2] INFO  c.uet.server.network.ClientManager - Client joined auction: 5899332016
2026-05-28 00:15:56 [Thread-2] WARN  c.uet.server.database.dao.AuctionDAO - Không thể đọc file ảnh sản phẩm từ path: file://D:\root\uploads/products/6134901206_ec2d790d-1651-47f0-89a7-7458f84c741d.png, lỗi: Illegal char <:> at index 3: /D:\root\uploads/products/6134901206_ec2d790d-1651-47f0-89a7-7458f84c741d.png
2026-05-28 00:15:57 [pool-1-thread-1] INFO  c.uet.server.network.ClientManager - Gửi cập nhật ngay cho 1 client đang xem auction: 5899332016
2026-05-28 00:15:58 [pool-1-thread-1] INFO  c.uet.server.network.ClientManager - Gửi cập nhật ngay cho 1 client đang xem auction: 5899332016
2026-05-28 00:15:59 [Thread-2] INFO  c.uet.server.network.ClientManager - Client left auction: 5899332016
2026-05-28 00:15:59 [Thread-2] WARN  c.uet.server.database.dao.AuctionDAO - Không thể đọc file ảnh sản phẩm từ path: file://D:\root\uploads/products/6134901206_ec2d790d-1651-47f0-89a7-7458f84c741d.png, lỗi: Illegal char <:> at index 3: /D:\root\uploads/products/6134901206_ec2d790d-1651-47f0-89a7-7458f84c741d.png
2026-05-28 00:16:04 [pool-2-thread-1] INFO  c.uet.server.database.dao.AuctionDAO - [Scheduler] Đã kích hoạt 1 phiên đấu giá sang trạng thái RUNNING!
2026-05-28 00:16:04 [pool-2-thread-1] INFO  c.u.server.service.AuctionScheduler - [Scheduler] Phát hiện có thay đổi danh sách phiên đấu giá (Kích hoạt: 1, Kết thúc: 0). Tiến hành Broadcast...
2026-05-28 00:16:04 [pool-2-thread-1] WARN  c.uet.server.database.dao.AuctionDAO - Không thể đọc file ảnh sản phẩm từ path: file://D:\root\uploads/products/6134901206_ec2d790d-1651-47f0-89a7-7458f84c741d.png, lỗi: Illegal char <:> at index 3: /D:\root\uploads/products/6134901206_ec2d790d-1651-47f0-89a7-7458f84c741d.png
2026-05-28 00:16:04 [pool-2-thread-1] WARN  c.uet.server.database.dao.AuctionDAO - Không thể đọc file ảnh sản phẩm từ path: file://D:\root\uploads/products/6134901206_db197e8d-0163-4119-b4e6-7b44e948399c.png, lỗi: Illegal char <:> at index 3: /D:\root\uploads/products/6134901206_db197e8d-0163-4119-b4e6-7b44e948399c.png
2026-05-28 00:16:17 [Thread-2] INFO  c.uet.server.network.ClientManager - Client joined auction: 5899332016
2026-05-28 00:16:17 [Thread-2] WARN  c.uet.server.database.dao.AuctionDAO - Không thể đọc file ảnh sản phẩm từ path: file://D:\root\uploads/products/6134901206_ec2d790d-1651-47f0-89a7-7458f84c741d.png, lỗi: Illegal char <:> at index 3: /D:\root\uploads/products/6134901206_ec2d790d-1651-47f0-89a7-7458f84c741d.png
2026-05-28 00:16:18 [pool-1-thread-1] INFO  c.uet.server.network.ClientManager - Gửi cập nhật ngay cho 1 client đang xem auction: 5899332016
2026-05-28 00:16:19 [pool-1-thread-1] INFO  c.uet.server.network.ClientManager - Gửi cập nhật ngay cho 1 client đang xem auction: 5899332016
2026-05-28 00:16:21 [pool-1-thread-1] INFO  c.uet.server.network.ClientManager - Gửi cập nhật ngay cho 1 client đang xem auction: 5899332016
2026-05-28 00:16:22 [pool-1-thread-1] INFO  c.uet.server.network.ClientManager - Gửi cập nhật ngay cho 1 client đang xem auction: 5899332016
2026-05-28 00:16:24 [pool-1-thread-1] INFO  c.uet.server.network.ClientManager - Gửi cập nhật ngay cho 1 client đang xem auction: 5899332016
2026-05-28 00:16:25 [pool-1-thread-1] INFO  c.uet.server.network.ClientManager - Gửi cập nhật ngay cho 1 client đang xem auction: 5899332016
2026-05-28 00:16:27 [pool-1-thread-1] INFO  c.uet.server.network.ClientManager - Gửi cập nhật ngay cho 1 client đang xem auction: 5899332016
2026-05-28 00:16:28 [pool-1-thread-1] INFO  c.uet.server.network.ClientManager - Gửi cập nhật ngay cho 1 client đang xem auction: 5899332016
2026-05-28 00:16:30 [pool-1-thread-1] INFO  c.uet.server.network.ClientManager - Gửi cập nhật ngay cho 1 client đang xem auction: 5899332016
2026-05-28 00:16:30 [Thread-2] INFO  c.uet.server.network.ClientManager - Client left auction: 5899332016
2026-05-28 00:16:30 [Thread-2] WARN  c.uet.server.database.dao.AuctionDAO - Không thể đọc file ảnh sản phẩm từ path: file://D:\root\uploads/products/6134901206_ec2d790d-1651-47f0-89a7-7458f84c741d.png, lỗi: Illegal char <:> at index 3: /D:\root\uploads/products/6134901206_ec2d790d-1651-47f0-89a7-7458f84c741d.png
2026-05-28 00:16:30 [Thread-2] WARN  c.uet.server.database.dao.AuctionDAO - Không thể đọc file ảnh sản phẩm từ path: file://D:\root\uploads/products/6134901206_db197e8d-0163-4119-b4e6-7b44e948399c.png, lỗi: Illegal char <:> at index 3: /D:\root\uploads/products/6134901206_db197e8d-0163-4119-b4e6-7b44e948399c.png
2026-05-28 00:16:31 [Thread-2] INFO  c.uet.server.network.ClientManager - Client joined auction: 8986833646
2026-05-28 00:16:31 [Thread-2] WARN  c.uet.server.database.dao.AuctionDAO - Không thể đọc file ảnh sản phẩm từ path: file://D:\root\uploads/products/6134901206_db197e8d-0163-4119-b4e6-7b44e948399c.png, lỗi: Illegal char <:> at index 3: /D:\root\uploads/products/6134901206_db197e8d-0163-4119-b4e6-7b44e948399c.png
2026-05-28 00:16:33 [pool-1-thread-1] INFO  c.uet.server.network.ClientManager - Gửi cập nhật ngay cho 1 client đang xem auction: 8986833646
2026-05-28 00:16:34 [Thread-2] INFO  c.uet.server.network.ClientManager - Client left auction: 8986833646
2026-05-28 00:16:34 [Thread-2] WARN  c.uet.server.database.dao.AuctionDAO - Không thể đọc file ảnh sản phẩm từ path: file://D:\root\uploads/products/6134901206_ec2d790d-1651-47f0-89a7-7458f84c741d.png, lỗi: Illegal char <:> at index 3: /D:\root\uploads/products/6134901206_ec2d790d-1651-47f0-89a7-7458f84c741d.png
2026-05-28 00:16:34 [Thread-2] WARN  c.uet.server.database.dao.AuctionDAO - Không thể đọc file ảnh sản phẩm từ path: file://D:\root\uploads/products/6134901206_db197e8d-0163-4119-b4e6-7b44e948399c.png, lỗi: Illegal char <:> at index 3: /D:\root\uploads/products/6134901206_db197e8d-0163-4119-b4e6-7b44e948399c.png
2026-05-28 00:16:35 [Thread-2] INFO  c.uet.server.network.ClientManager - Client joined auction: 5899332016
2026-05-28 00:16:35 [Thread-2] WARN  c.uet.server.database.dao.AuctionDAO - Không thể đọc file ảnh sản phẩm từ path: file://D:\root\uploads/products/6134901206_ec2d790d-1651-47f0-89a7-7458f84c741d.png, lỗi: Illegal char <:> at index 3: /D:\root\uploads/products/6134901206_ec2d790d-1651-47f0-89a7-7458f84c741d.png
2026-05-28 00:16:36 [pool-1-thread-1] INFO  c.uet.server.network.ClientManager - Gửi cập nhật ngay cho 1 client đang xem auction: 5899332016
2026-05-28 00:16:37 [Thread-2] INFO  c.uet.server.network.ClientManager - Client left auction: 5899332016
2026-05-28 00:16:37 [Thread-2] WARN  c.uet.server.database.dao.AuctionDAO - Không thể đọc file ảnh sản phẩm từ path: file://D:\root\uploads/products/6134901206_ec2d790d-1651-47f0-89a7-7458f84c741d.png, lỗi: Illegal char <:> at index 3: /D:\root\uploads/products/6134901206_ec2d790d-1651-47f0-89a7-7458f84c741d.png
2026-05-28 00:16:37 [Thread-2] WARN  c.uet.server.database.dao.AuctionDAO - Không thể đọc file ảnh sản phẩm từ path: file://D:\root\uploads/products/6134901206_db197e8d-0163-4119-b4e6-7b44e948399c.png, lỗi: Illegal char <:> at index 3: /D:\root\uploads/products/6134901206_db197e8d-0163-4119-b4e6-7b44e948399c.png
2026-05-28 00:16:42 [Thread-2] INFO  c.uet.server.network.ClientManager - Client joined auction: 5899332016
2026-05-28 00:16:42 [Thread-2] WARN  c.uet.server.database.dao.AuctionDAO - Không thể đọc file ảnh sản phẩm từ path: file://D:\root\uploads/products/6134901206_ec2d790d-1651-47f0-89a7-7458f84c741d.png, lỗi: Illegal char <:> at index 3: /D:\root\uploads/products/6134901206_ec2d790d-1651-47f0-89a7-7458f84c741d.png
2026-05-28 00:16:43 [pool-1-thread-1] INFO  c.uet.server.network.ClientManager - Gửi cập nhật ngay cho 1 client đang xem auction: 5899332016
2026-05-28 00:16:45 [pool-1-thread-1] INFO  c.uet.server.network.ClientManager - Gửi cập nhật ngay cho 1 client đang xem auction: 5899332016
2026-05-28 00:16:46 [pool-1-thread-1] INFO  c.uet.server.network.ClientManager - Gửi cập nhật ngay cho 1 client đang xem auction: 5899332016
2026-05-28 00:16:48 [pool-1-thread-1] INFO  c.uet.server.network.ClientManager - Gửi cập nhật ngay cho 1 client đang xem auction: 5899332016
2026-05-28 00:16:49 [pool-1-thread-1] INFO  c.uet.server.network.ClientManager - Gửi cập nhật ngay cho 1 client đang xem auction: 5899332016
2026-05-28 00:16:51 [pool-1-thread-1] INFO  c.uet.server.network.ClientManager - Gửi cập nhật ngay cho 1 client đang xem auction: 5899332016
2026-05-28 00:16:52 [pool-1-thread-1] INFO  c.uet.server.network.ClientManager - Gửi cập nhật ngay cho 1 client đang xem auction: 5899332016
2026-05-28 00:16:54 [pool-1-thread-1] INFO  c.uet.server.network.ClientManager - Gửi cập nhật ngay cho 1 client đang xem auction: 5899332016
2026-05-28 00:16:55 [Thread-2] INFO  c.uet.server.network.ClientManager - Client left auction: 5899332016
2026-05-28 00:16:55 [Thread-2] WARN  c.uet.server.database.dao.AuctionDAO - Không thể đọc file ảnh sản phẩm từ path: file://D:\root\uploads/products/6134901206_ec2d790d-1651-47f0-89a7-7458f84c741d.png, lỗi: Illegal char <:> at index 3: /D:\root\uploads/products/6134901206_ec2d790d-1651-47f0-89a7-7458f84c741d.png
2026-05-28 00:16:55 [Thread-2] WARN  c.uet.server.database.dao.AuctionDAO - Không thể đọc file ảnh sản phẩm từ path: file://D:\root\uploads/products/6134901206_db197e8d-0163-4119-b4e6-7b44e948399c.png, lỗi: Illegal char <:> at index 3: /D:\root\uploads/products/6134901206_db197e8d-0163-4119-b4e6-7b44e948399c.png
2026-05-28 00:17:04 [pool-2-thread-1] INFO  c.uet.server.database.dao.AuctionDAO - [Scheduler] Phiên 5899332016 đã đóng nhưng không có ai mua.
2026-05-28 00:17:04 [pool-2-thread-1] INFO  c.u.server.service.AuctionScheduler - [Scheduler] Phát hiện có thay đổi danh sách phiên đấu giá (Kích hoạt: 0, Kết thúc: 1). Tiến hành Broadcast...
2026-05-28 00:17:04 [pool-2-thread-1] WARN  c.uet.server.database.dao.AuctionDAO - Không thể đọc file ảnh sản phẩm từ path: file://D:\root\uploads/products/6134901206_db197e8d-0163-4119-b4e6-7b44e948399c.png, lỗi: Illegal char <:> at index 3: /D:\root\uploads/products/6134901206_db197e8d-0163-4119-b4e6-7b44e948399c.png
2026-05-28 00:17:06 [Thread-2] INFO  c.uet.server.network.ClientManager - Client joined auction: 8986833646
2026-05-28 00:17:06 [Thread-2] WARN  c.uet.server.database.dao.AuctionDAO - Không thể đọc file ảnh sản phẩm từ path: file://D:\root\uploads/products/6134901206_db197e8d-0163-4119-b4e6-7b44e948399c.png, lỗi: Illegal char <:> at index 3: /D:\root\uploads/products/6134901206_db197e8d-0163-4119-b4e6-7b44e948399c.png
2026-05-28 00:17:06 [pool-1-thread-1] INFO  c.uet.server.network.ClientManager - Gửi cập nhật ngay cho 1 client đang xem auction: 8986833646
2026-05-28 00:17:07 [Thread-2] INFO  c.uet.server.network.ClientManager - Client left auction: 8986833646
2026-05-28 00:17:07 [Thread-2] WARN  c.uet.server.database.dao.AuctionDAO - Không thể đọc file ảnh sản phẩm từ path: file://D:\root\uploads/products/6134901206_db197e8d-0163-4119-b4e6-7b44e948399c.png, lỗi: Illegal char <:> at index 3: /D:\root\uploads/products/6134901206_db197e8d-0163-4119-b4e6-7b44e948399c.png
2026-05-28 00:17:12 [Thread-2] INFO  c.uet.server.network.ClientHandler - Client ngắt kết nối hoặc có lỗi xảy ra: Connection reset
2026-05-28 00:17:12 [Thread-2] INFO  c.uet.server.network.ClientHandler - [SERVER] Đã giải phóng hoàn toàn kết nối Socket vật lý.
2026-05-28 00:17:12 [Thread-2] INFO  c.uet.server.network.ClientHandler - [SERVER] Đã Xóa Client khỏi ClientManager thành công.
2026-05-28 00:18:04 [pool-2-thread-1] INFO  c.uet.server.database.dao.AuctionDAO - [Scheduler] Phiên 8986833646 đã đóng nhưng không có ai mua.
2026-05-28 00:18:04 [pool-2-thread-1] INFO  c.u.server.service.AuctionScheduler - [Scheduler] Phát hiện có thay đổi danh sách phiên đấu giá (Kích hoạt: 0, Kết thúc: 1). Tiến hành Broadcast...
2026-05-28 00:46:44 [main] INFO  c.u.server.service.AuctionScheduler - [Scheduler] Bộ quét thời gian đấu giá tự động đã được kích hoạt!
2026-05-28 00:46:44 [main] INFO  com.uet.server.network.ServerMain - --- SERVER ĐANG CHỜ Ở CỔNG 27915 ---
2026-05-28 00:46:45 [pool-2-thread-1] INFO  c.uet.server.database.DBConnection - Connected to database!
2026-05-28 00:46:49 [main] INFO  com.uet.server.network.ServerMain - --- CÓ 1 CLIENT VỪA KẾT NỐI! ---
2026-05-28 00:46:49 [Thread-0] INFO  c.u.s.s.ClientRequestDispatcher - Đang đăng nhập: nam
2026-05-28 00:46:49 [Thread-0] WARN  com.uet.server.database.dao.UserDAO - UserDAO: file not found: \root\uploads\avatars\3846757029_bfd9560e-cb7a-4d45-9713-94add44d6970.png
2026-05-28 00:47:18 [Thread-0] WARN  c.uet.server.network.ClientHandler - Server: Không thể gửi phản hồi do Client đã chủ động ngắt kết nối vật lý (Đăng xuất/Tắt app).
2026-05-28 00:47:18 [Thread-0] INFO  c.uet.server.network.ClientHandler - [SERVER] Đã giải phóng hoàn toàn kết nối Socket vật lý.
2026-05-28 00:47:18 [Thread-0] INFO  c.uet.server.network.ClientHandler - [SERVER] Đã Xóa Client khỏi ClientManager thành công.
2026-05-28 00:49:24 [main] INFO  com.uet.server.network.ServerMain - --- CÓ 1 CLIENT VỪA KẾT NỐI! ---
2026-05-28 00:49:24 [Thread-1] INFO  c.u.s.s.ClientRequestDispatcher - Đang đăng nhập: nam
2026-05-28 00:49:24 [Thread-1] WARN  com.uet.server.database.dao.UserDAO - UserDAO: file not found: \root\uploads\avatars\3846757029_bfd9560e-cb7a-4d45-9713-94add44d6970.png
2026-05-28 00:49:44 [Thread-1] WARN  c.uet.server.network.ClientHandler - Server: Không thể gửi phản hồi do Client đã chủ động ngắt kết nối vật lý (Đăng xuất/Tắt app).
2026-05-28 00:49:44 [Thread-1] INFO  c.uet.server.network.ClientHandler - [SERVER] Đã giải phóng hoàn toàn kết nối Socket vật lý.
2026-05-28 00:49:44 [Thread-1] INFO  c.uet.server.network.ClientHandler - [SERVER] Đã Xóa Client khỏi ClientManager thành công.
2026-05-28 00:49:48 [main] INFO  com.uet.server.network.ServerMain - --- CÓ 1 CLIENT VỪA KẾT NỐI! ---
2026-05-28 00:49:48 [Thread-2] INFO  c.u.s.s.ClientRequestDispatcher - Đang đăng nhập: 1
2026-05-28 00:50:14 [Thread-2] INFO  c.uet.server.service.AuctionService - [SERVER] Đã lưu ảnh sản phẩm chờ duyệt tại path: file://D:\root\uploads/products/6134901206_a2b7adbe-236d-487a-9971-b81cea4acbf7.png
2026-05-28 00:50:14 [Thread-2] INFO  c.uet.server.database.dao.AuctionDAO - [DATABASE SUCCESS] Tạo thành công Item ID: 8977268210 và Auction ID: 3424155264
2026-05-28 00:50:14 [Thread-2] INFO  c.uet.server.service.AuctionService - [SERVER] Sản phẩm của User 6134901206 đang ở trạng thái PENDING.
2026-05-28 00:50:20 [Thread-2] WARN  c.uet.server.network.ClientHandler - Server: Không thể gửi phản hồi do Client đã chủ động ngắt kết nối vật lý (Đăng xuất/Tắt app).
2026-05-28 00:50:20 [Thread-2] INFO  c.uet.server.network.ClientHandler - [SERVER] Đã giải phóng hoàn toàn kết nối Socket vật lý.
2026-05-28 00:50:20 [Thread-2] INFO  c.uet.server.network.ClientHandler - [SERVER] Đã Xóa Client khỏi ClientManager thành công.
2026-05-28 00:50:27 [main] INFO  com.uet.server.network.ServerMain - --- CÓ 1 CLIENT VỪA KẾT NỐI! ---
2026-05-28 00:50:27 [Thread-3] INFO  c.u.s.s.ClientRequestDispatcher - Đang đăng nhập: admin1
2026-05-28 00:50:28 [Thread-3] INFO  c.u.s.service.AuctionRealtimeService - ==> Admin đang yêu cầu tải toàn bộ danh sách phiên đấu giá!
2026-05-28 00:50:30 [Thread-3] INFO  c.uet.server.database.dao.AuctionDAO - [Scheduler] Đã kích hoạt 1 phiên đấu giá sang trạng thái RUNNING!
2026-05-28 00:50:30 [Thread-3] INFO  c.u.s.service.AuctionRealtimeService - [Approve] Đã kích hoạt trực tiếp 1 phiên đấu giá sang RUNNING. Tiến hành phát sóng...
2026-05-28 00:50:30 [Thread-3] WARN  c.uet.server.database.dao.AuctionDAO - Không thể đọc file ảnh sản phẩm từ path: file://D:\root\uploads/products/6134901206_a2b7adbe-236d-487a-9971-b81cea4acbf7.png, lỗi: Illegal char <:> at index 3: /D:\root\uploads/products/6134901206_a2b7adbe-236d-487a-9971-b81cea4acbf7.png
2026-05-28 00:50:30 [Thread-3] INFO  c.u.s.service.AuctionRealtimeService - ==> Admin đang yêu cầu tải toàn bộ danh sách phiên đấu giá!
2026-05-28 00:50:37 [Thread-3] INFO  c.u.s.s.ClientRequestDispatcher - Đang đăng nhập: 1
2026-05-28 00:50:37 [Thread-3] WARN  c.uet.server.database.dao.AuctionDAO - Không thể đọc file ảnh sản phẩm từ path: file://D:\root\uploads/products/6134901206_a2b7adbe-236d-487a-9971-b81cea4acbf7.png, lỗi: Illegal char <:> at index 3: /D:\root\uploads/products/6134901206_a2b7adbe-236d-487a-9971-b81cea4acbf7.png
2026-05-28 00:50:41 [Thread-3] INFO  c.uet.server.network.ClientManager - Client joined auction: 3424155264
2026-05-28 00:50:41 [Thread-3] WARN  c.uet.server.database.dao.AuctionDAO - Không thể đọc file ảnh sản phẩm từ path: file://D:\root\uploads/products/6134901206_a2b7adbe-236d-487a-9971-b81cea4acbf7.png, lỗi: Illegal char <:> at index 3: /D:\root\uploads/products/6134901206_a2b7adbe-236d-487a-9971-b81cea4acbf7.png
2026-05-28 00:50:41 [pool-1-thread-1] INFO  c.uet.server.network.ClientManager - Gửi cập nhật ngay cho 1 client đang xem auction: 3424155264
2026-05-28 00:50:42 [Thread-3] INFO  c.uet.server.network.ClientManager - Client left auction: 3424155264
2026-05-28 00:50:42 [Thread-3] WARN  c.uet.server.database.dao.AuctionDAO - Không thể đọc file ảnh sản phẩm từ path: file://D:\root\uploads/products/6134901206_a2b7adbe-236d-487a-9971-b81cea4acbf7.png, lỗi: Illegal char <:> at index 3: /D:\root\uploads/products/6134901206_a2b7adbe-236d-487a-9971-b81cea4acbf7.png
2026-05-28 00:56:17 [Thread-3] INFO  c.uet.server.network.ClientHandler - Client ngắt kết nối hoặc có lỗi xảy ra: Connection reset
2026-05-28 00:56:17 [Thread-3] INFO  c.uet.server.network.ClientHandler - [SERVER] Đã giải phóng hoàn toàn kết nối Socket vật lý.
2026-05-28 00:56:17 [Thread-3] INFO  c.uet.server.network.ClientHandler - [SERVER] Đã Xóa Client khỏi ClientManager thành công.
2026-05-28 00:56:47 [main] INFO  com.uet.server.network.ServerMain - --- CÓ 1 CLIENT VỪA KẾT NỐI! ---
2026-05-28 00:56:47 [Thread-4] INFO  c.u.s.s.ClientRequestDispatcher - Đang đăng nhập: 1
2026-05-28 00:56:47 [Thread-4] WARN  c.uet.server.database.dao.AuctionDAO - Không thể đọc file ảnh sản phẩm từ path: file://D:\root\uploads/products/6134901206_a2b7adbe-236d-487a-9971-b81cea4acbf7.png, lỗi: Illegal char <:> at index 3: /D:\root\uploads/products/6134901206_a2b7adbe-236d-487a-9971-b81cea4acbf7.png
2026-05-28 00:56:52 [Thread-4] INFO  c.uet.server.network.ClientManager - Client joined auction: 3424155264
2026-05-28 00:56:52 [Thread-4] WARN  c.uet.server.database.dao.AuctionDAO - Không thể đọc file ảnh sản phẩm từ path: file://D:\root\uploads/products/6134901206_a2b7adbe-236d-487a-9971-b81cea4acbf7.png, lỗi: Illegal char <:> at index 3: /D:\root\uploads/products/6134901206_a2b7adbe-236d-487a-9971-b81cea4acbf7.png
2026-05-28 00:56:54 [pool-1-thread-1] INFO  c.uet.server.network.ClientManager - Gửi cập nhật ngay cho 1 client đang xem auction: 3424155264
2026-05-28 00:56:54 [Thread-4] INFO  c.uet.server.network.ClientManager - Client left auction: 3424155264
2026-05-28 00:56:54 [Thread-4] WARN  c.uet.server.database.dao.AuctionDAO - Không thể đọc file ảnh sản phẩm từ path: file://D:\root\uploads/products/6134901206_a2b7adbe-236d-487a-9971-b81cea4acbf7.png, lỗi: Illegal char <:> at index 3: /D:\root\uploads/products/6134901206_a2b7adbe-236d-487a-9971-b81cea4acbf7.png
2026-05-28 00:57:07 [Thread-4] INFO  c.uet.server.network.ClientHandler - Client ngắt kết nối hoặc có lỗi xảy ra: Connection reset
2026-05-28 00:57:07 [Thread-4] INFO  c.uet.server.network.ClientHandler - [SERVER] Đã giải phóng hoàn toàn kết nối Socket vật lý.
2026-05-28 00:57:07 [Thread-4] INFO  c.uet.server.network.ClientHandler - [SERVER] Đã Xóa Client khỏi ClientManager thành công.
2026-05-28 00:57:35 [main] INFO  com.uet.server.network.ServerMain - --- CÓ 1 CLIENT VỪA KẾT NỐI! ---
2026-05-28 00:57:35 [Thread-5] INFO  c.u.s.s.ClientRequestDispatcher - Đang đăng nhập: 1
2026-05-28 00:57:35 [Thread-5] WARN  c.uet.server.database.dao.AuctionDAO - Không thể đọc file ảnh sản phẩm từ path: file://D:\root\uploads/products/6134901206_a2b7adbe-236d-487a-9971-b81cea4acbf7.png, lỗi: Illegal char <:> at index 3: /D:\root\uploads/products/6134901206_a2b7adbe-236d-487a-9971-b81cea4acbf7.png
2026-05-28 01:04:26 [Thread-5] INFO  c.uet.server.network.ClientHandler - Client ngắt kết nối hoặc có lỗi xảy ra: Connection reset
2026-05-28 01:04:26 [Thread-5] INFO  c.uet.server.network.ClientHandler - [SERVER] Đã giải phóng hoàn toàn kết nối Socket vật lý.
2026-05-28 01:04:26 [Thread-5] INFO  c.uet.server.network.ClientHandler - [SERVER] Đã Xóa Client khỏi ClientManager thành công.
2026-05-28 01:04:35 [main] INFO  com.uet.server.network.ServerMain - --- CÓ 1 CLIENT VỪA KẾT NỐI! ---
2026-05-28 01:04:35 [Thread-6] INFO  c.u.s.s.ClientRequestDispatcher - Đang đăng nhập: nam
2026-05-28 01:04:35 [Thread-6] WARN  com.uet.server.database.dao.UserDAO - UserDAO: file not found: \root\uploads\avatars\3846757029_bfd9560e-cb7a-4d45-9713-94add44d6970.png
2026-05-28 01:04:35 [Thread-6] WARN  c.uet.server.database.dao.AuctionDAO - Không thể đọc file ảnh sản phẩm từ path: file://D:\root\uploads/products/6134901206_a2b7adbe-236d-487a-9971-b81cea4acbf7.png, lỗi: Illegal char <:> at index 3: /D:\root\uploads/products/6134901206_a2b7adbe-236d-487a-9971-b81cea4acbf7.png
2026-05-28 01:04:40 [Thread-6] INFO  c.uet.server.network.ClientManager - Client joined auction: 3424155264
2026-05-28 01:04:40 [Thread-6] WARN  c.uet.server.database.dao.AuctionDAO - Không thể đọc file ảnh sản phẩm từ path: file://D:\root\uploads/products/6134901206_a2b7adbe-236d-487a-9971-b81cea4acbf7.png, lỗi: Illegal char <:> at index 3: /D:\root\uploads/products/6134901206_a2b7adbe-236d-487a-9971-b81cea4acbf7.png
2026-05-28 01:04:41 [pool-1-thread-1] INFO  c.uet.server.network.ClientManager - Gửi cập nhật ngay cho 1 client đang xem auction: 3424155264
2026-05-28 01:04:42 [Thread-6] INFO  c.uet.server.network.ClientManager - Client left auction: 3424155264
2026-05-28 01:04:42 [Thread-6] WARN  c.uet.server.database.dao.AuctionDAO - Không thể đọc file ảnh sản phẩm từ path: file://D:\root\uploads/products/6134901206_a2b7adbe-236d-487a-9971-b81cea4acbf7.png, lỗi: Illegal char <:> at index 3: /D:\root\uploads/products/6134901206_a2b7adbe-236d-487a-9971-b81cea4acbf7.png
2026-05-28 01:04:51 [Thread-6] INFO  c.uet.server.network.ClientHandler - Client ngắt kết nối hoặc có lỗi xảy ra: Connection reset
2026-05-28 01:04:51 [Thread-6] INFO  c.uet.server.network.ClientHandler - [SERVER] Đã giải phóng hoàn toàn kết nối Socket vật lý.
2026-05-28 01:04:51 [Thread-6] INFO  c.uet.server.network.ClientHandler - [SERVER] Đã Xóa Client khỏi ClientManager thành công.
2026-05-28 08:00:01 [main] INFO  c.u.server.service.AuctionScheduler - [Scheduler] Bộ quét thời gian đấu giá tự động đã được kích hoạt!
2026-05-28 08:00:01 [main] INFO  com.uet.server.network.ServerMain - --- SERVER ĐANG CHỜ Ở CỔNG 27915 ---
2026-05-28 08:00:01 [pool-2-thread-1] INFO  c.uet.server.database.DBConnection - Connected to database!
2026-05-28 08:00:12 [main] INFO  com.uet.server.network.ServerMain - --- CÓ 1 CLIENT VỪA KẾT NỐI! ---
2026-05-28 08:00:12 [Thread-0] INFO  c.u.s.s.ClientRequestDispatcher - Đang đăng nhập: nam
2026-05-28 08:00:12 [Thread-0] WARN  com.uet.server.database.dao.UserDAO - UserDAO: file not found: \root\uploads\avatars\3846757029_bfd9560e-cb7a-4d45-9713-94add44d6970.png
2026-05-28 08:00:12 [Thread-0] WARN  c.uet.server.database.dao.AuctionDAO - Không thể đọc file ảnh sản phẩm từ path: file://D:\root\uploads/products/6134901206_a2b7adbe-236d-487a-9971-b81cea4acbf7.png, lỗi: Illegal char <:> at index 3: /D:\root\uploads/products/6134901206_a2b7adbe-236d-487a-9971-b81cea4acbf7.png
2026-05-28 08:00:16 [Thread-0] WARN  c.uet.server.database.dao.AuctionDAO - Không thể đọc file ảnh sản phẩm từ path: file://D:\root\uploads/products/6134901206_a2b7adbe-236d-487a-9971-b81cea4acbf7.png, lỗi: Illegal char <:> at index 3: /D:\root\uploads/products/6134901206_a2b7adbe-236d-487a-9971-b81cea4acbf7.png
2026-05-28 08:03:50 [main] INFO  c.u.server.service.AuctionScheduler - [Scheduler] Bộ quét thời gian đấu giá tự động đã được kích hoạt!
2026-05-28 08:03:50 [main] INFO  com.uet.server.network.ServerMain - --- SERVER ĐANG CHỜ Ở CỔNG 27915 ---
2026-05-28 08:03:50 [pool-2-thread-1] INFO  c.uet.server.database.DBConnection - Connected to database!
2026-05-28 08:04:00 [main] INFO  com.uet.server.network.ServerMain - --- CÓ 1 CLIENT VỪA KẾT NỐI! ---
2026-05-28 08:04:00 [Thread-0] INFO  c.u.s.s.ClientRequestDispatcher - Đang đăng nhập: nam
2026-05-28 08:04:00 [Thread-0] WARN  com.uet.server.database.dao.UserDAO - UserDAO: file not found: \root\uploads\avatars\3846757029_bfd9560e-cb7a-4d45-9713-94add44d6970.png
2026-05-28 08:04:00 [Thread-0] WARN  c.uet.server.database.dao.AuctionDAO - Không thể đọc file ảnh sản phẩm từ path: file://D:\root\uploads/products/6134901206_a2b7adbe-236d-487a-9971-b81cea4acbf7.png, lỗi: Illegal char <:> at index 3: /D:\root\uploads/products/6134901206_a2b7adbe-236d-487a-9971-b81cea4acbf7.png
2026-05-28 08:04:03 [Thread-0] WARN  c.uet.server.database.dao.AuctionDAO - Không thể đọc file ảnh sản phẩm từ path: file://D:\root\uploads/products/U004_94883993-ff92-4d1b-9052-4bebea1eb69e.png, lỗi: Illegal char <:> at index 3: /D:\root\uploads/products/U004_94883993-ff92-4d1b-9052-4bebea1eb69e.png
2026-05-28 08:04:03 [Thread-0] WARN  c.uet.server.database.dao.AuctionDAO - Không thể đọc file ảnh sản phẩm từ path: file://D:\root\uploads/products/U004_6020268a-792a-4fc2-bb22-b8ea3f40272b.png, lỗi: Illegal char <:> at index 3: /D:\root\uploads/products/U004_6020268a-792a-4fc2-bb22-b8ea3f40272b.png
2026-05-28 08:04:03 [Thread-0] WARN  c.uet.server.database.dao.AuctionDAO - Không thể đọc file ảnh sản phẩm từ path: file://D:\root\uploads/products/U004_37539db0-ff21-4960-b0b6-b7155dc45046.png, lỗi: Illegal char <:> at index 3: /D:\root\uploads/products/U004_37539db0-ff21-4960-b0b6-b7155dc45046.png
2026-05-28 08:04:03 [Thread-0] WARN  c.uet.server.database.dao.AuctionDAO - Không thể đọc file ảnh sản phẩm từ path: file://D:\root\uploads/products/U004_13fbebc8-3ff3-4177-950d-58131da1231a.png, lỗi: Illegal char <:> at index 3: /D:\root\uploads/products/U004_13fbebc8-3ff3-4177-950d-58131da1231a.png
2026-05-28 08:08:36 [Thread-0] INFO  c.uet.server.network.ClientHandler - Client ngắt kết nối hoặc có lỗi xảy ra: Connection reset
2026-05-28 08:08:36 [Thread-0] INFO  c.uet.server.network.ClientHandler - [SERVER] Đã giải phóng hoàn toàn kết nối Socket vật lý.
2026-05-28 08:08:36 [Thread-0] INFO  c.uet.server.network.ClientHandler - [SERVER] Đã Xóa Client khỏi ClientManager thành công.
2026-05-28 08:08:43 [main] INFO  c.u.server.service.AuctionScheduler - [Scheduler] Bộ quét thời gian đấu giá tự động đã được kích hoạt!
2026-05-28 08:08:43 [main] INFO  com.uet.server.network.ServerMain - --- SERVER ĐANG CHỜ Ở CỔNG 27915 ---
2026-05-28 08:08:43 [pool-2-thread-1] INFO  c.uet.server.database.DBConnection - Connected to database!
2026-05-28 08:09:17 [main] INFO  com.uet.server.network.ServerMain - --- CÓ 1 CLIENT VỪA KẾT NỐI! ---
2026-05-28 08:09:17 [Thread-0] INFO  c.u.s.s.ClientRequestDispatcher - Đang đăng nhập: nam
2026-05-28 08:09:17 [Thread-0] WARN  com.uet.server.database.dao.UserDAO - UserDAO: file not found: \root\uploads\avatars\3846757029_bfd9560e-cb7a-4d45-9713-94add44d6970.png
2026-05-28 08:09:17 [Thread-0] WARN  c.uet.server.database.dao.AuctionDAO - Không thể đọc file ảnh sản phẩm từ path: file://D:\root\uploads/products/6134901206_a2b7adbe-236d-487a-9971-b81cea4acbf7.png, lỗi: Illegal char <:> at index 3: /D:\root\uploads/products/6134901206_a2b7adbe-236d-487a-9971-b81cea4acbf7.png
2026-05-28 08:09:19 [Thread-0] INFO  c.uet.server.network.ClientManager - Client joined auction: 3424155264
2026-05-28 08:09:19 [Thread-0] WARN  c.uet.server.database.dao.AuctionDAO - Không thể đọc file ảnh sản phẩm từ path: file://D:\root\uploads/products/6134901206_a2b7adbe-236d-487a-9971-b81cea4acbf7.png, lỗi: Illegal char <:> at index 3: /D:\root\uploads/products/6134901206_a2b7adbe-236d-487a-9971-b81cea4acbf7.png
2026-05-28 08:09:20 [pool-1-thread-1] INFO  c.uet.server.network.ClientManager - Gửi cập nhật ngay cho 1 client đang xem auction: 3424155264
2026-05-28 08:09:22 [pool-1-thread-1] INFO  c.uet.server.network.ClientManager - Gửi cập nhật ngay cho 1 client đang xem auction: 3424155264
2026-05-28 08:09:23 [Thread-0] INFO  c.uet.server.network.ClientManager - Client left auction: 3424155264
2026-05-28 08:09:23 [Thread-0] WARN  c.uet.server.database.dao.AuctionDAO - Không thể đọc file ảnh sản phẩm từ path: file://D:\root\uploads/products/6134901206_a2b7adbe-236d-487a-9971-b81cea4acbf7.png, lỗi: Illegal char <:> at index 3: /D:\root\uploads/products/6134901206_a2b7adbe-236d-487a-9971-b81cea4acbf7.png
2026-05-28 08:09:25 [Thread-0] WARN  c.uet.server.database.dao.AuctionDAO - Không thể đọc file ảnh sản phẩm từ path: file://D:\root\uploads/products/U004_94883993-ff92-4d1b-9052-4bebea1eb69e.png, lỗi: Illegal char <:> at index 3: /D:\root\uploads/products/U004_94883993-ff92-4d1b-9052-4bebea1eb69e.png
2026-05-28 08:09:25 [Thread-0] WARN  c.uet.server.database.dao.AuctionDAO - Không thể đọc file ảnh sản phẩm từ path: file://D:\root\uploads/products/U004_6020268a-792a-4fc2-bb22-b8ea3f40272b.png, lỗi: Illegal char <:> at index 3: /D:\root\uploads/products/U004_6020268a-792a-4fc2-bb22-b8ea3f40272b.png
2026-05-28 08:09:25 [Thread-0] WARN  c.uet.server.database.dao.AuctionDAO - Không thể đọc file ảnh sản phẩm từ path: file://D:\root\uploads/products/U004_37539db0-ff21-4960-b0b6-b7155dc45046.png, lỗi: Illegal char <:> at index 3: /D:\root\uploads/products/U004_37539db0-ff21-4960-b0b6-b7155dc45046.png
2026-05-28 08:09:25 [Thread-0] WARN  c.uet.server.database.dao.AuctionDAO - Không thể đọc file ảnh sản phẩm từ path: file://D:\root\uploads/products/U004_13fbebc8-3ff3-4177-950d-58131da1231a.png, lỗi: Illegal char <:> at index 3: /D:\root\uploads/products/U004_13fbebc8-3ff3-4177-950d-58131da1231a.png
2026-05-28 08:09:31 [Thread-0] WARN  c.uet.server.database.dao.AuctionDAO - Không thể đọc file ảnh sản phẩm từ path: file://D:\root\uploads/products/U004_94883993-ff92-4d1b-9052-4bebea1eb69e.png, lỗi: Illegal char <:> at index 3: /D:\root\uploads/products/U004_94883993-ff92-4d1b-9052-4bebea1eb69e.png
2026-05-28 08:09:31 [Thread-0] INFO  c.uet.server.database.dao.AuctionDAO - [DELETE] Đã xóa toàn bộ lượt bid liên quan ở bảng bids, ID: 3607859930
2026-05-28 08:09:31 [Thread-0] INFO  c.uet.server.database.dao.AuctionDAO - [DELETE] Đã xóa phiên đấu giá ở bảng auctions, ID: 3607859930
2026-05-28 08:09:31 [Thread-0] INFO  c.uet.server.database.dao.AuctionDAO - [DELETE] Đã xóa sản phẩm ở bảng items thành công, ID: 6647119502
2026-05-28 08:09:31 [Thread-0] INFO  c.uet.server.database.dao.AuctionDAO - [DELETE SUCCESS] Đã dọn dẹp sạch sẽ phiên 3607859930 và sản phẩm 6647119502 khỏi hệ thống!
2026-05-28 08:09:40 [Thread-0] INFO  c.uet.server.database.dao.AuctionDAO - [DELETE] Đã xóa toàn bộ lượt bid liên quan ở bảng bids, ID: 7438259586
2026-05-28 08:09:40 [Thread-0] INFO  c.uet.server.database.dao.AuctionDAO - [DELETE] Đã xóa phiên đấu giá ở bảng auctions, ID: 7438259586
2026-05-28 08:09:40 [Thread-0] INFO  c.uet.server.database.dao.AuctionDAO - [DELETE] Đã xóa sản phẩm ở bảng items thành công, ID: 8016172120
2026-05-28 08:09:40 [Thread-0] INFO  c.uet.server.database.dao.AuctionDAO - [DELETE SUCCESS] Đã dọn dẹp sạch sẽ phiên 7438259586 và sản phẩm 8016172120 khỏi hệ thống!
2026-05-28 08:09:45 [Thread-0] INFO  c.uet.server.database.dao.AuctionDAO - [DELETE] Đã xóa toàn bộ lượt bid liên quan ở bảng bids, ID: 7074102437
2026-05-28 08:09:45 [Thread-0] INFO  c.uet.server.database.dao.AuctionDAO - [DELETE] Đã xóa phiên đấu giá ở bảng auctions, ID: 7074102437
2026-05-28 08:09:45 [Thread-0] INFO  c.uet.server.database.dao.AuctionDAO - [DELETE] Đã xóa sản phẩm ở bảng items thành công, ID: 9101951412
2026-05-28 08:09:45 [Thread-0] INFO  c.uet.server.database.dao.AuctionDAO - [DELETE SUCCESS] Đã dọn dẹp sạch sẽ phiên 7074102437 và sản phẩm 9101951412 khỏi hệ thống!
2026-05-28 08:09:49 [Thread-0] INFO  c.uet.server.database.dao.AuctionDAO - [DELETE] Đã xóa toàn bộ lượt bid liên quan ở bảng bids, ID: 1111736804
2026-05-28 08:09:49 [Thread-0] INFO  c.uet.server.database.dao.AuctionDAO - [DELETE] Đã xóa phiên đấu giá ở bảng auctions, ID: 1111736804
2026-05-28 08:09:49 [Thread-0] INFO  c.uet.server.database.dao.AuctionDAO - [DELETE] Đã xóa sản phẩm ở bảng items thành công, ID: 3495833844
2026-05-28 08:09:49 [Thread-0] INFO  c.uet.server.database.dao.AuctionDAO - [DELETE SUCCESS] Đã dọn dẹp sạch sẽ phiên 1111736804 và sản phẩm 3495833844 khỏi hệ thống!
2026-05-28 08:10:42 [Thread-0] INFO  c.uet.server.network.ClientHandler - Client ngắt kết nối hoặc có lỗi xảy ra: Connection reset
2026-05-28 08:10:42 [Thread-0] INFO  c.uet.server.network.ClientHandler - [SERVER] Đã giải phóng hoàn toàn kết nối Socket vật lý.
2026-05-28 08:10:42 [Thread-0] INFO  c.uet.server.network.ClientHandler - [SERVER] Đã Xóa Client khỏi ClientManager thành công.
2026-05-28 08:10:51 [main] INFO  com.uet.server.network.ServerMain - --- CÓ 1 CLIENT VỪA KẾT NỐI! ---
2026-05-28 08:10:51 [Thread-1] INFO  c.u.s.s.ClientRequestDispatcher - Đang đăng nhập: nam
2026-05-28 08:10:51 [Thread-1] WARN  com.uet.server.database.dao.UserDAO - UserDAO: file not found: \root\uploads\avatars\3846757029_bfd9560e-cb7a-4d45-9713-94add44d6970.png
2026-05-28 08:10:51 [Thread-1] WARN  c.uet.server.database.dao.AuctionDAO - Không thể đọc file ảnh sản phẩm từ path: file://D:\root\uploads/products/6134901206_a2b7adbe-236d-487a-9971-b81cea4acbf7.png, lỗi: Illegal char <:> at index 3: /D:\root\uploads/products/6134901206_a2b7adbe-236d-487a-9971-b81cea4acbf7.png
2026-05-28 08:10:56 [Thread-1] WARN  c.uet.server.database.dao.AuctionDAO - Không thể đọc file ảnh sản phẩm từ path: file://D:\root\uploads/products/6134901206_a2b7adbe-236d-487a-9971-b81cea4acbf7.png, lỗi: Illegal char <:> at index 3: /D:\root\uploads/products/6134901206_a2b7adbe-236d-487a-9971-b81cea4acbf7.png
2026-05-28 08:10:58 [Thread-1] WARN  c.uet.server.database.dao.AuctionDAO - Không thể đọc file ảnh sản phẩm từ path: file://D:\root\uploads/products/U004_6020268a-792a-4fc2-bb22-b8ea3f40272b.png, lỗi: Illegal char <:> at index 3: /D:\root\uploads/products/U004_6020268a-792a-4fc2-bb22-b8ea3f40272b.png
2026-05-28 08:10:58 [Thread-1] WARN  c.uet.server.database.dao.AuctionDAO - Không thể đọc file ảnh sản phẩm từ path: file://D:\root\uploads/products/U004_37539db0-ff21-4960-b0b6-b7155dc45046.png, lỗi: Illegal char <:> at index 3: /D:\root\uploads/products/U004_37539db0-ff21-4960-b0b6-b7155dc45046.png
2026-05-28 08:10:58 [Thread-1] WARN  c.uet.server.database.dao.AuctionDAO - Không thể đọc file ảnh sản phẩm từ path: file://D:\root\uploads/products/U004_13fbebc8-3ff3-4177-950d-58131da1231a.png, lỗi: Illegal char <:> at index 3: /D:\root\uploads/products/U004_13fbebc8-3ff3-4177-950d-58131da1231a.png
2026-05-28 08:12:43 [Thread-1] INFO  c.uet.server.network.ClientHandler - Client ngắt kết nối hoặc có lỗi xảy ra: Connection reset
2026-05-28 08:12:43 [Thread-1] INFO  c.uet.server.network.ClientHandler - [SERVER] Đã giải phóng hoàn toàn kết nối Socket vật lý.
2026-05-28 08:12:43 [Thread-1] INFO  c.uet.server.network.ClientHandler - [SERVER] Đã Xóa Client khỏi ClientManager thành công.
2026-05-28 08:12:53 [main] INFO  com.uet.server.network.ServerMain - --- CÓ 1 CLIENT VỪA KẾT NỐI! ---
2026-05-28 08:12:53 [Thread-2] INFO  c.u.s.s.ClientRequestDispatcher - Đang đăng nhập: nam
2026-05-28 08:12:53 [Thread-2] WARN  com.uet.server.database.dao.UserDAO - UserDAO: file not found: \root\uploads\avatars\3846757029_bfd9560e-cb7a-4d45-9713-94add44d6970.png
2026-05-28 08:12:53 [Thread-2] WARN  c.uet.server.database.dao.AuctionDAO - Không thể đọc file ảnh sản phẩm từ path: file://D:\root\uploads/products/6134901206_a2b7adbe-236d-487a-9971-b81cea4acbf7.png, lỗi: Illegal char <:> at index 3: /D:\root\uploads/products/6134901206_a2b7adbe-236d-487a-9971-b81cea4acbf7.png
2026-05-28 08:12:57 [Thread-2] WARN  c.uet.server.database.dao.AuctionDAO - Không thể đọc file ảnh sản phẩm từ path: file://D:\root\uploads/products/6134901206_a2b7adbe-236d-487a-9971-b81cea4acbf7.png, lỗi: Illegal char <:> at index 3: /D:\root\uploads/products/6134901206_a2b7adbe-236d-487a-9971-b81cea4acbf7.png
2026-05-28 08:12:59 [Thread-2] WARN  c.uet.server.database.dao.AuctionDAO - Không thể đọc file ảnh sản phẩm từ path: file://D:\root\uploads/products/U004_6020268a-792a-4fc2-bb22-b8ea3f40272b.png, lỗi: Illegal char <:> at index 3: /D:\root\uploads/products/U004_6020268a-792a-4fc2-bb22-b8ea3f40272b.png
2026-05-28 08:12:59 [Thread-2] WARN  c.uet.server.database.dao.AuctionDAO - Không thể đọc file ảnh sản phẩm từ path: file://D:\root\uploads/products/U004_37539db0-ff21-4960-b0b6-b7155dc45046.png, lỗi: Illegal char <:> at index 3: /D:\root\uploads/products/U004_37539db0-ff21-4960-b0b6-b7155dc45046.png
2026-05-28 08:12:59 [Thread-2] WARN  c.uet.server.database.dao.AuctionDAO - Không thể đọc file ảnh sản phẩm từ path: file://D:\root\uploads/products/U004_13fbebc8-3ff3-4177-950d-58131da1231a.png, lỗi: Illegal char <:> at index 3: /D:\root\uploads/products/U004_13fbebc8-3ff3-4177-950d-58131da1231a.png
2026-05-28 08:13:07 [Thread-2] WARN  c.uet.server.database.dao.AuctionDAO - Không thể đọc file ảnh sản phẩm từ path: file://D:\root\uploads/products/6134901206_a2b7adbe-236d-487a-9971-b81cea4acbf7.png, lỗi: Illegal char <:> at index 3: /D:\root\uploads/products/6134901206_a2b7adbe-236d-487a-9971-b81cea4acbf7.png
2026-05-28 08:13:09 [Thread-2] WARN  c.uet.server.database.dao.AuctionDAO - Không thể đọc file ảnh sản phẩm từ path: file://D:\root\uploads/products/U004_6020268a-792a-4fc2-bb22-b8ea3f40272b.png, lỗi: Illegal char <:> at index 3: /D:\root\uploads/products/U004_6020268a-792a-4fc2-bb22-b8ea3f40272b.png
2026-05-28 08:13:09 [Thread-2] WARN  c.uet.server.database.dao.AuctionDAO - Không thể đọc file ảnh sản phẩm từ path: file://D:\root\uploads/products/U004_37539db0-ff21-4960-b0b6-b7155dc45046.png, lỗi: Illegal char <:> at index 3: /D:\root\uploads/products/U004_37539db0-ff21-4960-b0b6-b7155dc45046.png
2026-05-28 08:13:09 [Thread-2] WARN  c.uet.server.database.dao.AuctionDAO - Không thể đọc file ảnh sản phẩm từ path: file://D:\root\uploads/products/U004_13fbebc8-3ff3-4177-950d-58131da1231a.png, lỗi: Illegal char <:> at index 3: /D:\root\uploads/products/U004_13fbebc8-3ff3-4177-950d-58131da1231a.png
2026-05-28 08:13:13 [Thread-2] WARN  c.uet.server.database.dao.AuctionDAO - Không thể đọc file ảnh sản phẩm từ path: file://D:\root\uploads/products/6134901206_a2b7adbe-236d-487a-9971-b81cea4acbf7.png, lỗi: Illegal char <:> at index 3: /D:\root\uploads/products/6134901206_a2b7adbe-236d-487a-9971-b81cea4acbf7.png
2026-05-28 08:13:18 [Thread-2] WARN  c.uet.server.database.dao.AuctionDAO - Không thể đọc file ảnh sản phẩm từ path: file://D:\root\uploads/products/U004_6020268a-792a-4fc2-bb22-b8ea3f40272b.png, lỗi: Illegal char <:> at index 3: /D:\root\uploads/products/U004_6020268a-792a-4fc2-bb22-b8ea3f40272b.png
2026-05-28 08:13:18 [Thread-2] WARN  c.uet.server.database.dao.AuctionDAO - Không thể đọc file ảnh sản phẩm từ path: file://D:\root\uploads/products/U004_37539db0-ff21-4960-b0b6-b7155dc45046.png, lỗi: Illegal char <:> at index 3: /D:\root\uploads/products/U004_37539db0-ff21-4960-b0b6-b7155dc45046.png
2026-05-28 08:13:18 [Thread-2] WARN  c.uet.server.database.dao.AuctionDAO - Không thể đọc file ảnh sản phẩm từ path: file://D:\root\uploads/products/U004_13fbebc8-3ff3-4177-950d-58131da1231a.png, lỗi: Illegal char <:> at index 3: /D:\root\uploads/products/U004_13fbebc8-3ff3-4177-950d-58131da1231a.png
2026-05-28 08:13:19 [Thread-2] INFO  c.uet.server.network.ClientHandler - Client ngắt kết nối hoặc có lỗi xảy ra: Connection reset
2026-05-28 08:13:19 [Thread-2] INFO  c.uet.server.network.ClientHandler - [SERVER] Đã giải phóng hoàn toàn kết nối Socket vật lý.
2026-05-28 08:13:19 [Thread-2] INFO  c.uet.server.network.ClientHandler - [SERVER] Đã Xóa Client khỏi ClientManager thành công.
2026-05-28 08:14:40 [main] INFO  com.uet.server.network.ServerMain - --- CÓ 1 CLIENT VỪA KẾT NỐI! ---
2026-05-28 08:14:40 [Thread-3] INFO  c.u.s.s.ClientRequestDispatcher - Đang đăng nhập: nam
2026-05-28 08:14:40 [Thread-3] WARN  com.uet.server.database.dao.UserDAO - UserDAO: file not found: \root\uploads\avatars\3846757029_bfd9560e-cb7a-4d45-9713-94add44d6970.png
2026-05-28 08:14:40 [Thread-3] WARN  c.uet.server.database.dao.AuctionDAO - Không thể đọc file ảnh sản phẩm từ path: file://D:\root\uploads/products/6134901206_a2b7adbe-236d-487a-9971-b81cea4acbf7.png, lỗi: Illegal char <:> at index 3: /D:\root\uploads/products/6134901206_a2b7adbe-236d-487a-9971-b81cea4acbf7.png
2026-05-28 08:14:43 [Thread-3] WARN  c.uet.server.database.dao.AuctionDAO - Không thể đọc file ảnh sản phẩm từ path: file://D:\root\uploads/products/U004_6020268a-792a-4fc2-bb22-b8ea3f40272b.png, lỗi: Illegal char <:> at index 3: /D:\root\uploads/products/U004_6020268a-792a-4fc2-bb22-b8ea3f40272b.png
2026-05-28 08:14:43 [Thread-3] WARN  c.uet.server.database.dao.AuctionDAO - Không thể đọc file ảnh sản phẩm từ path: file://D:\root\uploads/products/U004_37539db0-ff21-4960-b0b6-b7155dc45046.png, lỗi: Illegal char <:> at index 3: /D:\root\uploads/products/U004_37539db0-ff21-4960-b0b6-b7155dc45046.png
2026-05-28 08:14:43 [Thread-3] WARN  c.uet.server.database.dao.AuctionDAO - Không thể đọc file ảnh sản phẩm từ path: file://D:\root\uploads/products/U004_13fbebc8-3ff3-4177-950d-58131da1231a.png, lỗi: Illegal char <:> at index 3: /D:\root\uploads/products/U004_13fbebc8-3ff3-4177-950d-58131da1231a.png
2026-05-28 08:14:47 [Thread-3] WARN  c.uet.server.database.dao.AuctionDAO - Không thể đọc file ảnh sản phẩm từ path: file://D:\root\uploads/products/6134901206_a2b7adbe-236d-487a-9971-b81cea4acbf7.png, lỗi: Illegal char <:> at index 3: /D:\root\uploads/products/6134901206_a2b7adbe-236d-487a-9971-b81cea4acbf7.png
2026-05-28 08:14:49 [Thread-3] INFO  c.uet.server.network.ClientHandler - [SERVER] Đã giải phóng hoàn toàn kết nối Socket vật lý.
2026-05-28 08:14:49 [Thread-3] INFO  c.uet.server.network.ClientHandler - [SERVER] Đã Xóa Client khỏi ClientManager thành công.
2026-05-28 08:14:53 [main] INFO  com.uet.server.network.ServerMain - --- CÓ 1 CLIENT VỪA KẾT NỐI! ---
2026-05-28 08:14:53 [Thread-4] INFO  c.u.s.s.ClientRequestDispatcher - Đang đăng nhập: 1
2026-05-28 08:14:53 [Thread-4] WARN  c.uet.server.database.dao.AuctionDAO - Không thể đọc file ảnh sản phẩm từ path: file://D:\root\uploads/products/6134901206_a2b7adbe-236d-487a-9971-b81cea4acbf7.png, lỗi: Illegal char <:> at index 3: /D:\root\uploads/products/6134901206_a2b7adbe-236d-487a-9971-b81cea4acbf7.png
2026-05-28 08:14:56 [Thread-4] WARN  c.uet.server.database.dao.AuctionDAO - Không thể đọc file ảnh sản phẩm từ path: file://D:\root\uploads/products/6134901206_a2b7adbe-236d-487a-9971-b81cea4acbf7.png, lỗi: Illegal char <:> at index 3: /D:\root\uploads/products/6134901206_a2b7adbe-236d-487a-9971-b81cea4acbf7.png
2026-05-28 08:14:56 [Thread-4] WARN  c.uet.server.database.dao.AuctionDAO - Không thể đọc file ảnh sản phẩm từ path: file://D:\root\uploads/products/6134901206_db197e8d-0163-4119-b4e6-7b44e948399c.png, lỗi: Illegal char <:> at index 3: /D:\root\uploads/products/6134901206_db197e8d-0163-4119-b4e6-7b44e948399c.png
2026-05-28 08:14:56 [Thread-4] WARN  c.uet.server.database.dao.AuctionDAO - Không thể đọc file ảnh sản phẩm từ path: file://D:\root\uploads/products/6134901206_ec2d790d-1651-47f0-89a7-7458f84c741d.png, lỗi: Illegal char <:> at index 3: /D:\root\uploads/products/6134901206_ec2d790d-1651-47f0-89a7-7458f84c741d.png
2026-05-28 08:14:56 [Thread-4] WARN  c.uet.server.database.dao.AuctionDAO - Không thể đọc file ảnh sản phẩm từ path: file://D:\root\uploads/products/6134901206_828467a6-8fe7-484a-aa05-67f6d13bb8f0.png, lỗi: Illegal char <:> at index 3: /D:\root\uploads/products/6134901206_828467a6-8fe7-484a-aa05-67f6d13bb8f0.png
2026-05-28 08:15:34 [Thread-4] WARN  c.uet.server.database.dao.AuctionDAO - Không thể đọc file ảnh sản phẩm từ path: file://D:\root\uploads/products/6134901206_a2b7adbe-236d-487a-9971-b81cea4acbf7.png, lỗi: Illegal char <:> at index 3: /D:\root\uploads/products/6134901206_a2b7adbe-236d-487a-9971-b81cea4acbf7.png
2026-05-28 08:15:40 [Thread-4] WARN  c.uet.server.database.dao.AuctionDAO - Không thể đọc file ảnh sản phẩm từ path: file://D:\root\uploads/products/6134901206_db197e8d-0163-4119-b4e6-7b44e948399c.png, lỗi: Illegal char <:> at index 3: /D:\root\uploads/products/6134901206_db197e8d-0163-4119-b4e6-7b44e948399c.png
2026-05-28 08:15:53 [Thread-4] INFO  c.uet.server.network.ClientHandler - Client ngắt kết nối hoặc có lỗi xảy ra: Connection reset
2026-05-28 08:15:53 [Thread-4] INFO  c.uet.server.network.ClientHandler - [SERVER] Đã giải phóng hoàn toàn kết nối Socket vật lý.
2026-05-28 08:15:53 [Thread-4] INFO  c.uet.server.network.ClientHandler - [SERVER] Đã Xóa Client khỏi ClientManager thành công.
2026-05-28 08:25:35 [main] INFO  com.uet.server.network.ServerMain - --- CÓ 1 CLIENT VỪA KẾT NỐI! ---
2026-05-28 08:25:35 [Thread-5] INFO  c.u.s.s.ClientRequestDispatcher - Đang đăng nhập: nam
2026-05-28 08:25:35 [Thread-5] WARN  com.uet.server.database.dao.UserDAO - UserDAO: file not found: \root\uploads\avatars\3846757029_bfd9560e-cb7a-4d45-9713-94add44d6970.png
2026-05-28 08:25:35 [Thread-5] WARN  c.uet.server.database.dao.AuctionDAO - Không thể đọc file ảnh sản phẩm từ path: file://D:\root\uploads/products/6134901206_a2b7adbe-236d-487a-9971-b81cea4acbf7.png, lỗi: Illegal char <:> at index 3: /D:\root\uploads/products/6134901206_a2b7adbe-236d-487a-9971-b81cea4acbf7.png
2026-05-28 08:25:39 [Thread-5] WARN  c.uet.server.database.dao.AuctionDAO - Không thể đọc file ảnh sản phẩm từ path: file://D:\root\uploads/products/U004_6020268a-792a-4fc2-bb22-b8ea3f40272b.png, lỗi: Illegal char <:> at index 3: /D:\root\uploads/products/U004_6020268a-792a-4fc2-bb22-b8ea3f40272b.png
2026-05-28 08:25:39 [Thread-5] WARN  c.uet.server.database.dao.AuctionDAO - Không thể đọc file ảnh sản phẩm từ path: file://D:\root\uploads/products/U004_37539db0-ff21-4960-b0b6-b7155dc45046.png, lỗi: Illegal char <:> at index 3: /D:\root\uploads/products/U004_37539db0-ff21-4960-b0b6-b7155dc45046.png
2026-05-28 08:25:39 [Thread-5] WARN  c.uet.server.database.dao.AuctionDAO - Không thể đọc file ảnh sản phẩm từ path: file://D:\root\uploads/products/U004_13fbebc8-3ff3-4177-950d-58131da1231a.png, lỗi: Illegal char <:> at index 3: /D:\root\uploads/products/U004_13fbebc8-3ff3-4177-950d-58131da1231a.png
2026-05-28 08:25:48 [Thread-5] WARN  c.uet.server.database.dao.AuctionDAO - Không thể đọc file ảnh sản phẩm từ path: file://D:\root\uploads/products/6134901206_a2b7adbe-236d-487a-9971-b81cea4acbf7.png, lỗi: Illegal char <:> at index 3: /D:\root\uploads/products/6134901206_a2b7adbe-236d-487a-9971-b81cea4acbf7.png
2026-05-28 08:25:51 [Thread-5] INFO  c.uet.server.network.ClientHandler - [SERVER] Đã giải phóng hoàn toàn kết nối Socket vật lý.
2026-05-28 08:25:51 [Thread-5] INFO  c.uet.server.network.ClientHandler - [SERVER] Đã Xóa Client khỏi ClientManager thành công.
2026-05-28 08:25:55 [main] INFO  com.uet.server.network.ServerMain - --- CÓ 1 CLIENT VỪA KẾT NỐI! ---
2026-05-28 08:25:55 [Thread-6] INFO  c.u.s.s.ClientRequestDispatcher - Đang đăng nhập: 1
2026-05-28 08:25:55 [Thread-6] WARN  c.uet.server.database.dao.AuctionDAO - Không thể đọc file ảnh sản phẩm từ path: file://D:\root\uploads/products/6134901206_a2b7adbe-236d-487a-9971-b81cea4acbf7.png, lỗi: Illegal char <:> at index 3: /D:\root\uploads/products/6134901206_a2b7adbe-236d-487a-9971-b81cea4acbf7.png
2026-05-28 08:25:57 [Thread-6] WARN  c.uet.server.database.dao.AuctionDAO - Không thể đọc file ảnh sản phẩm từ path: file://D:\root\uploads/products/6134901206_a2b7adbe-236d-487a-9971-b81cea4acbf7.png, lỗi: Illegal char <:> at index 3: /D:\root\uploads/products/6134901206_a2b7adbe-236d-487a-9971-b81cea4acbf7.png
2026-05-28 08:25:57 [Thread-6] WARN  c.uet.server.database.dao.AuctionDAO - Không thể đọc file ảnh sản phẩm từ path: file://D:\root\uploads/products/6134901206_db197e8d-0163-4119-b4e6-7b44e948399c.png, lỗi: Illegal char <:> at index 3: /D:\root\uploads/products/6134901206_db197e8d-0163-4119-b4e6-7b44e948399c.png
2026-05-28 08:25:57 [Thread-6] WARN  c.uet.server.database.dao.AuctionDAO - Không thể đọc file ảnh sản phẩm từ path: file://D:\root\uploads/products/6134901206_ec2d790d-1651-47f0-89a7-7458f84c741d.png, lỗi: Illegal char <:> at index 3: /D:\root\uploads/products/6134901206_ec2d790d-1651-47f0-89a7-7458f84c741d.png
2026-05-28 08:25:57 [Thread-6] WARN  c.uet.server.database.dao.AuctionDAO - Không thể đọc file ảnh sản phẩm từ path: file://D:\root\uploads/products/6134901206_828467a6-8fe7-484a-aa05-67f6d13bb8f0.png, lỗi: Illegal char <:> at index 3: /D:\root\uploads/products/6134901206_828467a6-8fe7-484a-aa05-67f6d13bb8f0.png
2026-05-28 08:26:09 [Thread-6] INFO  c.uet.server.network.ClientHandler - Client ngắt kết nối hoặc có lỗi xảy ra: Connection reset
2026-05-28 08:26:09 [Thread-6] INFO  c.uet.server.network.ClientHandler - [SERVER] Đã giải phóng hoàn toàn kết nối Socket vật lý.
2026-05-28 08:26:09 [Thread-6] INFO  c.uet.server.network.ClientHandler - [SERVER] Đã Xóa Client khỏi ClientManager thành công.
2026-05-28 08:36:19 [main] INFO  com.uet.server.network.ServerMain - --- CÓ 1 CLIENT VỪA KẾT NỐI! ---
2026-05-28 08:36:19 [Thread-7] INFO  c.u.s.s.ClientRequestDispatcher - Đang đăng nhập: 1
2026-05-28 08:36:24 [Thread-7] INFO  c.u.s.s.ClientRequestDispatcher - Đang đăng nhập: 1
2026-05-28 08:36:24 [Thread-7] WARN  c.uet.server.database.dao.AuctionDAO - Không thể đọc file ảnh sản phẩm từ path: file://D:\root\uploads/products/6134901206_a2b7adbe-236d-487a-9971-b81cea4acbf7.png, lỗi: Illegal char <:> at index 3: /D:\root\uploads/products/6134901206_a2b7adbe-236d-487a-9971-b81cea4acbf7.png
2026-05-28 08:36:30 [Thread-7] WARN  c.uet.server.database.dao.AuctionDAO - Không thể đọc file ảnh sản phẩm từ path: file://D:\root\uploads/products/6134901206_a2b7adbe-236d-487a-9971-b81cea4acbf7.png, lỗi: Illegal char <:> at index 3: /D:\root\uploads/products/6134901206_a2b7adbe-236d-487a-9971-b81cea4acbf7.png
2026-05-28 08:36:30 [Thread-7] WARN  c.uet.server.database.dao.AuctionDAO - Không thể đọc file ảnh sản phẩm từ path: file://D:\root\uploads/products/6134901206_db197e8d-0163-4119-b4e6-7b44e948399c.png, lỗi: Illegal char <:> at index 3: /D:\root\uploads/products/6134901206_db197e8d-0163-4119-b4e6-7b44e948399c.png
2026-05-28 08:36:30 [Thread-7] WARN  c.uet.server.database.dao.AuctionDAO - Không thể đọc file ảnh sản phẩm từ path: file://D:\root\uploads/products/6134901206_ec2d790d-1651-47f0-89a7-7458f84c741d.png, lỗi: Illegal char <:> at index 3: /D:\root\uploads/products/6134901206_ec2d790d-1651-47f0-89a7-7458f84c741d.png
2026-05-28 08:36:30 [Thread-7] WARN  c.uet.server.database.dao.AuctionDAO - Không thể đọc file ảnh sản phẩm từ path: file://D:\root\uploads/products/6134901206_828467a6-8fe7-484a-aa05-67f6d13bb8f0.png, lỗi: Illegal char <:> at index 3: /D:\root\uploads/products/6134901206_828467a6-8fe7-484a-aa05-67f6d13bb8f0.png
2026-05-28 08:37:06 [Thread-7] WARN  c.uet.server.database.dao.AuctionDAO - Không thể đọc file ảnh sản phẩm từ path: file://D:\root\uploads/products/6134901206_a2b7adbe-236d-487a-9971-b81cea4acbf7.png, lỗi: Illegal char <:> at index 3: /D:\root\uploads/products/6134901206_a2b7adbe-236d-487a-9971-b81cea4acbf7.png
2026-05-28 08:37:06 [Thread-7] WARN  c.uet.server.database.dao.AuctionDAO - Không thể đọc file ảnh sản phẩm từ path: file://D:\root\uploads/products/6134901206_db197e8d-0163-4119-b4e6-7b44e948399c.png, lỗi: Illegal char <:> at index 3: /D:\root\uploads/products/6134901206_db197e8d-0163-4119-b4e6-7b44e948399c.png
2026-05-28 08:37:06 [Thread-7] WARN  c.uet.server.database.dao.AuctionDAO - Không thể đọc file ảnh sản phẩm từ path: file://D:\root\uploads/products/6134901206_ec2d790d-1651-47f0-89a7-7458f84c741d.png, lỗi: Illegal char <:> at index 3: /D:\root\uploads/products/6134901206_ec2d790d-1651-47f0-89a7-7458f84c741d.png
2026-05-28 08:37:06 [Thread-7] WARN  c.uet.server.database.dao.AuctionDAO - Không thể đọc file ảnh sản phẩm từ path: file://D:\root\uploads/products/6134901206_828467a6-8fe7-484a-aa05-67f6d13bb8f0.png, lỗi: Illegal char <:> at index 3: /D:\root\uploads/products/6134901206_828467a6-8fe7-484a-aa05-67f6d13bb8f0.png
2026-05-28 08:37:17 [Thread-7] INFO  c.uet.server.network.ClientHandler - Client ngắt kết nối hoặc có lỗi xảy ra: Connection reset
2026-05-28 08:37:17 [Thread-7] INFO  c.uet.server.network.ClientHandler - [SERVER] Đã giải phóng hoàn toàn kết nối Socket vật lý.
2026-05-28 08:37:17 [Thread-7] INFO  c.uet.server.network.ClientHandler - [SERVER] Đã Xóa Client khỏi ClientManager thành công.
2026-05-28 08:42:48 [main] INFO  com.uet.server.network.ServerMain - --- CÓ 1 CLIENT VỪA KẾT NỐI! ---
2026-05-28 08:42:48 [Thread-8] INFO  c.u.s.s.ClientRequestDispatcher - Đang đăng nhập: 1
2026-05-28 08:42:48 [Thread-8] WARN  c.uet.server.database.dao.AuctionDAO - Không thể đọc file ảnh sản phẩm từ path: file://D:\root\uploads/products/6134901206_a2b7adbe-236d-487a-9971-b81cea4acbf7.png, lỗi: Illegal char <:> at index 3: /D:\root\uploads/products/6134901206_a2b7adbe-236d-487a-9971-b81cea4acbf7.png
2026-05-28 08:42:52 [Thread-8] WARN  c.uet.server.database.dao.AuctionDAO - Không thể đọc file ảnh sản phẩm từ path: file://D:\root\uploads/products/6134901206_a2b7adbe-236d-487a-9971-b81cea4acbf7.png, lỗi: Illegal char <:> at index 3: /D:\root\uploads/products/6134901206_a2b7adbe-236d-487a-9971-b81cea4acbf7.png
2026-05-28 08:42:52 [Thread-8] WARN  c.uet.server.database.dao.AuctionDAO - Không thể đọc file ảnh sản phẩm từ path: file://D:\root\uploads/products/6134901206_db197e8d-0163-4119-b4e6-7b44e948399c.png, lỗi: Illegal char <:> at index 3: /D:\root\uploads/products/6134901206_db197e8d-0163-4119-b4e6-7b44e948399c.png
2026-05-28 08:42:52 [Thread-8] WARN  c.uet.server.database.dao.AuctionDAO - Không thể đọc file ảnh sản phẩm từ path: file://D:\root\uploads/products/6134901206_ec2d790d-1651-47f0-89a7-7458f84c741d.png, lỗi: Illegal char <:> at index 3: /D:\root\uploads/products/6134901206_ec2d790d-1651-47f0-89a7-7458f84c741d.png
2026-05-28 08:42:52 [Thread-8] WARN  c.uet.server.database.dao.AuctionDAO - Không thể đọc file ảnh sản phẩm từ path: file://D:\root\uploads/products/6134901206_828467a6-8fe7-484a-aa05-67f6d13bb8f0.png, lỗi: Illegal char <:> at index 3: /D:\root\uploads/products/6134901206_828467a6-8fe7-484a-aa05-67f6d13bb8f0.png
2026-05-28 08:42:58 [Thread-8] INFO  c.uet.server.network.ClientManager - Client joined auction: 3424155264
2026-05-28 08:42:58 [Thread-8] WARN  c.uet.server.database.dao.AuctionDAO - Không thể đọc file ảnh sản phẩm từ path: file://D:\root\uploads/products/6134901206_a2b7adbe-236d-487a-9971-b81cea4acbf7.png, lỗi: Illegal char <:> at index 3: /D:\root\uploads/products/6134901206_a2b7adbe-236d-487a-9971-b81cea4acbf7.png
2026-05-28 08:42:59 [pool-1-thread-1] INFO  c.uet.server.network.ClientManager - Gửi cập nhật ngay cho 1 client đang xem auction: 3424155264
2026-05-28 08:43:01 [pool-1-thread-1] INFO  c.uet.server.network.ClientManager - Gửi cập nhật ngay cho 1 client đang xem auction: 3424155264
2026-05-28 08:43:02 [pool-1-thread-1] INFO  c.uet.server.network.ClientManager - Gửi cập nhật ngay cho 1 client đang xem auction: 3424155264
2026-05-28 08:43:02 [Thread-8] INFO  c.uet.server.network.ClientManager - Client left auction: 3424155264
2026-05-28 08:43:02 [Thread-8] WARN  c.uet.server.database.dao.AuctionDAO - Không thể đọc file ảnh sản phẩm từ path: file://D:\root\uploads/products/6134901206_a2b7adbe-236d-487a-9971-b81cea4acbf7.png, lỗi: Illegal char <:> at index 3: /D:\root\uploads/products/6134901206_a2b7adbe-236d-487a-9971-b81cea4acbf7.png
2026-05-28 08:43:07 [Thread-8] WARN  c.uet.server.database.dao.AuctionDAO - Không thể đọc file ảnh sản phẩm từ path: file://D:\root\uploads/products/6134901206_a2b7adbe-236d-487a-9971-b81cea4acbf7.png, lỗi: Illegal char <:> at index 3: /D:\root\uploads/products/6134901206_a2b7adbe-236d-487a-9971-b81cea4acbf7.png
2026-05-28 08:43:07 [Thread-8] WARN  c.uet.server.database.dao.AuctionDAO - Không thể đọc file ảnh sản phẩm từ path: file://D:\root\uploads/products/6134901206_db197e8d-0163-4119-b4e6-7b44e948399c.png, lỗi: Illegal char <:> at index 3: /D:\root\uploads/products/6134901206_db197e8d-0163-4119-b4e6-7b44e948399c.png
2026-05-28 08:43:07 [Thread-8] WARN  c.uet.server.database.dao.AuctionDAO - Không thể đọc file ảnh sản phẩm từ path: file://D:\root\uploads/products/6134901206_ec2d790d-1651-47f0-89a7-7458f84c741d.png, lỗi: Illegal char <:> at index 3: /D:\root\uploads/products/6134901206_ec2d790d-1651-47f0-89a7-7458f84c741d.png
2026-05-28 08:43:07 [Thread-8] WARN  c.uet.server.database.dao.AuctionDAO - Không thể đọc file ảnh sản phẩm từ path: file://D:\root\uploads/products/6134901206_828467a6-8fe7-484a-aa05-67f6d13bb8f0.png, lỗi: Illegal char <:> at index 3: /D:\root\uploads/products/6134901206_828467a6-8fe7-484a-aa05-67f6d13bb8f0.png
2026-05-28 08:43:44 [Thread-8] INFO  c.uet.server.network.ClientHandler - Client ngắt kết nối hoặc có lỗi xảy ra: Connection reset
2026-05-28 08:43:44 [Thread-8] INFO  c.uet.server.network.ClientHandler - [SERVER] Đã giải phóng hoàn toàn kết nối Socket vật lý.
2026-05-28 08:43:44 [Thread-8] INFO  c.uet.server.network.ClientHandler - [SERVER] Đã Xóa Client khỏi ClientManager thành công.
2026-05-28 08:43:54 [main] INFO  com.uet.server.network.ServerMain - --- CÓ 1 CLIENT VỪA KẾT NỐI! ---
2026-05-28 08:43:54 [Thread-9] INFO  c.u.s.s.ClientRequestDispatcher - Đang đăng nhập: 1
2026-05-28 08:43:54 [Thread-9] WARN  c.uet.server.database.dao.AuctionDAO - Không thể đọc file ảnh sản phẩm từ path: file://D:\root\uploads/products/6134901206_a2b7adbe-236d-487a-9971-b81cea4acbf7.png, lỗi: Illegal char <:> at index 3: /D:\root\uploads/products/6134901206_a2b7adbe-236d-487a-9971-b81cea4acbf7.png
2026-05-28 08:43:57 [Thread-9] WARN  c.uet.server.database.dao.AuctionDAO - Không thể đọc file ảnh sản phẩm từ path: file://D:\root\uploads/products/6134901206_a2b7adbe-236d-487a-9971-b81cea4acbf7.png, lỗi: Illegal char <:> at index 3: /D:\root\uploads/products/6134901206_a2b7adbe-236d-487a-9971-b81cea4acbf7.png
2026-05-28 08:43:57 [Thread-9] WARN  c.uet.server.database.dao.AuctionDAO - Không thể đọc file ảnh sản phẩm từ path: file://D:\root\uploads/products/6134901206_db197e8d-0163-4119-b4e6-7b44e948399c.png, lỗi: Illegal char <:> at index 3: /D:\root\uploads/products/6134901206_db197e8d-0163-4119-b4e6-7b44e948399c.png
2026-05-28 08:43:57 [Thread-9] WARN  c.uet.server.database.dao.AuctionDAO - Không thể đọc file ảnh sản phẩm từ path: file://D:\root\uploads/products/6134901206_ec2d790d-1651-47f0-89a7-7458f84c741d.png, lỗi: Illegal char <:> at index 3: /D:\root\uploads/products/6134901206_ec2d790d-1651-47f0-89a7-7458f84c741d.png
2026-05-28 08:43:57 [Thread-9] WARN  c.uet.server.database.dao.AuctionDAO - Không thể đọc file ảnh sản phẩm từ path: file://D:\root\uploads/products/6134901206_828467a6-8fe7-484a-aa05-67f6d13bb8f0.png, lỗi: Illegal char <:> at index 3: /D:\root\uploads/products/6134901206_828467a6-8fe7-484a-aa05-67f6d13bb8f0.png
2026-05-28 08:44:09 [Thread-9] INFO  c.uet.server.network.ClientManager - Client joined auction: 3424155264
2026-05-28 08:44:09 [Thread-9] WARN  c.uet.server.database.dao.AuctionDAO - Không thể đọc file ảnh sản phẩm từ path: file://D:\root\uploads/products/6134901206_a2b7adbe-236d-487a-9971-b81cea4acbf7.png, lỗi: Illegal char <:> at index 3: /D:\root\uploads/products/6134901206_a2b7adbe-236d-487a-9971-b81cea4acbf7.png
2026-05-28 08:44:10 [pool-1-thread-1] INFO  c.uet.server.network.ClientManager - Gửi cập nhật ngay cho 1 client đang xem auction: 3424155264
2026-05-28 08:44:11 [pool-1-thread-1] INFO  c.uet.server.network.ClientManager - Gửi cập nhật ngay cho 1 client đang xem auction: 3424155264
2026-05-28 08:44:13 [pool-1-thread-1] INFO  c.uet.server.network.ClientManager - Gửi cập nhật ngay cho 1 client đang xem auction: 3424155264
2026-05-28 08:44:13 [Thread-9] INFO  c.uet.server.network.ClientManager - Client left auction: 3424155264
2026-05-28 08:44:13 [Thread-9] WARN  c.uet.server.database.dao.AuctionDAO - Không thể đọc file ảnh sản phẩm từ path: file://D:\root\uploads/products/6134901206_a2b7adbe-236d-487a-9971-b81cea4acbf7.png, lỗi: Illegal char <:> at index 3: /D:\root\uploads/products/6134901206_a2b7adbe-236d-487a-9971-b81cea4acbf7.png
2026-05-28 08:44:15 [Thread-9] INFO  c.uet.server.network.ClientHandler - Client ngắt kết nối hoặc có lỗi xảy ra: Connection reset
2026-05-28 08:44:15 [Thread-9] INFO  c.uet.server.network.ClientHandler - [SERVER] Đã giải phóng hoàn toàn kết nối Socket vật lý.
2026-05-28 08:44:15 [Thread-9] INFO  c.uet.server.network.ClientHandler - [SERVER] Đã Xóa Client khỏi ClientManager thành công.
2026-05-28 08:48:38 [main] INFO  c.u.server.service.AuctionScheduler - [Scheduler] Bộ quét thời gian đấu giá tự động đã được kích hoạt!
2026-05-28 08:48:38 [main] INFO  com.uet.server.network.ServerMain - --- SERVER ĐANG CHỜ Ở CỔNG 27915 ---
2026-05-28 08:48:38 [pool-2-thread-1] INFO  c.uet.server.database.DBConnection - Connected to database!
2026-05-28 08:48:48 [main] INFO  com.uet.server.network.ServerMain - --- CÓ 1 CLIENT VỪA KẾT NỐI! ---
2026-05-28 08:48:48 [Thread-0] INFO  c.u.s.s.ClientRequestDispatcher - Đang đăng nhập: 1
2026-05-28 08:48:48 [Thread-0] WARN  c.uet.server.database.dao.AuctionDAO - Không thể đọc file ảnh sản phẩm từ path: file://D:\root\uploads/products/6134901206_a2b7adbe-236d-487a-9971-b81cea4acbf7.png, lỗi: Illegal char <:> at index 3: /D:\root\uploads/products/6134901206_a2b7adbe-236d-487a-9971-b81cea4acbf7.png
2026-05-28 08:48:51 [Thread-0] WARN  c.uet.server.database.dao.AuctionDAO - Không thể đọc file ảnh sản phẩm từ path: file://D:\root\uploads/products/6134901206_a2b7adbe-236d-487a-9971-b81cea4acbf7.png, lỗi: Illegal char <:> at index 3: /D:\root\uploads/products/6134901206_a2b7adbe-236d-487a-9971-b81cea4acbf7.png
2026-05-28 08:48:51 [Thread-0] WARN  c.uet.server.database.dao.AuctionDAO - Không thể đọc file ảnh sản phẩm từ path: file://D:\root\uploads/products/6134901206_db197e8d-0163-4119-b4e6-7b44e948399c.png, lỗi: Illegal char <:> at index 3: /D:\root\uploads/products/6134901206_db197e8d-0163-4119-b4e6-7b44e948399c.png
2026-05-28 08:48:51 [Thread-0] WARN  c.uet.server.database.dao.AuctionDAO - Không thể đọc file ảnh sản phẩm từ path: file://D:\root\uploads/products/6134901206_ec2d790d-1651-47f0-89a7-7458f84c741d.png, lỗi: Illegal char <:> at index 3: /D:\root\uploads/products/6134901206_ec2d790d-1651-47f0-89a7-7458f84c741d.png
2026-05-28 08:48:51 [Thread-0] WARN  c.uet.server.database.dao.AuctionDAO - Không thể đọc file ảnh sản phẩm từ path: file://D:\root\uploads/products/6134901206_828467a6-8fe7-484a-aa05-67f6d13bb8f0.png, lỗi: Illegal char <:> at index 3: /D:\root\uploads/products/6134901206_828467a6-8fe7-484a-aa05-67f6d13bb8f0.png
2026-05-28 08:48:56 [Thread-0] WARN  c.uet.server.database.dao.AuctionDAO - Không thể đọc file ảnh sản phẩm từ path: file://D:\root\uploads/products/6134901206_db197e8d-0163-4119-b4e6-7b44e948399c.png, lỗi: Illegal char <:> at index 3: /D:\root\uploads/products/6134901206_db197e8d-0163-4119-b4e6-7b44e948399c.png
2026-05-28 08:48:56 [Thread-0] INFO  c.uet.server.database.dao.AuctionDAO - [DELETE] Đã xóa toàn bộ lượt bid liên quan ở bảng bids, ID: 8986833646
2026-05-28 08:48:56 [Thread-0] INFO  c.uet.server.database.dao.AuctionDAO - [DELETE] Đã xóa phiên đấu giá ở bảng auctions, ID: 8986833646
2026-05-28 08:48:56 [Thread-0] INFO  c.uet.server.database.dao.AuctionDAO - [DELETE] Đã xóa sản phẩm ở bảng items thành công, ID: 1262294159
2026-05-28 08:48:56 [Thread-0] INFO  c.uet.server.database.dao.AuctionDAO - [DELETE SUCCESS] Đã dọn dẹp sạch sẽ phiên 8986833646 và sản phẩm 1262294159 khỏi hệ thống!
2026-05-28 08:48:58 [Thread-0] INFO  c.uet.server.network.ClientManager - Client joined auction: 3424155264
2026-05-28 08:48:58 [Thread-0] WARN  c.uet.server.database.dao.AuctionDAO - Không thể đọc file ảnh sản phẩm từ path: file://D:\root\uploads/products/6134901206_a2b7adbe-236d-487a-9971-b81cea4acbf7.png, lỗi: Illegal char <:> at index 3: /D:\root\uploads/products/6134901206_a2b7adbe-236d-487a-9971-b81cea4acbf7.png
2026-05-28 08:48:59 [pool-1-thread-1] INFO  c.uet.server.network.ClientManager - Gửi cập nhật ngay cho 1 client đang xem auction: 3424155264
2026-05-28 08:49:00 [Thread-0] INFO  c.uet.server.network.ClientManager - Client left auction: 3424155264
2026-05-28 08:49:00 [Thread-0] WARN  c.uet.server.database.dao.AuctionDAO - Không thể đọc file ảnh sản phẩm từ path: file://D:\root\uploads/products/6134901206_a2b7adbe-236d-487a-9971-b81cea4acbf7.png, lỗi: Illegal char <:> at index 3: /D:\root\uploads/products/6134901206_a2b7adbe-236d-487a-9971-b81cea4acbf7.png
2026-05-28 08:49:04 [Thread-0] INFO  c.uet.server.network.ClientManager - Client joined auction: 3424155264
2026-05-28 08:49:04 [Thread-0] WARN  c.uet.server.database.dao.AuctionDAO - Không thể đọc file ảnh sản phẩm từ path: file://D:\root\uploads/products/6134901206_a2b7adbe-236d-487a-9971-b81cea4acbf7.png, lỗi: Illegal char <:> at index 3: /D:\root\uploads/products/6134901206_a2b7adbe-236d-487a-9971-b81cea4acbf7.png
2026-05-28 08:49:05 [pool-1-thread-1] INFO  c.uet.server.network.ClientManager - Gửi cập nhật ngay cho 1 client đang xem auction: 3424155264
2026-05-28 08:49:06 [Thread-0] INFO  c.uet.server.network.ClientManager - Client left auction: 3424155264
2026-05-28 08:49:06 [Thread-0] WARN  c.uet.server.database.dao.AuctionDAO - Không thể đọc file ảnh sản phẩm từ path: file://D:\root\uploads/products/6134901206_a2b7adbe-236d-487a-9971-b81cea4acbf7.png, lỗi: Illegal char <:> at index 3: /D:\root\uploads/products/6134901206_a2b7adbe-236d-487a-9971-b81cea4acbf7.png
2026-05-28 08:49:12 [Thread-0] WARN  c.uet.server.network.ClientHandler - Server: Không thể gửi phản hồi do Client đã chủ động ngắt kết nối vật lý (Đăng xuất/Tắt app).
2026-05-28 08:49:12 [Thread-0] INFO  c.uet.server.network.ClientHandler - [SERVER] Đã giải phóng hoàn toàn kết nối Socket vật lý.
2026-05-28 08:49:12 [Thread-0] INFO  c.uet.server.network.ClientHandler - [SERVER] Đã Xóa Client khỏi ClientManager thành công.
2026-05-28 08:49:17 [main] INFO  com.uet.server.network.ServerMain - --- CÓ 1 CLIENT VỪA KẾT NỐI! ---
2026-05-28 08:49:17 [Thread-1] INFO  c.u.s.s.ClientRequestDispatcher - Đang đăng nhập: nam
2026-05-28 08:49:17 [Thread-1] WARN  com.uet.server.database.dao.UserDAO - UserDAO: file not found: \root\uploads\avatars\3846757029_bfd9560e-cb7a-4d45-9713-94add44d6970.png
2026-05-28 08:49:17 [Thread-1] WARN  c.uet.server.database.dao.AuctionDAO - Không thể đọc file ảnh sản phẩm từ path: file://D:\root\uploads/products/6134901206_a2b7adbe-236d-487a-9971-b81cea4acbf7.png, lỗi: Illegal char <:> at index 3: /D:\root\uploads/products/6134901206_a2b7adbe-236d-487a-9971-b81cea4acbf7.png
2026-05-28 08:49:21 [Thread-1] WARN  c.uet.server.database.dao.AuctionDAO - Không thể đọc file ảnh sản phẩm từ path: file://D:\root\uploads/products/U004_6020268a-792a-4fc2-bb22-b8ea3f40272b.png, lỗi: Illegal char <:> at index 3: /D:\root\uploads/products/U004_6020268a-792a-4fc2-bb22-b8ea3f40272b.png
2026-05-28 08:49:21 [Thread-1] WARN  c.uet.server.database.dao.AuctionDAO - Không thể đọc file ảnh sản phẩm từ path: file://D:\root\uploads/products/U004_37539db0-ff21-4960-b0b6-b7155dc45046.png, lỗi: Illegal char <:> at index 3: /D:\root\uploads/products/U004_37539db0-ff21-4960-b0b6-b7155dc45046.png
2026-05-28 08:49:21 [Thread-1] WARN  c.uet.server.database.dao.AuctionDAO - Không thể đọc file ảnh sản phẩm từ path: file://D:\root\uploads/products/U004_13fbebc8-3ff3-4177-950d-58131da1231a.png, lỗi: Illegal char <:> at index 3: /D:\root\uploads/products/U004_13fbebc8-3ff3-4177-950d-58131da1231a.png
2026-05-28 08:49:27 [Thread-1] WARN  c.uet.server.database.dao.AuctionDAO - Không thể đọc file ảnh sản phẩm từ path: file://D:\root\uploads/products/U004_13fbebc8-3ff3-4177-950d-58131da1231a.png, lỗi: Illegal char <:> at index 3: /D:\root\uploads/products/U004_13fbebc8-3ff3-4177-950d-58131da1231a.png
2026-05-28 08:49:27 [Thread-1] INFO  c.uet.server.database.dao.AuctionDAO - [DELETE] Đã xóa toàn bộ lượt bid liên quan ở bảng bids, ID: 4
2026-05-28 08:49:27 [Thread-1] INFO  c.uet.server.database.dao.AuctionDAO - [DELETE] Đã xóa phiên đấu giá ở bảng auctions, ID: 4
2026-05-28 08:49:27 [Thread-1] INFO  c.uet.server.database.dao.AuctionDAO - [DELETE] Đã xóa sản phẩm ở bảng items thành công, ID: 1651843943
2026-05-28 08:49:27 [Thread-1] INFO  c.uet.server.database.dao.AuctionDAO - [DELETE SUCCESS] Đã dọn dẹp sạch sẽ phiên 4 và sản phẩm 1651843943 khỏi hệ thống!
2026-05-28 08:49:36 [Thread-1] INFO  c.uet.server.network.ClientHandler - Client ngắt kết nối hoặc có lỗi xảy ra: Connection reset
2026-05-28 08:49:36 [Thread-1] INFO  c.uet.server.network.ClientHandler - [SERVER] Đã giải phóng hoàn toàn kết nối Socket vật lý.
2026-05-28 08:49:36 [Thread-1] INFO  c.uet.server.network.ClientHandler - [SERVER] Đã Xóa Client khỏi ClientManager thành công.
2026-05-28 08:52:04 [main] INFO  com.uet.server.network.ServerMain - --- CÓ 1 CLIENT VỪA KẾT NỐI! ---
2026-05-28 08:52:04 [Thread-2] INFO  c.u.s.s.ClientRequestDispatcher - Đang đăng nhập: nam
2026-05-28 08:52:04 [Thread-2] WARN  com.uet.server.database.dao.UserDAO - UserDAO: file not found: \root\uploads\avatars\3846757029_bfd9560e-cb7a-4d45-9713-94add44d6970.png
2026-05-28 08:52:04 [Thread-2] WARN  c.uet.server.database.dao.AuctionDAO - Không thể đọc file ảnh sản phẩm từ path: file://D:\root\uploads/products/6134901206_a2b7adbe-236d-487a-9971-b81cea4acbf7.png, lỗi: Illegal char <:> at index 3: /D:\root\uploads/products/6134901206_a2b7adbe-236d-487a-9971-b81cea4acbf7.png
2026-05-28 08:52:07 [Thread-2] WARN  c.uet.server.database.dao.AuctionDAO - Không thể đọc file ảnh sản phẩm từ path: file://D:\root\uploads/products/U004_6020268a-792a-4fc2-bb22-b8ea3f40272b.png, lỗi: Illegal char <:> at index 3: /D:\root\uploads/products/U004_6020268a-792a-4fc2-bb22-b8ea3f40272b.png
2026-05-28 08:52:07 [Thread-2] WARN  c.uet.server.database.dao.AuctionDAO - Không thể đọc file ảnh sản phẩm từ path: file://D:\root\uploads/products/U004_37539db0-ff21-4960-b0b6-b7155dc45046.png, lỗi: Illegal char <:> at index 3: /D:\root\uploads/products/U004_37539db0-ff21-4960-b0b6-b7155dc45046.png
2026-05-28 08:52:12 [Thread-2] INFO  c.uet.server.network.ClientHandler - Client ngắt kết nối hoặc có lỗi xảy ra: Connection reset
2026-05-28 08:52:12 [Thread-2] INFO  c.uet.server.network.ClientHandler - [SERVER] Đã giải phóng hoàn toàn kết nối Socket vật lý.
2026-05-28 08:52:12 [Thread-2] INFO  c.uet.server.network.ClientHandler - [SERVER] Đã Xóa Client khỏi ClientManager thành công.
2026-05-28 08:55:02 [main] INFO  c.u.server.service.AuctionScheduler - [Scheduler] Bộ quét thời gian đấu giá tự động đã được kích hoạt!
2026-05-28 08:55:02 [main] INFO  com.uet.server.network.ServerMain - --- SERVER ĐANG CHỜ Ở CỔNG 27915 ---
2026-05-28 08:55:03 [pool-2-thread-1] INFO  c.uet.server.database.DBConnection - Connected to database!
2026-05-28 08:55:14 [main] INFO  com.uet.server.network.ServerMain - --- CÓ 1 CLIENT VỪA KẾT NỐI! ---
2026-05-28 08:55:14 [Thread-0] INFO  c.u.s.s.ClientRequestDispatcher - Đang đăng nhập: 1
2026-05-28 08:55:14 [Thread-0] WARN  c.uet.server.database.dao.AuctionDAO - Không thể đọc file ảnh sản phẩm từ path: file://D:\root\uploads/products/6134901206_a2b7adbe-236d-487a-9971-b81cea4acbf7.png, lỗi: Illegal char <:> at index 3: /D:\root\uploads/products/6134901206_a2b7adbe-236d-487a-9971-b81cea4acbf7.png
2026-05-28 08:55:22 [Thread-0] WARN  c.uet.server.database.dao.AuctionDAO - Không thể đọc file ảnh sản phẩm từ path: file://D:\root\uploads/products/6134901206_a2b7adbe-236d-487a-9971-b81cea4acbf7.png, lỗi: Illegal char <:> at index 3: /D:\root\uploads/products/6134901206_a2b7adbe-236d-487a-9971-b81cea4acbf7.png
2026-05-28 08:55:24 [Thread-0] WARN  c.uet.server.database.dao.AuctionDAO - Không thể đọc file ảnh sản phẩm từ path: file://D:\root\uploads/products/6134901206_a2b7adbe-236d-487a-9971-b81cea4acbf7.png, lỗi: Illegal char <:> at index 3: /D:\root\uploads/products/6134901206_a2b7adbe-236d-487a-9971-b81cea4acbf7.png
2026-05-28 08:55:24 [Thread-0] WARN  c.uet.server.database.dao.AuctionDAO - Không thể đọc file ảnh sản phẩm từ path: file://D:\root\uploads/products/6134901206_ec2d790d-1651-47f0-89a7-7458f84c741d.png, lỗi: Illegal char <:> at index 3: /D:\root\uploads/products/6134901206_ec2d790d-1651-47f0-89a7-7458f84c741d.png
2026-05-28 08:55:24 [Thread-0] WARN  c.uet.server.database.dao.AuctionDAO - Không thể đọc file ảnh sản phẩm từ path: file://D:\root\uploads/products/6134901206_828467a6-8fe7-484a-aa05-67f6d13bb8f0.png, lỗi: Illegal char <:> at index 3: /D:\root\uploads/products/6134901206_828467a6-8fe7-484a-aa05-67f6d13bb8f0.png
2026-05-28 08:57:06 [Thread-0] INFO  c.uet.server.service.AuctionService - [SERVER] Đã lưu ảnh sản phẩm chờ duyệt tại path: file://D:\root\uploads/products/6134901206_d51328b5-17be-4be3-b837-21eaca991085.png
2026-05-28 08:57:06 [Thread-0] INFO  c.uet.server.database.dao.AuctionDAO - [DATABASE SUCCESS] Tạo thành công Item ID: 3165100543 và Auction ID: 2771546028
2026-05-28 08:57:06 [Thread-0] INFO  c.uet.server.service.AuctionService - [SERVER] Sản phẩm của User 6134901206 đang ở trạng thái PENDING.
2026-05-28 08:57:07 [Thread-0] WARN  c.uet.server.database.dao.AuctionDAO - Không thể đọc file ảnh sản phẩm từ path: file://D:\root\uploads/products/6134901206_a2b7adbe-236d-487a-9971-b81cea4acbf7.png, lỗi: Illegal char <:> at index 3: /D:\root\uploads/products/6134901206_a2b7adbe-236d-487a-9971-b81cea4acbf7.png
2026-05-28 08:57:11 [Thread-0] WARN  c.uet.server.database.dao.AuctionDAO - Không thể đọc file ảnh sản phẩm từ path: file://D:\root\uploads/products/6134901206_a2b7adbe-236d-487a-9971-b81cea4acbf7.png, lỗi: Illegal char <:> at index 3: /D:\root\uploads/products/6134901206_a2b7adbe-236d-487a-9971-b81cea4acbf7.png
2026-05-28 08:57:11 [Thread-0] WARN  c.uet.server.database.dao.AuctionDAO - Không thể đọc file ảnh sản phẩm từ path: file://D:\root\uploads/products/6134901206_d51328b5-17be-4be3-b837-21eaca991085.png, lỗi: Illegal char <:> at index 3: /D:\root\uploads/products/6134901206_d51328b5-17be-4be3-b837-21eaca991085.png
2026-05-28 08:57:11 [Thread-0] WARN  c.uet.server.database.dao.AuctionDAO - Không thể đọc file ảnh sản phẩm từ path: file://D:\root\uploads/products/6134901206_ec2d790d-1651-47f0-89a7-7458f84c741d.png, lỗi: Illegal char <:> at index 3: /D:\root\uploads/products/6134901206_ec2d790d-1651-47f0-89a7-7458f84c741d.png
2026-05-28 08:57:11 [Thread-0] WARN  c.uet.server.database.dao.AuctionDAO - Không thể đọc file ảnh sản phẩm từ path: file://D:\root\uploads/products/6134901206_828467a6-8fe7-484a-aa05-67f6d13bb8f0.png, lỗi: Illegal char <:> at index 3: /D:\root\uploads/products/6134901206_828467a6-8fe7-484a-aa05-67f6d13bb8f0.png
2026-05-28 08:57:27 [Thread-0] INFO  c.uet.server.network.ClientHandler - Client ngắt kết nối hoặc có lỗi xảy ra: Connection reset
2026-05-28 08:57:27 [Thread-0] INFO  c.uet.server.network.ClientHandler - [SERVER] Đã giải phóng hoàn toàn kết nối Socket vật lý.
2026-05-28 08:57:27 [Thread-0] INFO  c.uet.server.network.ClientHandler - [SERVER] Đã Xóa Client khỏi ClientManager thành công.
2026-05-28 09:04:13 [main] INFO  c.u.server.service.AuctionScheduler - [Scheduler] Bộ quét thời gian đấu giá tự động đã được kích hoạt!
2026-05-28 09:04:13 [main] INFO  com.uet.server.network.ServerMain - --- SERVER ĐANG CHỜ Ở CỔNG 27915 ---
2026-05-28 09:04:13 [pool-2-thread-1] INFO  c.uet.server.database.DBConnection - Connected to database!
2026-05-28 09:04:23 [main] INFO  com.uet.server.network.ServerMain - --- CÓ 1 CLIENT VỪA KẾT NỐI! ---
2026-05-28 09:04:23 [Thread-0] INFO  c.u.s.s.ClientRequestDispatcher - Đang đăng nhập: 1
2026-05-28 09:04:23 [Thread-0] WARN  c.uet.server.database.dao.AuctionDAO - Không thể đọc file ảnh sản phẩm từ path: file://D:\root\uploads/products/6134901206_a2b7adbe-236d-487a-9971-b81cea4acbf7.png, lỗi: Illegal char <:> at index 3: /D:\root\uploads/products/6134901206_a2b7adbe-236d-487a-9971-b81cea4acbf7.png
2026-05-28 09:04:27 [Thread-0] WARN  c.uet.server.database.dao.AuctionDAO - Không thể đọc file ảnh sản phẩm từ path: file://D:\root\uploads/products/6134901206_a2b7adbe-236d-487a-9971-b81cea4acbf7.png, lỗi: Illegal char <:> at index 3: /D:\root\uploads/products/6134901206_a2b7adbe-236d-487a-9971-b81cea4acbf7.png
2026-05-28 09:04:27 [Thread-0] WARN  c.uet.server.database.dao.AuctionDAO - Không thể đọc file ảnh sản phẩm từ path: file://D:\root\uploads/products/6134901206_d51328b5-17be-4be3-b837-21eaca991085.png, lỗi: Illegal char <:> at index 3: /D:\root\uploads/products/6134901206_d51328b5-17be-4be3-b837-21eaca991085.png
2026-05-28 09:04:27 [Thread-0] WARN  c.uet.server.database.dao.AuctionDAO - Không thể đọc file ảnh sản phẩm từ path: file://D:\root\uploads/products/6134901206_ec2d790d-1651-47f0-89a7-7458f84c741d.png, lỗi: Illegal char <:> at index 3: /D:\root\uploads/products/6134901206_ec2d790d-1651-47f0-89a7-7458f84c741d.png
2026-05-28 09:04:27 [Thread-0] WARN  c.uet.server.database.dao.AuctionDAO - Không thể đọc file ảnh sản phẩm từ path: file://D:\root\uploads/products/6134901206_828467a6-8fe7-484a-aa05-67f6d13bb8f0.png, lỗi: Illegal char <:> at index 3: /D:\root\uploads/products/6134901206_828467a6-8fe7-484a-aa05-67f6d13bb8f0.png
2026-05-28 09:04:30 [Thread-0] WARN  c.uet.server.database.dao.AuctionDAO - Không thể đọc file ảnh sản phẩm từ path: file://D:\root\uploads/products/6134901206_d51328b5-17be-4be3-b837-21eaca991085.png, lỗi: Illegal char <:> at index 3: /D:\root\uploads/products/6134901206_d51328b5-17be-4be3-b837-21eaca991085.png
2026-05-28 09:05:51 [main] INFO  c.u.server.service.AuctionScheduler - [Scheduler] Bộ quét thời gian đấu giá tự động đã được kích hoạt!
2026-05-28 09:05:51 [main] INFO  com.uet.server.network.ServerMain - --- SERVER ĐANG CHỜ Ở CỔNG 27915 ---
2026-05-28 09:05:51 [pool-2-thread-1] INFO  c.uet.server.database.DBConnection - Connected to database!
2026-05-28 09:06:01 [main] INFO  com.uet.server.network.ServerMain - --- CÓ 1 CLIENT VỪA KẾT NỐI! ---
2026-05-28 09:06:01 [Thread-0] INFO  c.u.s.s.ClientRequestDispatcher - Đang đăng nhập: 1
2026-05-28 09:06:01 [Thread-0] WARN  c.uet.server.database.dao.AuctionDAO - Không thể đọc file ảnh sản phẩm từ path: file://D:\root\uploads/products/6134901206_a2b7adbe-236d-487a-9971-b81cea4acbf7.png, lỗi: Illegal char <:> at index 3: /D:\root\uploads/products/6134901206_a2b7adbe-236d-487a-9971-b81cea4acbf7.png
2026-05-28 09:06:07 [Thread-0] WARN  c.uet.server.database.dao.AuctionDAO - Không thể đọc file ảnh sản phẩm từ path: file://D:\root\uploads/products/6134901206_a2b7adbe-236d-487a-9971-b81cea4acbf7.png, lỗi: Illegal char <:> at index 3: /D:\root\uploads/products/6134901206_a2b7adbe-236d-487a-9971-b81cea4acbf7.png
2026-05-28 09:06:08 [Thread-0] WARN  c.uet.server.database.dao.AuctionDAO - Không thể đọc file ảnh sản phẩm từ path: file://D:\root\uploads/products/6134901206_a2b7adbe-236d-487a-9971-b81cea4acbf7.png, lỗi: Illegal char <:> at index 3: /D:\root\uploads/products/6134901206_a2b7adbe-236d-487a-9971-b81cea4acbf7.png
2026-05-28 09:06:08 [Thread-0] WARN  c.uet.server.database.dao.AuctionDAO - Không thể đọc file ảnh sản phẩm từ path: file://D:\root\uploads/products/6134901206_d51328b5-17be-4be3-b837-21eaca991085.png, lỗi: Illegal char <:> at index 3: /D:\root\uploads/products/6134901206_d51328b5-17be-4be3-b837-21eaca991085.png
2026-05-28 09:06:08 [Thread-0] WARN  c.uet.server.database.dao.AuctionDAO - Không thể đọc file ảnh sản phẩm từ path: file://D:\root\uploads/products/6134901206_ec2d790d-1651-47f0-89a7-7458f84c741d.png, lỗi: Illegal char <:> at index 3: /D:\root\uploads/products/6134901206_ec2d790d-1651-47f0-89a7-7458f84c741d.png
2026-05-28 09:06:08 [Thread-0] WARN  c.uet.server.database.dao.AuctionDAO - Không thể đọc file ảnh sản phẩm từ path: file://D:\root\uploads/products/6134901206_828467a6-8fe7-484a-aa05-67f6d13bb8f0.png, lỗi: Illegal char <:> at index 3: /D:\root\uploads/products/6134901206_828467a6-8fe7-484a-aa05-67f6d13bb8f0.png
2026-05-28 09:06:12 [Thread-0] WARN  c.uet.server.database.dao.AuctionDAO - Không thể đọc file ảnh sản phẩm từ path: file://D:\root\uploads/products/6134901206_d51328b5-17be-4be3-b837-21eaca991085.png, lỗi: Illegal char <:> at index 3: /D:\root\uploads/products/6134901206_d51328b5-17be-4be3-b837-21eaca991085.png
2026-05-28 09:06:27 [Thread-0] WARN  c.uet.server.database.dao.AuctionDAO - Không thể đọc file ảnh sản phẩm từ path: file://D:\root\uploads/products/6134901206_a2b7adbe-236d-487a-9971-b81cea4acbf7.png, lỗi: Illegal char <:> at index 3: /D:\root\uploads/products/6134901206_a2b7adbe-236d-487a-9971-b81cea4acbf7.png
2026-05-28 09:06:27 [Thread-0] WARN  c.uet.server.database.dao.AuctionDAO - Không thể đọc file ảnh sản phẩm từ path: file://D:\root\uploads/products/6134901206_d51328b5-17be-4be3-b837-21eaca991085.png, lỗi: Illegal char <:> at index 3: /D:\root\uploads/products/6134901206_d51328b5-17be-4be3-b837-21eaca991085.png
2026-05-28 09:06:27 [Thread-0] WARN  c.uet.server.database.dao.AuctionDAO - Không thể đọc file ảnh sản phẩm từ path: file://D:\root\uploads/products/6134901206_ec2d790d-1651-47f0-89a7-7458f84c741d.png, lỗi: Illegal char <:> at index 3: /D:\root\uploads/products/6134901206_ec2d790d-1651-47f0-89a7-7458f84c741d.png
2026-05-28 09:06:27 [Thread-0] WARN  c.uet.server.database.dao.AuctionDAO - Không thể đọc file ảnh sản phẩm từ path: file://D:\root\uploads/products/6134901206_828467a6-8fe7-484a-aa05-67f6d13bb8f0.png, lỗi: Illegal char <:> at index 3: /D:\root\uploads/products/6134901206_828467a6-8fe7-484a-aa05-67f6d13bb8f0.png
2026-05-28 09:06:40 [Thread-0] INFO  c.uet.server.network.ClientHandler - Client ngắt kết nối hoặc có lỗi xảy ra: Connection reset
2026-05-28 09:06:40 [Thread-0] INFO  c.uet.server.network.ClientHandler - [SERVER] Đã giải phóng hoàn toàn kết nối Socket vật lý.
2026-05-28 09:06:40 [Thread-0] INFO  c.uet.server.network.ClientHandler - [SERVER] Đã Xóa Client khỏi ClientManager thành công.
2026-05-28 13:25:15 [main] INFO  c.u.server.service.AuctionScheduler - [Scheduler] Bộ quét thời gian đấu giá tự động đã được kích hoạt!
2026-05-28 13:25:15 [main] INFO  com.uet.server.network.ServerMain - --- SERVER ĐANG CHỜ Ở CỔNG 27915 ---
2026-05-28 13:25:15 [pool-2-thread-1] INFO  c.uet.server.database.DBConnection - DB URL = jdbc:mysql://localhost:3306/auction_system?useSSL=false&allowPublicKeyRetrieval=true&serverTimezone=Asia/Ho_Chi_Minh
2026-05-28 13:25:15 [pool-2-thread-1] INFO  c.uet.server.database.DBConnection - Connected to database successfully!
2026-05-28 13:25:15 [pool-2-thread-1] INFO  c.uet.server.database.DBConnection - DB URL = jdbc:mysql://localhost:3306/auction_system?useSSL=false&allowPublicKeyRetrieval=true&serverTimezone=Asia/Ho_Chi_Minh
2026-05-28 13:25:15 [pool-2-thread-1] INFO  c.uet.server.database.DBConnection - Connected to database successfully!
2026-05-28 13:25:20 [pool-2-thread-1] INFO  c.uet.server.database.DBConnection - DB URL = jdbc:mysql://localhost:3306/auction_system?useSSL=false&allowPublicKeyRetrieval=true&serverTimezone=Asia/Ho_Chi_Minh
2026-05-28 13:25:20 [pool-2-thread-1] INFO  c.uet.server.database.DBConnection - Connected to database successfully!
2026-05-28 13:25:20 [pool-2-thread-1] INFO  c.uet.server.database.DBConnection - DB URL = jdbc:mysql://localhost:3306/auction_system?useSSL=false&allowPublicKeyRetrieval=true&serverTimezone=Asia/Ho_Chi_Minh
2026-05-28 13:25:20 [pool-2-thread-1] INFO  c.uet.server.database.DBConnection - Connected to database successfully!
2026-05-28 13:25:25 [pool-2-thread-1] INFO  c.uet.server.database.DBConnection - DB URL = jdbc:mysql://localhost:3306/auction_system?useSSL=false&allowPublicKeyRetrieval=true&serverTimezone=Asia/Ho_Chi_Minh
2026-05-28 13:25:25 [pool-2-thread-1] INFO  c.uet.server.database.DBConnection - Connected to database successfully!
2026-05-28 13:25:25 [pool-2-thread-1] INFO  c.uet.server.database.DBConnection - DB URL = jdbc:mysql://localhost:3306/auction_system?useSSL=false&allowPublicKeyRetrieval=true&serverTimezone=Asia/Ho_Chi_Minh
2026-05-28 13:25:25 [pool-2-thread-1] INFO  c.uet.server.database.DBConnection - Connected to database successfully!
2026-05-28 13:25:30 [pool-2-thread-1] INFO  c.uet.server.database.DBConnection - DB URL = jdbc:mysql://localhost:3306/auction_system?useSSL=false&allowPublicKeyRetrieval=true&serverTimezone=Asia/Ho_Chi_Minh
2026-05-28 13:25:30 [pool-2-thread-1] INFO  c.uet.server.database.DBConnection - Connected to database successfully!
2026-05-28 13:25:30 [pool-2-thread-1] INFO  c.uet.server.database.DBConnection - DB URL = jdbc:mysql://localhost:3306/auction_system?useSSL=false&allowPublicKeyRetrieval=true&serverTimezone=Asia/Ho_Chi_Minh
2026-05-28 13:25:30 [pool-2-thread-1] INFO  c.uet.server.database.DBConnection - Connected to database successfully!
2026-05-28 13:25:35 [pool-2-thread-1] INFO  c.uet.server.database.DBConnection - DB URL = jdbc:mysql://localhost:3306/auction_system?useSSL=false&allowPublicKeyRetrieval=true&serverTimezone=Asia/Ho_Chi_Minh
2026-05-28 13:25:35 [pool-2-thread-1] INFO  c.uet.server.database.DBConnection - Connected to database successfully!
2026-05-28 13:25:35 [pool-2-thread-1] INFO  c.uet.server.database.DBConnection - DB URL = jdbc:mysql://localhost:3306/auction_system?useSSL=false&allowPublicKeyRetrieval=true&serverTimezone=Asia/Ho_Chi_Minh
2026-05-28 13:25:35 [pool-2-thread-1] INFO  c.uet.server.database.DBConnection - Connected to database successfully!
2026-05-28 13:25:40 [pool-2-thread-1] INFO  c.uet.server.database.DBConnection - DB URL = jdbc:mysql://localhost:3306/auction_system?useSSL=false&allowPublicKeyRetrieval=true&serverTimezone=Asia/Ho_Chi_Minh
2026-05-28 13:25:40 [pool-2-thread-1] INFO  c.uet.server.database.DBConnection - Connected to database successfully!
2026-05-28 13:25:40 [pool-2-thread-1] INFO  c.uet.server.database.DBConnection - DB URL = jdbc:mysql://localhost:3306/auction_system?useSSL=false&allowPublicKeyRetrieval=true&serverTimezone=Asia/Ho_Chi_Minh
2026-05-28 13:25:40 [pool-2-thread-1] INFO  c.uet.server.database.DBConnection - Connected to database successfully!
2026-05-28 13:25:45 [pool-2-thread-1] INFO  c.uet.server.database.DBConnection - DB URL = jdbc:mysql://localhost:3306/auction_system?useSSL=false&allowPublicKeyRetrieval=true&serverTimezone=Asia/Ho_Chi_Minh
2026-05-28 13:25:45 [pool-2-thread-1] INFO  c.uet.server.database.DBConnection - Connected to database successfully!
2026-05-28 13:25:45 [pool-2-thread-1] INFO  c.uet.server.database.DBConnection - DB URL = jdbc:mysql://localhost:3306/auction_system?useSSL=false&allowPublicKeyRetrieval=true&serverTimezone=Asia/Ho_Chi_Minh
2026-05-28 13:25:45 [pool-2-thread-1] INFO  c.uet.server.database.DBConnection - Connected to database successfully!
2026-05-28 13:25:50 [pool-2-thread-1] INFO  c.uet.server.database.DBConnection - DB URL = jdbc:mysql://localhost:3306/auction_system?useSSL=false&allowPublicKeyRetrieval=true&serverTimezone=Asia/Ho_Chi_Minh
2026-05-28 13:25:50 [pool-2-thread-1] INFO  c.uet.server.database.DBConnection - Connected to database successfully!
2026-05-28 13:25:50 [pool-2-thread-1] INFO  c.uet.server.database.DBConnection - DB URL = jdbc:mysql://localhost:3306/auction_system?useSSL=false&allowPublicKeyRetrieval=true&serverTimezone=Asia/Ho_Chi_Minh
2026-05-28 13:25:50 [pool-2-thread-1] INFO  c.uet.server.database.DBConnection - Connected to database successfully!
2026-05-28 13:25:55 [pool-2-thread-1] INFO  c.uet.server.database.DBConnection - DB URL = jdbc:mysql://localhost:3306/auction_system?useSSL=false&allowPublicKeyRetrieval=true&serverTimezone=Asia/Ho_Chi_Minh
2026-05-28 13:25:55 [pool-2-thread-1] INFO  c.uet.server.database.DBConnection - Connected to database successfully!
2026-05-28 13:25:55 [pool-2-thread-1] INFO  c.uet.server.database.DBConnection - DB URL = jdbc:mysql://localhost:3306/auction_system?useSSL=false&allowPublicKeyRetrieval=true&serverTimezone=Asia/Ho_Chi_Minh
2026-05-28 13:25:55 [pool-2-thread-1] INFO  c.uet.server.database.DBConnection - Connected to database successfully!
2026-05-28 13:26:00 [pool-2-thread-1] INFO  c.uet.server.database.DBConnection - DB URL = jdbc:mysql://localhost:3306/auction_system?useSSL=false&allowPublicKeyRetrieval=true&serverTimezone=Asia/Ho_Chi_Minh
2026-05-28 13:26:00 [pool-2-thread-1] INFO  c.uet.server.database.DBConnection - Connected to database successfully!
2026-05-28 13:26:00 [pool-2-thread-1] INFO  c.uet.server.database.DBConnection - DB URL = jdbc:mysql://localhost:3306/auction_system?useSSL=false&allowPublicKeyRetrieval=true&serverTimezone=Asia/Ho_Chi_Minh
2026-05-28 13:26:00 [pool-2-thread-1] INFO  c.uet.server.database.DBConnection - Connected to database successfully!
2026-05-28 13:26:05 [pool-2-thread-1] INFO  c.uet.server.database.DBConnection - DB URL = jdbc:mysql://localhost:3306/auction_system?useSSL=false&allowPublicKeyRetrieval=true&serverTimezone=Asia/Ho_Chi_Minh
2026-05-28 13:26:05 [pool-2-thread-1] INFO  c.uet.server.database.DBConnection - Connected to database successfully!
2026-05-28 13:26:05 [pool-2-thread-1] INFO  c.uet.server.database.DBConnection - DB URL = jdbc:mysql://localhost:3306/auction_system?useSSL=false&allowPublicKeyRetrieval=true&serverTimezone=Asia/Ho_Chi_Minh
2026-05-28 13:26:05 [pool-2-thread-1] INFO  c.uet.server.database.DBConnection - Connected to database successfully!
2026-05-28 13:26:10 [pool-2-thread-1] INFO  c.uet.server.database.DBConnection - DB URL = jdbc:mysql://localhost:3306/auction_system?useSSL=false&allowPublicKeyRetrieval=true&serverTimezone=Asia/Ho_Chi_Minh
2026-05-28 13:26:10 [pool-2-thread-1] INFO  c.uet.server.database.DBConnection - Connected to database successfully!
2026-05-28 13:26:10 [pool-2-thread-1] INFO  c.uet.server.database.DBConnection - DB URL = jdbc:mysql://localhost:3306/auction_system?useSSL=false&allowPublicKeyRetrieval=true&serverTimezone=Asia/Ho_Chi_Minh
2026-05-28 13:26:10 [pool-2-thread-1] INFO  c.uet.server.database.DBConnection - Connected to database successfully!
2026-05-28 13:26:15 [pool-2-thread-1] INFO  c.uet.server.database.DBConnection - DB URL = jdbc:mysql://localhost:3306/auction_system?useSSL=false&allowPublicKeyRetrieval=true&serverTimezone=Asia/Ho_Chi_Minh
2026-05-28 13:26:15 [pool-2-thread-1] INFO  c.uet.server.database.DBConnection - Connected to database successfully!
2026-05-28 13:26:15 [pool-2-thread-1] INFO  c.uet.server.database.DBConnection - DB URL = jdbc:mysql://localhost:3306/auction_system?useSSL=false&allowPublicKeyRetrieval=true&serverTimezone=Asia/Ho_Chi_Minh
2026-05-28 13:26:15 [pool-2-thread-1] INFO  c.uet.server.database.DBConnection - Connected to database successfully!
2026-05-28 13:26:20 [pool-2-thread-1] INFO  c.uet.server.database.DBConnection - DB URL = jdbc:mysql://localhost:3306/auction_system?useSSL=false&allowPublicKeyRetrieval=true&serverTimezone=Asia/Ho_Chi_Minh
2026-05-28 13:26:20 [pool-2-thread-1] INFO  c.uet.server.database.DBConnection - Connected to database successfully!
2026-05-28 13:26:20 [pool-2-thread-1] INFO  c.uet.server.database.DBConnection - DB URL = jdbc:mysql://localhost:3306/auction_system?useSSL=false&allowPublicKeyRetrieval=true&serverTimezone=Asia/Ho_Chi_Minh
2026-05-28 13:26:20 [pool-2-thread-1] INFO  c.uet.server.database.DBConnection - Connected to database successfully!
2026-05-28 13:26:25 [pool-2-thread-1] INFO  c.uet.server.database.DBConnection - DB URL = jdbc:mysql://localhost:3306/auction_system?useSSL=false&allowPublicKeyRetrieval=true&serverTimezone=Asia/Ho_Chi_Minh
2026-05-28 13:26:25 [pool-2-thread-1] INFO  c.uet.server.database.DBConnection - Connected to database successfully!
2026-05-28 13:26:25 [pool-2-thread-1] INFO  c.uet.server.database.DBConnection - DB URL = jdbc:mysql://localhost:3306/auction_system?useSSL=false&allowPublicKeyRetrieval=true&serverTimezone=Asia/Ho_Chi_Minh
2026-05-28 13:26:25 [pool-2-thread-1] INFO  c.uet.server.database.DBConnection - Connected to database successfully!
2026-05-28 13:26:30 [pool-2-thread-1] INFO  c.uet.server.database.DBConnection - DB URL = jdbc:mysql://localhost:3306/auction_system?useSSL=false&allowPublicKeyRetrieval=true&serverTimezone=Asia/Ho_Chi_Minh
2026-05-28 13:26:30 [pool-2-thread-1] INFO  c.uet.server.database.DBConnection - Connected to database successfully!
2026-05-28 13:26:30 [pool-2-thread-1] INFO  c.uet.server.database.DBConnection - DB URL = jdbc:mysql://localhost:3306/auction_system?useSSL=false&allowPublicKeyRetrieval=true&serverTimezone=Asia/Ho_Chi_Minh
2026-05-28 13:26:30 [pool-2-thread-1] INFO  c.uet.server.database.DBConnection - Connected to database successfully!
2026-05-28 13:26:35 [pool-2-thread-1] INFO  c.uet.server.database.DBConnection - DB URL = jdbc:mysql://localhost:3306/auction_system?useSSL=false&allowPublicKeyRetrieval=true&serverTimezone=Asia/Ho_Chi_Minh
2026-05-28 13:26:35 [pool-2-thread-1] INFO  c.uet.server.database.DBConnection - Connected to database successfully!
2026-05-28 13:26:35 [pool-2-thread-1] INFO  c.uet.server.database.DBConnection - DB URL = jdbc:mysql://localhost:3306/auction_system?useSSL=false&allowPublicKeyRetrieval=true&serverTimezone=Asia/Ho_Chi_Minh
2026-05-28 13:26:35 [pool-2-thread-1] INFO  c.uet.server.database.DBConnection - Connected to database successfully!
2026-05-28 13:26:40 [pool-2-thread-1] INFO  c.uet.server.database.DBConnection - DB URL = jdbc:mysql://localhost:3306/auction_system?useSSL=false&allowPublicKeyRetrieval=true&serverTimezone=Asia/Ho_Chi_Minh
2026-05-28 13:26:40 [pool-2-thread-1] INFO  c.uet.server.database.DBConnection - Connected to database successfully!
2026-05-28 13:26:40 [pool-2-thread-1] INFO  c.uet.server.database.DBConnection - DB URL = jdbc:mysql://localhost:3306/auction_system?useSSL=false&allowPublicKeyRetrieval=true&serverTimezone=Asia/Ho_Chi_Minh
2026-05-28 13:26:40 [pool-2-thread-1] INFO  c.uet.server.database.DBConnection - Connected to database successfully!
2026-05-28 13:26:45 [pool-2-thread-1] INFO  c.uet.server.database.DBConnection - DB URL = jdbc:mysql://localhost:3306/auction_system?useSSL=false&allowPublicKeyRetrieval=true&serverTimezone=Asia/Ho_Chi_Minh
2026-05-28 13:26:45 [pool-2-thread-1] INFO  c.uet.server.database.DBConnection - Connected to database successfully!
2026-05-28 13:26:45 [pool-2-thread-1] INFO  c.uet.server.database.DBConnection - DB URL = jdbc:mysql://localhost:3306/auction_system?useSSL=false&allowPublicKeyRetrieval=true&serverTimezone=Asia/Ho_Chi_Minh
2026-05-28 13:26:45 [pool-2-thread-1] INFO  c.uet.server.database.DBConnection - Connected to database successfully!
2026-05-28 13:26:50 [pool-2-thread-1] INFO  c.uet.server.database.DBConnection - DB URL = jdbc:mysql://localhost:3306/auction_system?useSSL=false&allowPublicKeyRetrieval=true&serverTimezone=Asia/Ho_Chi_Minh
2026-05-28 13:26:50 [pool-2-thread-1] INFO  c.uet.server.database.DBConnection - Connected to database successfully!
2026-05-28 13:26:50 [pool-2-thread-1] INFO  c.uet.server.database.DBConnection - DB URL = jdbc:mysql://localhost:3306/auction_system?useSSL=false&allowPublicKeyRetrieval=true&serverTimezone=Asia/Ho_Chi_Minh
2026-05-28 13:26:50 [pool-2-thread-1] INFO  c.uet.server.database.DBConnection - Connected to database successfully!
2026-05-28 13:26:57 [main] INFO  c.u.server.service.AuctionScheduler - [Scheduler] Bộ quét thời gian đấu giá tự động đã được kích hoạt!
2026-05-28 13:26:57 [main] INFO  com.uet.server.network.ServerMain - --- SERVER ĐANG CHỜ Ở CỔNG 27915 ---
2026-05-28 13:26:57 [pool-2-thread-1] INFO  c.uet.server.database.DBConnection - DB URL = jdbc:mysql://localhost:3306/auction_system?useSSL=false&allowPublicKeyRetrieval=true&serverTimezone=Asia/Ho_Chi_Minh
2026-05-28 13:26:57 [pool-2-thread-1] INFO  c.uet.server.database.DBConnection - Connected to database successfully!
2026-05-28 13:33:31 [main] INFO  com.uet.server.network.ServerMain - --- CÓ 1 CLIENT VỪA KẾT NỐI! ---
2026-05-28 13:33:31 [Thread-0] INFO  c.u.s.s.ClientRequestDispatcher - Đang đăng nhập: nam
2026-05-28 13:33:31 [Thread-0] WARN  com.uet.server.database.dao.UserDAO - UserDAO: file not found: \root\uploads\avatars\3846757029_bfd9560e-cb7a-4d45-9713-94add44d6970.png
2026-05-28 13:33:31 [Thread-0] WARN  c.uet.server.database.dao.AuctionDAO - Không thể đọc file ảnh sản phẩm từ path: file://D:\root\uploads/products/6134901206_a2b7adbe-236d-487a-9971-b81cea4acbf7.png, lỗi: Illegal char <:> at index 3: /D:\root\uploads/products/6134901206_a2b7adbe-236d-487a-9971-b81cea4acbf7.png
2026-05-28 13:33:34 [Thread-0] WARN  c.uet.server.network.ClientHandler - Server: Không thể gửi phản hồi do Client đã chủ động ngắt kết nối vật lý (Đăng xuất/Tắt app).
2026-05-28 13:33:34 [Thread-0] INFO  c.uet.server.network.ClientHandler - [SERVER] Đã giải phóng hoàn toàn kết nối Socket vật lý.
2026-05-28 13:33:34 [Thread-0] INFO  c.uet.server.network.ClientHandler - [SERVER] Đã Xóa Client khỏi ClientManager thành công.
2026-05-28 13:33:38 [main] INFO  com.uet.server.network.ServerMain - --- CÓ 1 CLIENT VỪA KẾT NỐI! ---
2026-05-28 13:33:38 [Thread-1] INFO  c.u.s.s.ClientRequestDispatcher - Đang đăng nhập: 1
2026-05-28 13:33:38 [Thread-1] WARN  c.uet.server.database.dao.AuctionDAO - Không thể đọc file ảnh sản phẩm từ path: file://D:\root\uploads/products/6134901206_a2b7adbe-236d-487a-9971-b81cea4acbf7.png, lỗi: Illegal char <:> at index 3: /D:\root\uploads/products/6134901206_a2b7adbe-236d-487a-9971-b81cea4acbf7.png
2026-05-28 13:33:53 [Thread-1] WARN  c.uet.server.database.dao.AuctionDAO - Không thể đọc file ảnh sản phẩm từ path: file://D:\root\uploads/products/6134901206_a2b7adbe-236d-487a-9971-b81cea4acbf7.png, lỗi: Illegal char <:> at index 3: /D:\root\uploads/products/6134901206_a2b7adbe-236d-487a-9971-b81cea4acbf7.png
2026-05-28 13:33:55 [Thread-1] WARN  c.uet.server.network.ClientHandler - Server: Không thể gửi phản hồi do Client đã chủ động ngắt kết nối vật lý (Đăng xuất/Tắt app).
2026-05-28 13:33:55 [Thread-1] INFO  c.uet.server.network.ClientHandler - [SERVER] Đã giải phóng hoàn toàn kết nối Socket vật lý.
2026-05-28 13:33:55 [Thread-1] INFO  c.uet.server.network.ClientHandler - [SERVER] Đã Xóa Client khỏi ClientManager thành công.
2026-05-28 13:35:16 [main] INFO  com.uet.server.network.ServerMain - --- CÓ 1 CLIENT VỪA KẾT NỐI! ---
2026-05-28 13:35:16 [Thread-2] INFO  c.u.s.s.ClientRequestDispatcher - Đang đăng nhập: admin1
2026-05-28 13:35:19 [Thread-2] INFO  com.uet.server.database.dao.UserDAO - [UserDAO] Đã tải thành công 21 người dùng cho Admin.
2026-05-28 13:35:23 [Thread-2] INFO  c.u.s.service.AuctionRealtimeService - ==> Admin đang yêu cầu tải toàn bộ danh sách phiên đấu giá!
2026-05-28 13:35:26 [Thread-2] INFO  c.u.s.service.AuctionRealtimeService - ==> Admin đang yêu cầu tải toàn bộ danh sách phiên đấu giá!
2026-05-28 13:35:30 [Thread-2] INFO  com.uet.server.database.dao.UserDAO - [UserDAO] Đã tải thành công 21 người dùng cho Admin.
2026-05-28 13:35:33 [Thread-2] INFO  com.uet.server.database.dao.UserDAO - [UserDAO] Đã tải thành công 21 người dùng cho Admin.
<<<<<<< Updated upstream
2026-05-28 14:01:21 [main] INFO  c.u.server.service.AuctionScheduler - [Scheduler] Bộ quét thời gian đấu giá tự động đã được kích hoạt!
2026-05-28 14:01:21 [main] INFO  com.uet.server.network.ServerMain - --- SERVER ĐANG CHỜ Ở CỔNG 27915 ---
2026-05-28 14:01:22 [pool-2-thread-1] INFO  c.uet.server.database.DBConnection - DB URL = jdbc:mysql://localhost:3306/auction_system?useSSL=false&allowPublicKeyRetrieval=true&serverTimezone=Asia/Ho_Chi_Minh
2026-05-28 14:01:22 [pool-2-thread-1] INFO  c.uet.server.database.DBConnection - Connected to database successfully!
2026-05-28 14:01:22 [pool-2-thread-1] INFO  c.uet.server.database.dao.AuctionDAO - [Scheduler] Phiên 7438259586 đã đóng nhưng không có ai mua.
2026-05-28 14:01:22 [pool-2-thread-1] INFO  c.uet.server.database.dao.AuctionDAO - [Scheduler] Phiên 9557554342 đã đóng nhưng không có ai mua.
2026-05-28 14:01:22 [pool-2-thread-1] INFO  c.u.server.service.AuctionScheduler - [Scheduler] Phát hiện có thay đổi danh sách phiên đấu giá (Kích hoạt: 0, Kết thúc: 2). Tiến hành Broadcast...
2026-05-28 14:01:32 [main] INFO  com.uet.server.network.ServerMain - --- CÓ 1 CLIENT VỪA KẾT NỐI! ---
2026-05-28 14:01:32 [Thread-0] INFO  c.u.s.s.ClientRequestDispatcher - Đang đăng nhập: admin1
2026-05-28 14:01:34 [Thread-0] INFO  com.uet.server.database.dao.UserDAO - [UserDAO] Đã tải thành công 18 người dùng cho Admin.
2026-05-28 14:01:38 [Thread-0] INFO  c.u.s.s.ClientRequestDispatcher - [Server] Đã cập nhật trạng thái active = false cho user ID: 8829354540
2026-05-28 14:01:38 [Thread-0] INFO  com.uet.server.database.dao.UserDAO - [UserDAO] Đã tải thành công 18 người dùng cho Admin.
2026-05-28 14:01:40 [Thread-0] INFO  c.u.s.s.ClientRequestDispatcher - [Server] Đã cập nhật trạng thái active = false cho user ID: bb4c5b28-1f8f-45ff-90e1-aa3fb973f6ec
2026-05-28 14:01:40 [Thread-0] INFO  com.uet.server.database.dao.UserDAO - [UserDAO] Đã tải thành công 18 người dùng cho Admin.
2026-05-28 14:01:43 [Thread-0] INFO  c.u.s.s.ClientRequestDispatcher - [Server] Đã cập nhật trạng thái active = true cho user ID: bb4c5b28-1f8f-45ff-90e1-aa3fb973f6ec
2026-05-28 14:01:43 [Thread-0] INFO  com.uet.server.database.dao.UserDAO - [UserDAO] Đã tải thành công 18 người dùng cho Admin.
2026-05-28 14:01:45 [Thread-0] INFO  c.u.s.s.ClientRequestDispatcher - [Server] Đã cập nhật trạng thái active = true cho user ID: 8829354540
2026-05-28 14:01:45 [Thread-0] INFO  com.uet.server.database.dao.UserDAO - [UserDAO] Đã tải thành công 18 người dùng cho Admin.
2026-05-28 14:01:51 [Thread-0] ERROR com.uet.server.database.dao.UserDAO - Lỗi khi xóa user trong UserDAO: 
java.sql.SQLIntegrityConstraintViolationException: Cannot delete or update a parent row: a foreign key constraint fails (`auction_system`.`wallet`, CONSTRAINT `wallet_ibfk_1` FOREIGN KEY (`user_id`) REFERENCES `users` (`id`))
	at com.mysql.cj.jdbc.exceptions.SQLError.createSQLException(SQLError.java:118)
	at com.mysql.cj.jdbc.exceptions.SQLExceptionsMapping.translateException(SQLExceptionsMapping.java:122)
	at com.mysql.cj.jdbc.ClientPreparedStatement.executeInternal(ClientPreparedStatement.java:916)
	at com.mysql.cj.jdbc.ClientPreparedStatement.executeUpdateInternal(ClientPreparedStatement.java:1061)
	at com.mysql.cj.jdbc.ClientPreparedStatement.executeUpdateInternal(ClientPreparedStatement.java:1009)
	at com.mysql.cj.jdbc.ClientPreparedStatement.executeLargeUpdate(ClientPreparedStatement.java:1320)
	at com.mysql.cj.jdbc.ClientPreparedStatement.executeUpdate(ClientPreparedStatement.java:994)
	at com.uet.server.database.dao.UserDAO.deleteUser(UserDAO.java:118)
	at com.uet.server.service.ClientRequestDispatcher.dispatch(ClientRequestDispatcher.java:50)
	at com.uet.server.network.ClientHandler.listenClientMessages(ClientHandler.java:62)
	at com.uet.server.network.ClientHandler.run(ClientHandler.java:43)
	at java.base/java.lang.Thread.run(Thread.java:1474)
2026-05-28 14:01:51 [Thread-0] INFO  c.u.s.s.ClientRequestDispatcher - [Server] Đã xử lý xóa thành công user ID: bb4c5b28-1f8f-45ff-90e1-aa3fb973f6ec
2026-05-28 14:01:51 [Thread-0] INFO  com.uet.server.database.dao.UserDAO - [UserDAO] Đã tải thành công 18 người dùng cho Admin.
2026-05-28 14:01:51 [Thread-0] INFO  com.uet.server.database.dao.UserDAO - [UserDAO] Đã tải thành công 18 người dùng cho Admin.
2026-05-28 14:01:56 [Thread-0] INFO  com.uet.server.database.dao.UserDAO - [UserDAO] Đã tải thành công 18 người dùng cho Admin.
2026-05-28 14:02:08 [Thread-0] INFO  c.u.s.service.AuctionRealtimeService - ==> Admin đang yêu cầu tải toàn bộ danh sách phiên đấu giá!
2026-05-28 14:02:17 [Thread-0] INFO  com.uet.server.database.dao.UserDAO - [UserDAO] Đã tải thành công 18 người dùng cho Admin.
2026-05-28 14:02:25 [Thread-0] INFO  c.uet.server.network.ClientHandler - Client ngắt kết nối hoặc có lỗi xảy ra: Connection reset
2026-05-28 14:02:25 [Thread-0] INFO  c.uet.server.network.ClientHandler - [SERVER] Đã giải phóng hoàn toàn kết nối Socket vật lý.
2026-05-28 14:02:25 [Thread-0] INFO  c.uet.server.network.ClientHandler - [SERVER] Đã Xóa Client khỏi ClientManager thành công.
2026-05-28 15:20:59 [main] INFO  c.u.server.service.AuctionScheduler - [Scheduler] Bộ quét thời gian đấu giá tự động đã được kích hoạt!
2026-05-28 15:20:59 [main] INFO  com.uet.server.network.ServerMain - --- SERVER ĐANG CHỜ Ở CỔNG 27915 ---
2026-05-28 15:20:59 [pool-2-thread-1] INFO  c.uet.server.database.DBConnection - DB URL = jdbc:mysql://localhost:3306/auction_system?useSSL=false&allowPublicKeyRetrieval=true&serverTimezone=Asia/Ho_Chi_Minh
2026-05-28 15:20:59 [pool-2-thread-1] INFO  c.uet.server.database.DBConnection - Connected to database successfully!
2026-05-28 15:21:07 [main] INFO  com.uet.server.network.ServerMain - --- CÓ 1 CLIENT VỪA KẾT NỐI! ---
2026-05-28 15:21:07 [Thread-0] INFO  c.u.s.s.ClientRequestDispatcher - Đang đăng nhập: admin1
2026-05-28 15:21:07 [Thread-0] ERROR com.uet.server.database.dao.UserDAO - Lỗi khi cập nhật thời gian đăng nhập: 
java.sql.SQLSyntaxErrorException: Unknown column 'last_login_at' in 'field list'
	at com.mysql.cj.jdbc.exceptions.SQLError.createSQLException(SQLError.java:121)
	at com.mysql.cj.jdbc.exceptions.SQLExceptionsMapping.translateException(SQLExceptionsMapping.java:122)
	at com.mysql.cj.jdbc.ClientPreparedStatement.executeInternal(ClientPreparedStatement.java:916)
	at com.mysql.cj.jdbc.ClientPreparedStatement.executeUpdateInternal(ClientPreparedStatement.java:1061)
	at com.mysql.cj.jdbc.ClientPreparedStatement.executeUpdateInternal(ClientPreparedStatement.java:1009)
	at com.mysql.cj.jdbc.ClientPreparedStatement.executeLargeUpdate(ClientPreparedStatement.java:1320)
	at com.mysql.cj.jdbc.ClientPreparedStatement.executeUpdate(ClientPreparedStatement.java:994)
	at com.uet.server.database.dao.UserDAO.handleLogin(UserDAO.java:46)
	at com.uet.server.service.ClientRequestDispatcher.handleLogin(ClientRequestDispatcher.java:201)
	at com.uet.server.service.ClientRequestDispatcher.dispatch(ClientRequestDispatcher.java:62)
	at com.uet.server.network.ClientHandler.listenClientMessages(ClientHandler.java:62)
	at com.uet.server.network.ClientHandler.run(ClientHandler.java:43)
	at java.base/java.lang.Thread.run(Thread.java:1474)
2026-05-28 15:21:09 [Thread-0] ERROR com.uet.server.database.dao.UserDAO - Lỗi xảy ra khi lấy toàn bộ danh sách user từ DB: 
java.sql.SQLSyntaxErrorException: Unknown column 'u.last_login_at' in 'field list'
	at com.mysql.cj.jdbc.exceptions.SQLError.createSQLException(SQLError.java:121)
	at com.mysql.cj.jdbc.exceptions.SQLExceptionsMapping.translateException(SQLExceptionsMapping.java:122)
	at com.mysql.cj.jdbc.ClientPreparedStatement.executeInternal(ClientPreparedStatement.java:916)
	at com.mysql.cj.jdbc.ClientPreparedStatement.executeQuery(ClientPreparedStatement.java:972)
	at com.uet.server.database.dao.UserDAO.getAllUsers(UserDAO.java:82)
	at com.uet.server.service.ClientRequestDispatcher.handleGetAllUsers(ClientRequestDispatcher.java:191)
	at com.uet.server.service.ClientRequestDispatcher.dispatch(ClientRequestDispatcher.java:30)
	at com.uet.server.network.ClientHandler.listenClientMessages(ClientHandler.java:62)
	at com.uet.server.network.ClientHandler.run(ClientHandler.java:43)
	at java.base/java.lang.Thread.run(Thread.java:1474)
2026-05-28 15:21:23 [Thread-0] INFO  c.u.s.service.AuctionRealtimeService - ==> Admin đang yêu cầu tải toàn bộ danh sách phiên đấu giá!
2026-05-28 15:21:24 [Thread-0] ERROR com.uet.server.database.dao.UserDAO - Lỗi xảy ra khi lấy toàn bộ danh sách user từ DB: 
java.sql.SQLSyntaxErrorException: Unknown column 'u.last_login_at' in 'field list'
	at com.mysql.cj.jdbc.exceptions.SQLError.createSQLException(SQLError.java:121)
	at com.mysql.cj.jdbc.exceptions.SQLExceptionsMapping.translateException(SQLExceptionsMapping.java:122)
	at com.mysql.cj.jdbc.ClientPreparedStatement.executeInternal(ClientPreparedStatement.java:916)
	at com.mysql.cj.jdbc.ClientPreparedStatement.executeQuery(ClientPreparedStatement.java:972)
	at com.uet.server.database.dao.UserDAO.getAllUsers(UserDAO.java:82)
	at com.uet.server.service.ClientRequestDispatcher.handleGetAllUsers(ClientRequestDispatcher.java:191)
	at com.uet.server.service.ClientRequestDispatcher.dispatch(ClientRequestDispatcher.java:30)
	at com.uet.server.network.ClientHandler.listenClientMessages(ClientHandler.java:62)
	at com.uet.server.network.ClientHandler.run(ClientHandler.java:43)
	at java.base/java.lang.Thread.run(Thread.java:1474)
2026-05-28 15:22:16 [Thread-0] INFO  c.u.s.s.ClientRequestDispatcher - Đang đăng nhập: admin1
2026-05-28 15:22:16 [Thread-0] ERROR com.uet.server.database.dao.UserDAO - Lỗi khi cập nhật thời gian đăng nhập: 
java.sql.SQLSyntaxErrorException: Unknown column 'last_login_at' in 'field list'
	at com.mysql.cj.jdbc.exceptions.SQLError.createSQLException(SQLError.java:121)
	at com.mysql.cj.jdbc.exceptions.SQLExceptionsMapping.translateException(SQLExceptionsMapping.java:122)
	at com.mysql.cj.jdbc.ClientPreparedStatement.executeInternal(ClientPreparedStatement.java:916)
	at com.mysql.cj.jdbc.ClientPreparedStatement.executeUpdateInternal(ClientPreparedStatement.java:1061)
	at com.mysql.cj.jdbc.ClientPreparedStatement.executeUpdateInternal(ClientPreparedStatement.java:1009)
	at com.mysql.cj.jdbc.ClientPreparedStatement.executeLargeUpdate(ClientPreparedStatement.java:1320)
	at com.mysql.cj.jdbc.ClientPreparedStatement.executeUpdate(ClientPreparedStatement.java:994)
	at com.uet.server.database.dao.UserDAO.handleLogin(UserDAO.java:46)
	at com.uet.server.service.ClientRequestDispatcher.handleLogin(ClientRequestDispatcher.java:201)
	at com.uet.server.service.ClientRequestDispatcher.dispatch(ClientRequestDispatcher.java:62)
	at com.uet.server.network.ClientHandler.listenClientMessages(ClientHandler.java:62)
	at com.uet.server.network.ClientHandler.run(ClientHandler.java:43)
	at java.base/java.lang.Thread.run(Thread.java:1474)
2026-05-28 15:22:17 [Thread-0] ERROR com.uet.server.database.dao.UserDAO - Lỗi xảy ra khi lấy toàn bộ danh sách user từ DB: 
java.sql.SQLSyntaxErrorException: Unknown column 'u.last_login_at' in 'field list'
	at com.mysql.cj.jdbc.exceptions.SQLError.createSQLException(SQLError.java:121)
	at com.mysql.cj.jdbc.exceptions.SQLExceptionsMapping.translateException(SQLExceptionsMapping.java:122)
	at com.mysql.cj.jdbc.ClientPreparedStatement.executeInternal(ClientPreparedStatement.java:916)
	at com.mysql.cj.jdbc.ClientPreparedStatement.executeQuery(ClientPreparedStatement.java:972)
	at com.uet.server.database.dao.UserDAO.getAllUsers(UserDAO.java:82)
	at com.uet.server.service.ClientRequestDispatcher.handleGetAllUsers(ClientRequestDispatcher.java:191)
	at com.uet.server.service.ClientRequestDispatcher.dispatch(ClientRequestDispatcher.java:30)
	at com.uet.server.network.ClientHandler.listenClientMessages(ClientHandler.java:62)
	at com.uet.server.network.ClientHandler.run(ClientHandler.java:43)
	at java.base/java.lang.Thread.run(Thread.java:1474)
2026-05-28 15:22:34 [Thread-0] ERROR com.uet.server.database.dao.UserDAO - Lỗi xảy ra khi lấy toàn bộ danh sách user từ DB: 
java.sql.SQLSyntaxErrorException: Unknown column 'u.last_login_at' in 'field list'
	at com.mysql.cj.jdbc.exceptions.SQLError.createSQLException(SQLError.java:121)
	at com.mysql.cj.jdbc.exceptions.SQLExceptionsMapping.translateException(SQLExceptionsMapping.java:122)
	at com.mysql.cj.jdbc.ClientPreparedStatement.executeInternal(ClientPreparedStatement.java:916)
	at com.mysql.cj.jdbc.ClientPreparedStatement.executeQuery(ClientPreparedStatement.java:972)
	at com.uet.server.database.dao.UserDAO.getAllUsers(UserDAO.java:82)
	at com.uet.server.service.ClientRequestDispatcher.handleGetAllUsers(ClientRequestDispatcher.java:191)
	at com.uet.server.service.ClientRequestDispatcher.dispatch(ClientRequestDispatcher.java:30)
	at com.uet.server.network.ClientHandler.listenClientMessages(ClientHandler.java:62)
	at com.uet.server.network.ClientHandler.run(ClientHandler.java:43)
	at java.base/java.lang.Thread.run(Thread.java:1474)
2026-05-28 15:26:45 [main] INFO  c.u.server.service.AuctionScheduler - [Scheduler] Bộ quét thời gian đấu giá tự động đã được kích hoạt!
2026-05-28 15:26:45 [main] INFO  com.uet.server.network.ServerMain - --- SERVER ĐANG CHỜ Ở CỔNG 27915 ---
2026-05-28 15:26:45 [pool-2-thread-1] INFO  c.uet.server.database.DBConnection - DB URL = jdbc:mysql://localhost:3306/auction_system?useSSL=false&allowPublicKeyRetrieval=true&serverTimezone=Asia/Ho_Chi_Minh
2026-05-28 15:26:45 [pool-2-thread-1] INFO  c.uet.server.database.DBConnection - Connected to database successfully!
2026-05-28 15:26:53 [main] INFO  com.uet.server.network.ServerMain - --- CÓ 1 CLIENT VỪA KẾT NỐI! ---
2026-05-28 15:26:53 [Thread-0] INFO  c.u.s.s.ClientRequestDispatcher - Đang đăng nhập: admin1
2026-05-28 15:26:53 [Thread-0] ERROR com.uet.server.database.dao.UserDAO - Lỗi khi cập nhật thời gian đăng nhập: 
java.sql.SQLSyntaxErrorException: Unknown column 'last_login_at' in 'field list'
	at com.mysql.cj.jdbc.exceptions.SQLError.createSQLException(SQLError.java:121)
	at com.mysql.cj.jdbc.exceptions.SQLExceptionsMapping.translateException(SQLExceptionsMapping.java:122)
	at com.mysql.cj.jdbc.ClientPreparedStatement.executeInternal(ClientPreparedStatement.java:916)
	at com.mysql.cj.jdbc.ClientPreparedStatement.executeUpdateInternal(ClientPreparedStatement.java:1061)
	at com.mysql.cj.jdbc.ClientPreparedStatement.executeUpdateInternal(ClientPreparedStatement.java:1009)
	at com.mysql.cj.jdbc.ClientPreparedStatement.executeLargeUpdate(ClientPreparedStatement.java:1320)
	at com.mysql.cj.jdbc.ClientPreparedStatement.executeUpdate(ClientPreparedStatement.java:994)
	at com.uet.server.database.dao.UserDAO.handleLogin(UserDAO.java:46)
	at com.uet.server.service.ClientRequestDispatcher.handleLogin(ClientRequestDispatcher.java:201)
	at com.uet.server.service.ClientRequestDispatcher.dispatch(ClientRequestDispatcher.java:62)
	at com.uet.server.network.ClientHandler.listenClientMessages(ClientHandler.java:62)
	at com.uet.server.network.ClientHandler.run(ClientHandler.java:43)
	at java.base/java.lang.Thread.run(Thread.java:1474)
2026-05-28 15:26:56 [Thread-0] ERROR com.uet.server.database.dao.UserDAO - Lỗi xảy ra khi lấy toàn bộ danh sách user từ DB: 
java.sql.SQLSyntaxErrorException: Unknown column 'u.last_login_at' in 'field list'
	at com.mysql.cj.jdbc.exceptions.SQLError.createSQLException(SQLError.java:121)
	at com.mysql.cj.jdbc.exceptions.SQLExceptionsMapping.translateException(SQLExceptionsMapping.java:122)
	at com.mysql.cj.jdbc.ClientPreparedStatement.executeInternal(ClientPreparedStatement.java:916)
	at com.mysql.cj.jdbc.ClientPreparedStatement.executeQuery(ClientPreparedStatement.java:972)
	at com.uet.server.database.dao.UserDAO.getAllUsers(UserDAO.java:82)
	at com.uet.server.service.ClientRequestDispatcher.handleGetAllUsers(ClientRequestDispatcher.java:191)
	at com.uet.server.service.ClientRequestDispatcher.dispatch(ClientRequestDispatcher.java:30)
	at com.uet.server.network.ClientHandler.listenClientMessages(ClientHandler.java:62)
	at com.uet.server.network.ClientHandler.run(ClientHandler.java:43)
	at java.base/java.lang.Thread.run(Thread.java:1474)
2026-05-28 15:27:00 [Thread-0] ERROR com.uet.server.database.dao.UserDAO - Lỗi xảy ra khi lấy toàn bộ danh sách user từ DB: 
java.sql.SQLSyntaxErrorException: Unknown column 'u.last_login_at' in 'field list'
	at com.mysql.cj.jdbc.exceptions.SQLError.createSQLException(SQLError.java:121)
	at com.mysql.cj.jdbc.exceptions.SQLExceptionsMapping.translateException(SQLExceptionsMapping.java:122)
	at com.mysql.cj.jdbc.ClientPreparedStatement.executeInternal(ClientPreparedStatement.java:916)
	at com.mysql.cj.jdbc.ClientPreparedStatement.executeQuery(ClientPreparedStatement.java:972)
	at com.uet.server.database.dao.UserDAO.getAllUsers(UserDAO.java:82)
	at com.uet.server.service.ClientRequestDispatcher.handleGetAllUsers(ClientRequestDispatcher.java:191)
	at com.uet.server.service.ClientRequestDispatcher.dispatch(ClientRequestDispatcher.java:30)
	at com.uet.server.network.ClientHandler.listenClientMessages(ClientHandler.java:62)
	at com.uet.server.network.ClientHandler.run(ClientHandler.java:43)
	at java.base/java.lang.Thread.run(Thread.java:1474)
2026-05-28 15:27:03 [Thread-0] INFO  c.uet.server.network.ClientHandler - Client ngắt kết nối hoặc có lỗi xảy ra: Connection reset
2026-05-28 15:27:03 [Thread-0] INFO  c.uet.server.network.ClientHandler - [SERVER] Đã giải phóng hoàn toàn kết nối Socket vật lý.
2026-05-28 15:27:03 [Thread-0] INFO  c.uet.server.network.ClientHandler - [SERVER] Đã Xóa Client khỏi ClientManager thành công.
2026-05-28 15:32:36 [main] INFO  c.u.server.service.AuctionScheduler - [Scheduler] Bộ quét thời gian đấu giá tự động đã được kích hoạt!
2026-05-28 15:32:36 [main] INFO  com.uet.server.network.ServerMain - --- SERVER ĐANG CHỜ Ở CỔNG 27915 ---
2026-05-28 15:32:36 [pool-2-thread-1] INFO  c.uet.server.database.DBConnection - DB URL = jdbc:mysql://localhost:3306/auction_system?useSSL=false&allowPublicKeyRetrieval=true&serverTimezone=Asia/Ho_Chi_Minh
2026-05-28 15:32:36 [pool-2-thread-1] INFO  c.uet.server.database.DBConnection - Connected to database successfully!
2026-05-28 15:32:44 [main] INFO  com.uet.server.network.ServerMain - --- CÓ 1 CLIENT VỪA KẾT NỐI! ---
2026-05-28 15:32:44 [Thread-0] INFO  c.u.s.s.ClientRequestDispatcher - Đang đăng nhập: admin1
2026-05-28 15:32:44 [Thread-0] INFO  com.uet.server.database.dao.UserDAO - [UserDAO] ⏰ Đã cập nhật mốc đăng nhập mới cho user ID: U001
2026-05-28 15:32:46 [Thread-0] INFO  com.uet.server.database.dao.UserDAO - [UserDAO] Đã tải thành công 18 người dùng cho Admin.
2026-05-28 15:33:49 [Thread-0] INFO  c.uet.server.network.ClientHandler - Client ngắt kết nối hoặc có lỗi xảy ra: Connection reset
2026-05-28 15:33:49 [Thread-0] INFO  c.uet.server.network.ClientHandler - [SERVER] Đã giải phóng hoàn toàn kết nối Socket vật lý.
2026-05-28 15:33:49 [Thread-0] INFO  c.uet.server.network.ClientHandler - [SERVER] Đã Xóa Client khỏi ClientManager thành công.
2026-05-28 15:35:28 [main] INFO  com.uet.server.network.ServerMain - --- CÓ 1 CLIENT VỪA KẾT NỐI! ---
2026-05-28 15:35:28 [Thread-1] INFO  c.u.s.s.ClientRequestDispatcher - Đang đăng nhập: admin1
2026-05-28 15:35:28 [Thread-1] INFO  com.uet.server.database.dao.UserDAO - [UserDAO] ⏰ Đã cập nhật mốc đăng nhập mới cho user ID: U001
2026-05-28 15:35:29 [Thread-1] INFO  com.uet.server.database.dao.UserDAO - [UserDAO] Đã tải thành công 18 người dùng cho Admin.
2026-05-28 15:35:39 [Thread-1] INFO  c.uet.server.network.ClientHandler - Client ngắt kết nối hoặc có lỗi xảy ra: Connection reset
2026-05-28 15:35:39 [Thread-1] INFO  c.uet.server.network.ClientHandler - [SERVER] Đã giải phóng hoàn toàn kết nối Socket vật lý.
2026-05-28 15:35:39 [Thread-1] INFO  c.uet.server.network.ClientHandler - [SERVER] Đã Xóa Client khỏi ClientManager thành công.
=======
2026-05-28 13:56:25 [Thread-2] INFO  c.uet.server.network.ClientHandler - Client ngắt kết nối hoặc có lỗi xảy ra: Connection reset
2026-05-28 13:56:25 [Thread-2] INFO  c.uet.server.network.ClientHandler - [SERVER] Đã giải phóng hoàn toàn kết nối Socket vật lý.
2026-05-28 13:56:25 [Thread-2] INFO  c.uet.server.network.ClientHandler - [SERVER] Đã Xóa Client khỏi ClientManager thành công.
2026-05-28 13:57:44 [main] INFO  c.u.server.service.AuctionScheduler - [Scheduler] Bộ quét thời gian đấu giá tự động đã được kích hoạt!
2026-05-28 13:57:44 [main] INFO  com.uet.server.network.ServerMain - --- SERVER ĐANG CHỜ Ở CỔNG 27915 ---
2026-05-28 13:57:44 [pool-2-thread-1] INFO  c.uet.server.database.DBConnection - DB URL = jdbc:mysql://localhost:3306/auction_system?useSSL=false&allowPublicKeyRetrieval=true&serverTimezone=Asia/Ho_Chi_Minh
2026-05-28 13:57:44 [pool-2-thread-1] INFO  c.uet.server.database.DBConnection - Connected to database successfully!
2026-05-28 14:40:34 [pool-2-thread-1] INFO  c.uet.server.database.dao.AuctionDAO - [Scheduler] Phiên 7074102437 đã đóng nhưng không có ai mua.
2026-05-28 14:40:34 [pool-2-thread-1] INFO  c.u.server.service.AuctionScheduler - [Scheduler] Phát hiện có thay đổi danh sách phiên đấu giá (Kích hoạt: 0, Kết thúc: 1). Tiến hành Broadcast...
2026-05-28 14:41:18 [main] INFO  c.u.server.service.AuctionScheduler - [Scheduler] Bộ quét thời gian đấu giá tự động đã được kích hoạt!
2026-05-28 14:41:18 [main] INFO  com.uet.server.network.ServerMain - --- SERVER ĐANG CHỜ Ở CỔNG 27915 ---
2026-05-28 14:41:19 [pool-2-thread-1] INFO  c.uet.server.database.DBConnection - DB URL = jdbc:mysql://localhost:3306/auction_system?useSSL=false&allowPublicKeyRetrieval=true&serverTimezone=Asia/Ho_Chi_Minh
2026-05-28 14:41:19 [pool-2-thread-1] INFO  c.uet.server.database.DBConnection - Connected to database successfully!
2026-05-28 14:41:28 [main] INFO  com.uet.server.network.ServerMain - --- CÓ 1 CLIENT VỪA KẾT NỐI! ---
2026-05-28 14:41:28 [Thread-0] INFO  c.u.s.s.ClientRequestDispatcher - Đang đăng nhập: nam
2026-05-28 14:41:28 [Thread-0] WARN  com.uet.server.database.dao.UserDAO - UserDAO: file not found: \root\uploads\avatars\3846757029_bfd9560e-cb7a-4d45-9713-94add44d6970.png
2026-05-28 14:41:43 [Thread-0] INFO  c.uet.server.network.ClientHandler - [SERVER] Đã giải phóng hoàn toàn kết nối Socket vật lý.
2026-05-28 14:41:43 [Thread-0] INFO  c.uet.server.network.ClientHandler - [SERVER] Đã Xóa Client khỏi ClientManager thành công.
2026-05-28 14:41:47 [main] INFO  com.uet.server.network.ServerMain - --- CÓ 1 CLIENT VỪA KẾT NỐI! ---
2026-05-28 14:41:47 [Thread-1] INFO  c.u.s.s.ClientRequestDispatcher - Đang đăng nhập: admin1
2026-05-28 14:42:52 [Thread-1] INFO  c.uet.server.network.ClientHandler - Client ngắt kết nối hoặc có lỗi xảy ra: Connection reset
2026-05-28 14:42:52 [Thread-1] INFO  c.uet.server.network.ClientHandler - [SERVER] Đã giải phóng hoàn toàn kết nối Socket vật lý.
2026-05-28 14:42:52 [Thread-1] INFO  c.uet.server.network.ClientHandler - [SERVER] Đã Xóa Client khỏi ClientManager thành công.
2026-05-28 15:39:59 [main] INFO  c.u.server.service.AuctionScheduler - [Scheduler] Bộ quét thời gian đấu giá tự động đã được kích hoạt!
2026-05-28 15:39:59 [main] INFO  com.uet.server.network.ServerMain - --- SERVER ĐANG CHỜ Ở CỔNG 27915 ---
2026-05-28 15:39:59 [pool-2-thread-1] INFO  c.uet.server.database.DBConnection - DB URL = jdbc:mysql://localhost:3306/auction_system?useSSL=false&allowPublicKeyRetrieval=true&serverTimezone=Asia/Ho_Chi_Minh
2026-05-28 15:39:59 [pool-2-thread-1] INFO  c.uet.server.database.DBConnection - Connected to database successfully!
2026-05-28 15:40:06 [main] INFO  com.uet.server.network.ServerMain - --- CÓ 1 CLIENT VỪA KẾT NỐI! ---
2026-05-28 15:40:06 [Thread-0] INFO  c.u.s.s.ClientRequestDispatcher - Đang đăng nhập: nanm
2026-05-28 15:40:13 [Thread-0] INFO  c.u.s.s.ClientRequestDispatcher - Đang đăng nhập: nam
2026-05-28 15:40:13 [Thread-0] WARN  com.uet.server.database.dao.UserDAO - UserDAO: file not found: \root\uploads\avatars\3846757029_bfd9560e-cb7a-4d45-9713-94add44d6970.png
2026-05-28 15:40:18 [Thread-0] WARN  c.uet.server.database.dao.AuctionDAO - Không thể đọc file ảnh sản phẩm từ path: file://D:\root\uploads/products/U004_94883993-ff92-4d1b-9052-4bebea1eb69e.png, lỗi: Illegal char <:> at index 3: /D:\root\uploads/products/U004_94883993-ff92-4d1b-9052-4bebea1eb69e.png
2026-05-28 15:40:18 [Thread-0] WARN  c.uet.server.database.dao.AuctionDAO - Không thể đọc file ảnh sản phẩm từ path: file://D:\root\uploads/products/U004_6020268a-792a-4fc2-bb22-b8ea3f40272b.png, lỗi: Illegal char <:> at index 3: /D:\root\uploads/products/U004_6020268a-792a-4fc2-bb22-b8ea3f40272b.png
2026-05-28 15:40:18 [Thread-0] WARN  c.uet.server.database.dao.AuctionDAO - Không thể đọc file ảnh sản phẩm từ path: file://D:\root\uploads/products/U004_37539db0-ff21-4960-b0b6-b7155dc45046.png, lỗi: Illegal char <:> at index 3: /D:\root\uploads/products/U004_37539db0-ff21-4960-b0b6-b7155dc45046.png
2026-05-28 15:40:18 [Thread-0] WARN  c.uet.server.database.dao.AuctionDAO - Không thể đọc file ảnh sản phẩm từ path: file://D:\root\uploads/products/U004_13fbebc8-3ff3-4177-950d-58131da1231a.png, lỗi: Illegal char <:> at index 3: /D:\root\uploads/products/U004_13fbebc8-3ff3-4177-950d-58131da1231a.png
2026-05-28 15:40:26 [Thread-0] INFO  c.uet.server.network.ClientHandler - Client ngắt kết nối hoặc có lỗi xảy ra: Connection reset
2026-05-28 15:40:26 [Thread-0] INFO  c.uet.server.network.ClientHandler - [SERVER] Đã giải phóng hoàn toàn kết nối Socket vật lý.
2026-05-28 15:40:26 [Thread-0] INFO  c.uet.server.network.ClientHandler - [SERVER] Đã Xóa Client khỏi ClientManager thành công.
2026-05-28 15:43:05 [main] INFO  c.u.server.service.AuctionScheduler - [Scheduler] Bộ quét thời gian đấu giá tự động đã được kích hoạt!
2026-05-28 15:43:05 [main] INFO  com.uet.server.network.ServerMain - --- SERVER ĐANG CHỜ Ở CỔNG 27915 ---
2026-05-28 15:43:05 [pool-2-thread-1] INFO  c.uet.server.database.DBConnection - DB URL = jdbc:mysql://localhost:3306/auction_system?useSSL=false&allowPublicKeyRetrieval=true&serverTimezone=Asia/Ho_Chi_Minh
2026-05-28 15:43:05 [pool-2-thread-1] INFO  c.uet.server.database.DBConnection - Connected to database successfully!
2026-05-28 15:43:21 [main] INFO  com.uet.server.network.ServerMain - --- CÓ 1 CLIENT VỪA KẾT NỐI! ---
2026-05-28 15:43:21 [Thread-0] INFO  c.u.s.s.ClientRequestDispatcher - Đang đăng nhập: nam
2026-05-28 15:43:21 [Thread-0] WARN  com.uet.server.database.dao.UserDAO - UserDAO: file not found: \root\uploads\avatars\3846757029_bfd9560e-cb7a-4d45-9713-94add44d6970.png
2026-05-28 15:43:25 [Thread-0] WARN  c.uet.server.database.dao.AuctionDAO - Không thể đọc file ảnh sản phẩm từ path: file://D:\root\uploads/products/U004_94883993-ff92-4d1b-9052-4bebea1eb69e.png, lỗi: Illegal char <:> at index 3: /D:\root\uploads/products/U004_94883993-ff92-4d1b-9052-4bebea1eb69e.png
2026-05-28 15:43:25 [Thread-0] WARN  c.uet.server.database.dao.AuctionDAO - Không thể đọc file ảnh sản phẩm từ path: file://D:\root\uploads/products/U004_6020268a-792a-4fc2-bb22-b8ea3f40272b.png, lỗi: Illegal char <:> at index 3: /D:\root\uploads/products/U004_6020268a-792a-4fc2-bb22-b8ea3f40272b.png
2026-05-28 15:43:25 [Thread-0] WARN  c.uet.server.database.dao.AuctionDAO - Không thể đọc file ảnh sản phẩm từ path: file://D:\root\uploads/products/U004_37539db0-ff21-4960-b0b6-b7155dc45046.png, lỗi: Illegal char <:> at index 3: /D:\root\uploads/products/U004_37539db0-ff21-4960-b0b6-b7155dc45046.png
2026-05-28 15:43:25 [Thread-0] WARN  c.uet.server.database.dao.AuctionDAO - Không thể đọc file ảnh sản phẩm từ path: file://D:\root\uploads/products/U004_13fbebc8-3ff3-4177-950d-58131da1231a.png, lỗi: Illegal char <:> at index 3: /D:\root\uploads/products/U004_13fbebc8-3ff3-4177-950d-58131da1231a.png
2026-05-28 15:44:35 [Thread-0] INFO  c.uet.server.network.ClientHandler - Client ngắt kết nối hoặc có lỗi xảy ra: Connection reset
2026-05-28 15:44:35 [Thread-0] INFO  c.uet.server.network.ClientHandler - [SERVER] Đã giải phóng hoàn toàn kết nối Socket vật lý.
2026-05-28 15:44:35 [Thread-0] INFO  c.uet.server.network.ClientHandler - [SERVER] Đã Xóa Client khỏi ClientManager thành công.
2026-05-28 15:44:47 [main] INFO  com.uet.server.network.ServerMain - --- CÓ 1 CLIENT VỪA KẾT NỐI! ---
2026-05-28 15:44:47 [Thread-1] INFO  c.u.s.s.ClientRequestDispatcher - Đang đăng nhập: nam
2026-05-28 15:44:47 [Thread-1] WARN  com.uet.server.database.dao.UserDAO - UserDAO: file not found: \root\uploads\avatars\3846757029_bfd9560e-cb7a-4d45-9713-94add44d6970.png
2026-05-28 15:44:52 [Thread-1] INFO  c.uet.server.network.ClientHandler - Client ngắt kết nối hoặc có lỗi xảy ra: Connection reset
2026-05-28 15:44:52 [Thread-1] INFO  c.uet.server.network.ClientHandler - [SERVER] Đã giải phóng hoàn toàn kết nối Socket vật lý.
2026-05-28 15:44:52 [Thread-1] INFO  c.uet.server.network.ClientHandler - [SERVER] Đã Xóa Client khỏi ClientManager thành công.
2026-05-28 15:46:45 [main] INFO  com.uet.server.network.ServerMain - --- CÓ 1 CLIENT VỪA KẾT NỐI! ---
2026-05-28 15:46:45 [Thread-2] INFO  c.u.s.s.ClientRequestDispatcher - Đang đăng nhập: nam
2026-05-28 15:46:45 [Thread-2] WARN  com.uet.server.database.dao.UserDAO - UserDAO: file not found: \root\uploads\avatars\3846757029_bfd9560e-cb7a-4d45-9713-94add44d6970.png
2026-05-28 15:48:40 [Thread-2] INFO  c.uet.server.network.ClientHandler - Client ngắt kết nối hoặc có lỗi xảy ra: Connection reset
2026-05-28 15:48:40 [Thread-2] INFO  c.uet.server.network.ClientHandler - [SERVER] Đã giải phóng hoàn toàn kết nối Socket vật lý.
2026-05-28 15:48:40 [Thread-2] INFO  c.uet.server.network.ClientHandler - [SERVER] Đã Xóa Client khỏi ClientManager thành công.
2026-05-28 15:50:08 [main] INFO  com.uet.server.network.ServerMain - --- CÓ 1 CLIENT VỪA KẾT NỐI! ---
2026-05-28 15:50:08 [Thread-3] INFO  c.u.s.s.ClientRequestDispatcher - Đang đăng nhập: nam
2026-05-28 15:50:08 [Thread-3] WARN  com.uet.server.database.dao.UserDAO - UserDAO: file not found: \root\uploads\avatars\3846757029_bfd9560e-cb7a-4d45-9713-94add44d6970.png
2026-05-28 15:50:26 [Thread-3] INFO  c.uet.server.network.ClientHandler - Client ngắt kết nối hoặc có lỗi xảy ra: Connection reset
2026-05-28 15:50:26 [Thread-3] INFO  c.uet.server.network.ClientHandler - [SERVER] Đã giải phóng hoàn toàn kết nối Socket vật lý.
2026-05-28 15:50:26 [Thread-3] INFO  c.uet.server.network.ClientHandler - [SERVER] Đã Xóa Client khỏi ClientManager thành công.
2026-05-28 15:53:28 [main] INFO  com.uet.server.network.ServerMain - --- CÓ 1 CLIENT VỪA KẾT NỐI! ---
2026-05-28 15:53:28 [Thread-4] INFO  c.u.s.s.ClientRequestDispatcher - Đang đăng nhập: nam
2026-05-28 15:53:28 [Thread-4] WARN  com.uet.server.database.dao.UserDAO - UserDAO: file not found: \root\uploads\avatars\3846757029_bfd9560e-cb7a-4d45-9713-94add44d6970.png
2026-05-28 15:53:45 [Thread-4] INFO  c.uet.server.network.ClientHandler - [SERVER] Đã giải phóng hoàn toàn kết nối Socket vật lý.
2026-05-28 15:53:45 [Thread-4] INFO  c.uet.server.network.ClientHandler - [SERVER] Đã Xóa Client khỏi ClientManager thành công.
2026-05-28 15:53:54 [main] INFO  com.uet.server.network.ServerMain - --- CÓ 1 CLIENT VỪA KẾT NỐI! ---
2026-05-28 15:53:54 [Thread-5] INFO  c.u.s.s.ClientRequestDispatcher - Đang đăng nhập: 1
2026-05-28 15:54:01 [Thread-5] WARN  c.uet.server.network.ClientHandler - Server: Không thể gửi phản hồi do Client đã chủ động ngắt kết nối vật lý (Đăng xuất/Tắt app).
2026-05-28 15:54:01 [Thread-5] INFO  c.uet.server.network.ClientHandler - [SERVER] Đã giải phóng hoàn toàn kết nối Socket vật lý.
2026-05-28 15:54:01 [Thread-5] INFO  c.uet.server.network.ClientHandler - [SERVER] Đã Xóa Client khỏi ClientManager thành công.
2026-05-28 15:54:05 [main] INFO  com.uet.server.network.ServerMain - --- CÓ 1 CLIENT VỪA KẾT NỐI! ---
2026-05-28 15:54:05 [Thread-6] INFO  c.u.s.s.ClientRequestDispatcher - Đang đăng nhập: nam
2026-05-28 15:54:05 [Thread-6] WARN  com.uet.server.database.dao.UserDAO - UserDAO: file not found: \root\uploads\avatars\3846757029_bfd9560e-cb7a-4d45-9713-94add44d6970.png
2026-05-28 15:54:13 [Thread-6] INFO  c.uet.server.network.ClientHandler - Client ngắt kết nối hoặc có lỗi xảy ra: Connection reset
2026-05-28 15:54:13 [Thread-6] INFO  c.uet.server.network.ClientHandler - [SERVER] Đã giải phóng hoàn toàn kết nối Socket vật lý.
2026-05-28 15:54:13 [Thread-6] INFO  c.uet.server.network.ClientHandler - [SERVER] Đã Xóa Client khỏi ClientManager thành công.
2026-05-28 15:57:02 [main] INFO  com.uet.server.network.ServerMain - --- CÓ 1 CLIENT VỪA KẾT NỐI! ---
2026-05-28 15:57:02 [Thread-7] INFO  c.u.s.s.ClientRequestDispatcher - Đang đăng nhập: nam
2026-05-28 15:57:02 [Thread-7] WARN  com.uet.server.database.dao.UserDAO - UserDAO: file not found: \root\uploads\avatars\3846757029_bfd9560e-cb7a-4d45-9713-94add44d6970.png
2026-05-28 15:57:15 [Thread-7] WARN  c.uet.server.database.dao.AuctionDAO - Không thể đọc file ảnh sản phẩm từ path: file://D:\root\uploads/products/U004_94883993-ff92-4d1b-9052-4bebea1eb69e.png, lỗi: Illegal char <:> at index 3: /D:\root\uploads/products/U004_94883993-ff92-4d1b-9052-4bebea1eb69e.png
2026-05-28 15:57:15 [Thread-7] WARN  c.uet.server.database.dao.AuctionDAO - Không thể đọc file ảnh sản phẩm từ path: file://D:\root\uploads/products/U004_6020268a-792a-4fc2-bb22-b8ea3f40272b.png, lỗi: Illegal char <:> at index 3: /D:\root\uploads/products/U004_6020268a-792a-4fc2-bb22-b8ea3f40272b.png
2026-05-28 15:57:15 [Thread-7] WARN  c.uet.server.database.dao.AuctionDAO - Không thể đọc file ảnh sản phẩm từ path: file://D:\root\uploads/products/U004_37539db0-ff21-4960-b0b6-b7155dc45046.png, lỗi: Illegal char <:> at index 3: /D:\root\uploads/products/U004_37539db0-ff21-4960-b0b6-b7155dc45046.png
2026-05-28 15:57:15 [Thread-7] WARN  c.uet.server.database.dao.AuctionDAO - Không thể đọc file ảnh sản phẩm từ path: file://D:\root\uploads/products/U004_13fbebc8-3ff3-4177-950d-58131da1231a.png, lỗi: Illegal char <:> at index 3: /D:\root\uploads/products/U004_13fbebc8-3ff3-4177-950d-58131da1231a.png
2026-05-28 15:58:13 [Thread-7] WARN  c.uet.server.database.dao.AuctionDAO - Không thể đọc file ảnh sản phẩm từ path: file://D:\root\uploads/products/U004_94883993-ff92-4d1b-9052-4bebea1eb69e.png, lỗi: Illegal char <:> at index 3: /D:\root\uploads/products/U004_94883993-ff92-4d1b-9052-4bebea1eb69e.png
2026-05-28 15:58:13 [Thread-7] WARN  c.uet.server.database.dao.AuctionDAO - Không thể đọc file ảnh sản phẩm từ path: file://D:\root\uploads/products/U004_6020268a-792a-4fc2-bb22-b8ea3f40272b.png, lỗi: Illegal char <:> at index 3: /D:\root\uploads/products/U004_6020268a-792a-4fc2-bb22-b8ea3f40272b.png
2026-05-28 15:58:13 [Thread-7] WARN  c.uet.server.database.dao.AuctionDAO - Không thể đọc file ảnh sản phẩm từ path: file://D:\root\uploads/products/U004_37539db0-ff21-4960-b0b6-b7155dc45046.png, lỗi: Illegal char <:> at index 3: /D:\root\uploads/products/U004_37539db0-ff21-4960-b0b6-b7155dc45046.png
2026-05-28 15:58:13 [Thread-7] WARN  c.uet.server.database.dao.AuctionDAO - Không thể đọc file ảnh sản phẩm từ path: file://D:\root\uploads/products/U004_13fbebc8-3ff3-4177-950d-58131da1231a.png, lỗi: Illegal char <:> at index 3: /D:\root\uploads/products/U004_13fbebc8-3ff3-4177-950d-58131da1231a.png
2026-05-28 15:58:18 [Thread-7] WARN  c.uet.server.database.dao.AuctionDAO - Không thể đọc file ảnh sản phẩm từ path: file://D:\root\uploads/products/U004_94883993-ff92-4d1b-9052-4bebea1eb69e.png, lỗi: Illegal char <:> at index 3: /D:\root\uploads/products/U004_94883993-ff92-4d1b-9052-4bebea1eb69e.png
2026-05-28 15:58:18 [Thread-7] WARN  c.uet.server.database.dao.AuctionDAO - Không thể đọc file ảnh sản phẩm từ path: file://D:\root\uploads/products/U004_6020268a-792a-4fc2-bb22-b8ea3f40272b.png, lỗi: Illegal char <:> at index 3: /D:\root\uploads/products/U004_6020268a-792a-4fc2-bb22-b8ea3f40272b.png
2026-05-28 15:58:18 [Thread-7] WARN  c.uet.server.database.dao.AuctionDAO - Không thể đọc file ảnh sản phẩm từ path: file://D:\root\uploads/products/U004_37539db0-ff21-4960-b0b6-b7155dc45046.png, lỗi: Illegal char <:> at index 3: /D:\root\uploads/products/U004_37539db0-ff21-4960-b0b6-b7155dc45046.png
2026-05-28 15:58:18 [Thread-7] WARN  c.uet.server.database.dao.AuctionDAO - Không thể đọc file ảnh sản phẩm từ path: file://D:\root\uploads/products/U004_13fbebc8-3ff3-4177-950d-58131da1231a.png, lỗi: Illegal char <:> at index 3: /D:\root\uploads/products/U004_13fbebc8-3ff3-4177-950d-58131da1231a.png
2026-05-28 16:00:06 [Thread-7] INFO  c.uet.server.network.ClientHandler - [SERVER] Đã giải phóng hoàn toàn kết nối Socket vật lý.
2026-05-28 16:00:06 [Thread-7] INFO  c.uet.server.network.ClientHandler - [SERVER] Đã Xóa Client khỏi ClientManager thành công.
2026-05-28 16:01:19 [main] INFO  com.uet.server.network.ServerMain - --- CÓ 1 CLIENT VỪA KẾT NỐI! ---
2026-05-28 16:01:19 [Thread-8] INFO  c.u.s.s.ClientRequestDispatcher - Đang đăng nhập: nam
2026-05-28 16:01:19 [Thread-8] WARN  com.uet.server.database.dao.UserDAO - UserDAO: file not found: \root\uploads\avatars\3846757029_bfd9560e-cb7a-4d45-9713-94add44d6970.png
2026-05-28 16:01:27 [Thread-8] WARN  c.uet.server.database.dao.AuctionDAO - Không thể đọc file ảnh sản phẩm từ path: file://D:\root\uploads/products/U004_94883993-ff92-4d1b-9052-4bebea1eb69e.png, lỗi: Illegal char <:> at index 3: /D:\root\uploads/products/U004_94883993-ff92-4d1b-9052-4bebea1eb69e.png
2026-05-28 16:01:27 [Thread-8] WARN  c.uet.server.database.dao.AuctionDAO - Không thể đọc file ảnh sản phẩm từ path: file://D:\root\uploads/products/U004_6020268a-792a-4fc2-bb22-b8ea3f40272b.png, lỗi: Illegal char <:> at index 3: /D:\root\uploads/products/U004_6020268a-792a-4fc2-bb22-b8ea3f40272b.png
2026-05-28 16:01:27 [Thread-8] WARN  c.uet.server.database.dao.AuctionDAO - Không thể đọc file ảnh sản phẩm từ path: file://D:\root\uploads/products/U004_37539db0-ff21-4960-b0b6-b7155dc45046.png, lỗi: Illegal char <:> at index 3: /D:\root\uploads/products/U004_37539db0-ff21-4960-b0b6-b7155dc45046.png
2026-05-28 16:01:27 [Thread-8] WARN  c.uet.server.database.dao.AuctionDAO - Không thể đọc file ảnh sản phẩm từ path: file://D:\root\uploads/products/U004_13fbebc8-3ff3-4177-950d-58131da1231a.png, lỗi: Illegal char <:> at index 3: /D:\root\uploads/products/U004_13fbebc8-3ff3-4177-950d-58131da1231a.png
2026-05-28 16:01:42 [Thread-8] WARN  c.uet.server.database.dao.AuctionDAO - Không thể đọc file ảnh sản phẩm từ path: file://D:\root\uploads/products/U004_94883993-ff92-4d1b-9052-4bebea1eb69e.png, lỗi: Illegal char <:> at index 3: /D:\root\uploads/products/U004_94883993-ff92-4d1b-9052-4bebea1eb69e.png
2026-05-28 16:01:42 [Thread-8] WARN  c.uet.server.database.dao.AuctionDAO - Không thể đọc file ảnh sản phẩm từ path: file://D:\root\uploads/products/U004_6020268a-792a-4fc2-bb22-b8ea3f40272b.png, lỗi: Illegal char <:> at index 3: /D:\root\uploads/products/U004_6020268a-792a-4fc2-bb22-b8ea3f40272b.png
2026-05-28 16:01:42 [Thread-8] WARN  c.uet.server.database.dao.AuctionDAO - Không thể đọc file ảnh sản phẩm từ path: file://D:\root\uploads/products/U004_37539db0-ff21-4960-b0b6-b7155dc45046.png, lỗi: Illegal char <:> at index 3: /D:\root\uploads/products/U004_37539db0-ff21-4960-b0b6-b7155dc45046.png
2026-05-28 16:01:42 [Thread-8] WARN  c.uet.server.database.dao.AuctionDAO - Không thể đọc file ảnh sản phẩm từ path: file://D:\root\uploads/products/U004_13fbebc8-3ff3-4177-950d-58131da1231a.png, lỗi: Illegal char <:> at index 3: /D:\root\uploads/products/U004_13fbebc8-3ff3-4177-950d-58131da1231a.png
2026-05-28 16:02:12 [Thread-8] INFO  c.uet.server.network.ClientHandler - Client ngắt kết nối hoặc có lỗi xảy ra: Connection reset
2026-05-28 16:02:12 [Thread-8] INFO  c.uet.server.network.ClientHandler - [SERVER] Đã giải phóng hoàn toàn kết nối Socket vật lý.
2026-05-28 16:02:12 [Thread-8] INFO  c.uet.server.network.ClientHandler - [SERVER] Đã Xóa Client khỏi ClientManager thành công.
2026-05-28 16:04:05 [main] INFO  com.uet.server.network.ServerMain - --- CÓ 1 CLIENT VỪA KẾT NỐI! ---
2026-05-28 16:04:05 [Thread-9] INFO  c.u.s.s.ClientRequestDispatcher - Đang đăng nhập: nam
2026-05-28 16:04:05 [Thread-9] WARN  com.uet.server.database.dao.UserDAO - UserDAO: file not found: \root\uploads\avatars\3846757029_bfd9560e-cb7a-4d45-9713-94add44d6970.png
2026-05-28 16:04:09 [Thread-9] INFO  c.uet.server.network.ClientHandler - Client ngắt kết nối hoặc có lỗi xảy ra: Connection reset
2026-05-28 16:04:09 [Thread-9] INFO  c.uet.server.network.ClientHandler - [SERVER] Đã giải phóng hoàn toàn kết nối Socket vật lý.
2026-05-28 16:04:09 [Thread-9] INFO  c.uet.server.network.ClientHandler - [SERVER] Đã Xóa Client khỏi ClientManager thành công.
>>>>>>> Stashed changes
2026-05-28 16:29:32 [main] INFO  c.u.server.service.AuctionScheduler - [Scheduler] Bộ quét thời gian đấu giá tự động đã được kích hoạt!
2026-05-28 16:29:32 [main] INFO  com.uet.server.network.ServerMain - --- SERVER ĐANG CHỜ Ở CỔNG 27915 ---
2026-05-28 16:29:33 [pool-2-thread-1] INFO  c.uet.server.database.DBConnection - DB URL = jdbc:mysql://localhost:3306/auction_system?useSSL=false&allowPublicKeyRetrieval=true&serverTimezone=Asia/Ho_Chi_Minh
2026-05-28 16:29:33 [pool-2-thread-1] INFO  c.uet.server.database.DBConnection - Connected to database successfully!
2026-05-28 16:29:49 [main] INFO  com.uet.server.network.ServerMain - --- CÓ 1 CLIENT VỪA KẾT NỐI! ---
2026-05-28 16:29:49 [Thread-0] INFO  c.u.s.s.ClientRequestDispatcher - Đang đăng nhập: nam
2026-05-28 16:29:49 [Thread-0] WARN  com.uet.server.database.dao.UserDAO - UserDAO: file not found: \root\uploads\avatars\3846757029_9e151168-33b1-4fad-97b4-c71411b402f2.png
2026-05-28 16:29:49 [Thread-0] INFO  com.uet.server.database.dao.UserDAO - [UserDAO] ⏰ Đã cập nhật mốc đăng nhập mới cho user ID: 3846757029
2026-05-28 16:29:49 [Thread-0] WARN  c.uet.server.database.dao.AuctionDAO - Không thể đọc file ảnh sản phẩm từ path: file://D:\root\uploads/products/6804710579_d40c4231-727c-4b25-bb7a-f0d7393a0e04.png, lỗi: Illegal char <:> at index 3: /D:\root\uploads/products/6804710579_d40c4231-727c-4b25-bb7a-f0d7393a0e04.png
2026-05-28 16:29:51 [Thread-0] INFO  c.uet.server.network.ClientManager - Client joined auction: 2332381913
2026-05-28 16:29:51 [Thread-0] WARN  c.uet.server.database.dao.AuctionDAO - Không thể đọc file ảnh sản phẩm từ path: file://D:\root\uploads/products/6804710579_d40c4231-727c-4b25-bb7a-f0d7393a0e04.png, lỗi: Illegal char <:> at index 3: /D:\root\uploads/products/6804710579_d40c4231-727c-4b25-bb7a-f0d7393a0e04.png
2026-05-28 16:29:52 [pool-1-thread-1] INFO  c.uet.server.network.ClientManager - Gửi cập nhật ngay cho 1 client đang xem auction: 2332381913
2026-05-28 16:29:53 [Thread-0] INFO  c.uet.server.network.ClientManager - Client left auction: 2332381913
2026-05-28 16:29:53 [Thread-0] WARN  c.uet.server.database.dao.AuctionDAO - Không thể đọc file ảnh sản phẩm từ path: file://D:\root\uploads/products/6804710579_d40c4231-727c-4b25-bb7a-f0d7393a0e04.png, lỗi: Illegal char <:> at index 3: /D:\root\uploads/products/6804710579_d40c4231-727c-4b25-bb7a-f0d7393a0e04.png
2026-05-28 16:30:03 [Thread-0] WARN  c.uet.server.database.dao.AuctionDAO - Không thể đọc file ảnh sản phẩm từ path: file://D:\root\uploads/products/U004_94883993-ff92-4d1b-9052-4bebea1eb69e.png, lỗi: Illegal char <:> at index 3: /D:\root\uploads/products/U004_94883993-ff92-4d1b-9052-4bebea1eb69e.png
2026-05-28 16:30:03 [Thread-0] WARN  c.uet.server.database.dao.AuctionDAO - Không thể đọc file ảnh sản phẩm từ path: file://D:\root\uploads/products/U004_6020268a-792a-4fc2-bb22-b8ea3f40272b.png, lỗi: Illegal char <:> at index 3: /D:\root\uploads/products/U004_6020268a-792a-4fc2-bb22-b8ea3f40272b.png
2026-05-28 16:30:03 [Thread-0] WARN  c.uet.server.database.dao.AuctionDAO - Không thể đọc file ảnh sản phẩm từ path: file://D:\root\uploads/products/U004_37539db0-ff21-4960-b0b6-b7155dc45046.png, lỗi: Illegal char <:> at index 3: /D:\root\uploads/products/U004_37539db0-ff21-4960-b0b6-b7155dc45046.png
2026-05-28 16:30:03 [Thread-0] WARN  c.uet.server.database.dao.AuctionDAO - Không thể đọc file ảnh sản phẩm từ path: file://D:\root\uploads/products/U004_13fbebc8-3ff3-4177-950d-58131da1231a.png, lỗi: Illegal char <:> at index 3: /D:\root\uploads/products/U004_13fbebc8-3ff3-4177-950d-58131da1231a.png
2026-05-28 16:30:07 [Thread-0] WARN  c.uet.server.database.dao.AuctionDAO - Không thể đọc file ảnh sản phẩm từ path: file://D:\root\uploads/products/6804710579_d40c4231-727c-4b25-bb7a-f0d7393a0e04.png, lỗi: Illegal char <:> at index 3: /D:\root\uploads/products/6804710579_d40c4231-727c-4b25-bb7a-f0d7393a0e04.png
2026-05-28 16:30:11 [Thread-0] INFO  c.uet.server.network.ClientHandler - [SERVER] Đã giải phóng hoàn toàn kết nối Socket vật lý.
2026-05-28 16:30:11 [Thread-0] INFO  c.uet.server.network.ClientHandler - [SERVER] Đã Xóa Client khỏi ClientManager thành công.
2026-05-28 16:30:17 [main] INFO  com.uet.server.network.ServerMain - --- CÓ 1 CLIENT VỪA KẾT NỐI! ---
2026-05-28 16:30:17 [Thread-1] INFO  c.u.s.s.ClientRequestDispatcher - Đang đăng nhập: admin1
2026-05-28 16:30:17 [Thread-1] INFO  com.uet.server.database.dao.UserDAO - [UserDAO] ⏰ Đã cập nhật mốc đăng nhập mới cho user ID: U001
2026-05-28 16:30:18 [Thread-1] INFO  com.uet.server.database.dao.UserDAO - [UserDAO] Đã tải thành công 18 người dùng cho Admin.
2026-05-28 16:30:47 [Thread-1] INFO  c.u.s.s.ClientRequestDispatcher - Đang đăng nhập: nam
2026-05-28 16:30:47 [Thread-1] WARN  com.uet.server.database.dao.UserDAO - UserDAO: file not found: \root\uploads\avatars\3846757029_9e151168-33b1-4fad-97b4-c71411b402f2.png
2026-05-28 16:30:47 [Thread-1] INFO  com.uet.server.database.dao.UserDAO - [UserDAO] ⏰ Đã cập nhật mốc đăng nhập mới cho user ID: 3846757029
2026-05-28 16:30:47 [Thread-1] WARN  c.uet.server.database.dao.AuctionDAO - Không thể đọc file ảnh sản phẩm từ path: file://D:\root\uploads/products/6804710579_d40c4231-727c-4b25-bb7a-f0d7393a0e04.png, lỗi: Illegal char <:> at index 3: /D:\root\uploads/products/6804710579_d40c4231-727c-4b25-bb7a-f0d7393a0e04.png
2026-05-28 16:30:50 [Thread-1] WARN  c.uet.server.network.ClientHandler - Server: Không thể gửi phản hồi do Client đã chủ động ngắt kết nối vật lý (Đăng xuất/Tắt app).
2026-05-28 16:30:50 [Thread-1] INFO  c.uet.server.network.ClientHandler - [SERVER] Đã giải phóng hoàn toàn kết nối Socket vật lý.
2026-05-28 16:30:50 [Thread-1] INFO  c.uet.server.network.ClientHandler - [SERVER] Đã Xóa Client khỏi ClientManager thành công.
2026-05-28 16:30:56 [main] INFO  com.uet.server.network.ServerMain - --- CÓ 1 CLIENT VỪA KẾT NỐI! ---
2026-05-28 16:30:56 [Thread-2] INFO  c.u.s.s.ClientRequestDispatcher - Đang đăng nhập: admin1
2026-05-28 16:30:56 [Thread-2] INFO  com.uet.server.database.dao.UserDAO - [UserDAO] ⏰ Đã cập nhật mốc đăng nhập mới cho user ID: U001
2026-05-28 16:30:57 [Thread-2] INFO  com.uet.server.database.dao.UserDAO - [UserDAO] Đã tải thành công 18 người dùng cho Admin.
2026-05-28 16:44:04 [Thread-2] INFO  c.uet.server.network.ClientHandler - Client ngắt kết nối hoặc có lỗi xảy ra: Connection reset
2026-05-28 16:44:04 [Thread-2] INFO  c.uet.server.network.ClientHandler - [SERVER] Đã giải phóng hoàn toàn kết nối Socket vật lý.
2026-05-28 16:44:04 [Thread-2] INFO  c.uet.server.network.ClientHandler - [SERVER] Đã Xóa Client khỏi ClientManager thành công.
2026-05-28 16:58:02 [main] INFO  c.u.server.service.AuctionScheduler - [Scheduler] Bộ quét thời gian đấu giá tự động đã được kích hoạt!
2026-05-28 16:58:02 [main] INFO  com.uet.server.network.ServerMain - --- SERVER ĐANG CHỜ Ở CỔNG 27915 ---
2026-05-28 16:58:02 [pool-2-thread-1] INFO  c.uet.server.database.DBConnection - DB URL = jdbc:mysql://localhost:3306/auction_system?useSSL=false&allowPublicKeyRetrieval=true&serverTimezone=Asia/Ho_Chi_Minh
2026-05-28 16:58:02 [pool-2-thread-1] INFO  c.uet.server.database.DBConnection - Connected to database successfully!
2026-05-28 16:59:06 [main] INFO  com.uet.server.network.ServerMain - --- CÓ 1 CLIENT VỪA KẾT NỐI! ---
2026-05-28 16:59:06 [Thread-0] INFO  c.u.s.s.ClientRequestDispatcher - Đang đăng nhập: nam
2026-05-28 16:59:06 [Thread-0] WARN  com.uet.server.database.dao.UserDAO - UserDAO: file not found: \root\uploads\avatars\3846757029_9e151168-33b1-4fad-97b4-c71411b402f2.png
2026-05-28 16:59:06 [Thread-0] INFO  com.uet.server.database.dao.UserDAO - [UserDAO] ⏰ Đã cập nhật mốc đăng nhập mới cho user ID: 3846757029
2026-05-28 16:59:06 [Thread-0] WARN  c.uet.server.database.dao.AuctionDAO - Không thể đọc file ảnh sản phẩm từ path: file://D:\root\uploads/products/6804710579_d40c4231-727c-4b25-bb7a-f0d7393a0e04.png, lỗi: Illegal char <:> at index 3: /D:\root\uploads/products/6804710579_d40c4231-727c-4b25-bb7a-f0d7393a0e04.png
2026-05-28 16:59:21 [Thread-0] WARN  c.uet.server.database.dao.AuctionDAO - Không thể đọc file ảnh sản phẩm từ path: file://D:\root\uploads/products/6804710579_d40c4231-727c-4b25-bb7a-f0d7393a0e04.png, lỗi: Illegal char <:> at index 3: /D:\root\uploads/products/6804710579_d40c4231-727c-4b25-bb7a-f0d7393a0e04.png
2026-05-28 16:59:23 [Thread-0] WARN  c.uet.server.network.ClientHandler - Server: Không thể gửi phản hồi do Client đã chủ động ngắt kết nối vật lý (Đăng xuất/Tắt app).
2026-05-28 16:59:23 [Thread-0] INFO  c.uet.server.network.ClientHandler - [SERVER] Đã giải phóng hoàn toàn kết nối Socket vật lý.
2026-05-28 16:59:23 [Thread-0] INFO  c.uet.server.network.ClientHandler - [SERVER] Đã Xóa Client khỏi ClientManager thành công.
2026-05-28 16:59:28 [main] INFO  com.uet.server.network.ServerMain - --- CÓ 1 CLIENT VỪA KẾT NỐI! ---
2026-05-28 16:59:28 [Thread-1] INFO  c.u.s.s.ClientRequestDispatcher - Đang đăng nhập: admin1
2026-05-28 16:59:28 [Thread-1] INFO  com.uet.server.database.dao.UserDAO - [UserDAO] ⏰ Đã cập nhật mốc đăng nhập mới cho user ID: U001
2026-05-28 16:59:44 [Thread-1] INFO  c.uet.server.network.ClientHandler - Client ngắt kết nối hoặc có lỗi xảy ra: Connection reset
2026-05-28 16:59:44 [Thread-1] INFO  c.uet.server.network.ClientHandler - [SERVER] Đã giải phóng hoàn toàn kết nối Socket vật lý.
2026-05-28 16:59:44 [Thread-1] INFO  c.uet.server.network.ClientHandler - [SERVER] Đã Xóa Client khỏi ClientManager thành công.
2026-05-28 17:04:02 [main] INFO  c.u.server.service.AuctionScheduler - [Scheduler] Bộ quét thời gian đấu giá tự động đã được kích hoạt!
2026-05-28 17:04:02 [main] INFO  com.uet.server.network.ServerMain - --- SERVER ĐANG CHỜ Ở CỔNG 27915 ---
2026-05-28 17:04:03 [pool-2-thread-1] INFO  c.uet.server.database.DBConnection - DB URL = jdbc:mysql://localhost:3306/auction_system?useSSL=false&allowPublicKeyRetrieval=true&serverTimezone=Asia/Ho_Chi_Minh
2026-05-28 17:04:03 [pool-2-thread-1] INFO  c.uet.server.database.DBConnection - Connected to database successfully!
2026-05-28 17:04:14 [main] INFO  com.uet.server.network.ServerMain - --- CÓ 1 CLIENT VỪA KẾT NỐI! ---
2026-05-28 17:04:14 [Thread-0] INFO  c.u.s.s.ClientRequestDispatcher - Đang đăng nhập: nam
2026-05-28 17:04:14 [Thread-0] WARN  com.uet.server.database.dao.UserDAO - UserDAO: file not found: \root\uploads\avatars\3846757029_9e151168-33b1-4fad-97b4-c71411b402f2.png
2026-05-28 17:04:14 [Thread-0] INFO  com.uet.server.database.dao.UserDAO - [UserDAO] ⏰ Đã cập nhật mốc đăng nhập mới cho user ID: 3846757029
2026-05-28 17:04:14 [Thread-0] WARN  c.uet.server.database.dao.AuctionDAO - Không thể đọc file ảnh sản phẩm từ path: file://D:\root\uploads/products/6804710579_d40c4231-727c-4b25-bb7a-f0d7393a0e04.png, lỗi: Illegal char <:> at index 3: /D:\root\uploads/products/6804710579_d40c4231-727c-4b25-bb7a-f0d7393a0e04.png
2026-05-28 17:04:32 [Thread-0] WARN  c.uet.server.database.dao.AuctionDAO - Không thể đọc file ảnh sản phẩm từ path: file://D:\root\uploads/products/6804710579_d40c4231-727c-4b25-bb7a-f0d7393a0e04.png, lỗi: Illegal char <:> at index 3: /D:\root\uploads/products/6804710579_d40c4231-727c-4b25-bb7a-f0d7393a0e04.png
2026-05-28 17:04:34 [Thread-0] INFO  c.uet.server.network.ClientHandler - [SERVER] Đã giải phóng hoàn toàn kết nối Socket vật lý.
2026-05-28 17:04:34 [Thread-0] INFO  c.uet.server.network.ClientHandler - [SERVER] Đã Xóa Client khỏi ClientManager thành công.
2026-05-28 17:04:40 [main] INFO  com.uet.server.network.ServerMain - --- CÓ 1 CLIENT VỪA KẾT NỐI! ---
2026-05-28 17:04:40 [Thread-1] INFO  c.u.s.s.ClientRequestDispatcher - Đang đăng nhập: admin1
2026-05-28 17:04:40 [Thread-1] INFO  com.uet.server.database.dao.UserDAO - [UserDAO] ⏰ Đã cập nhật mốc đăng nhập mới cho user ID: U001
2026-05-28 17:04:42 [Thread-1] INFO  com.uet.server.database.dao.UserDAO - [UserDAO] Đã tải thành công 18 người dùng cho Admin.
2026-05-28 17:04:58 [Thread-1] INFO  c.uet.server.network.ClientHandler - Client ngắt kết nối hoặc có lỗi xảy ra: Connection reset
2026-05-28 17:04:58 [Thread-1] INFO  c.uet.server.network.ClientHandler - [SERVER] Đã giải phóng hoàn toàn kết nối Socket vật lý.
2026-05-28 17:04:58 [Thread-1] INFO  c.uet.server.network.ClientHandler - [SERVER] Đã Xóa Client khỏi ClientManager thành công.
2026-05-28 17:05:14 [main] INFO  com.uet.server.network.ServerMain - --- CÓ 1 CLIENT VỪA KẾT NỐI! ---
2026-05-28 17:05:14 [Thread-2] INFO  c.u.s.s.ClientRequestDispatcher - Đang đăng nhập: admin1
2026-05-28 17:05:14 [Thread-2] INFO  com.uet.server.database.dao.UserDAO - [UserDAO] ⏰ Đã cập nhật mốc đăng nhập mới cho user ID: U001
2026-05-28 17:05:23 [Thread-2] INFO  c.uet.server.network.ClientHandler - Client ngắt kết nối hoặc có lỗi xảy ra: Connection reset
2026-05-28 17:05:23 [Thread-2] INFO  c.uet.server.network.ClientHandler - [SERVER] Đã giải phóng hoàn toàn kết nối Socket vật lý.
2026-05-28 17:05:23 [Thread-2] INFO  c.uet.server.network.ClientHandler - [SERVER] Đã Xóa Client khỏi ClientManager thành công.
2026-05-28 17:12:12 [main] INFO  com.uet.server.network.ServerMain - --- CÓ 1 CLIENT VỪA KẾT NỐI! ---
2026-05-28 17:12:12 [Thread-3] INFO  c.u.s.s.ClientRequestDispatcher - Đang đăng nhập: nam
2026-05-28 17:12:12 [Thread-3] WARN  com.uet.server.database.dao.UserDAO - UserDAO: file not found: \root\uploads\avatars\3846757029_9e151168-33b1-4fad-97b4-c71411b402f2.png
2026-05-28 17:12:12 [Thread-3] INFO  com.uet.server.database.dao.UserDAO - [UserDAO] ⏰ Đã cập nhật mốc đăng nhập mới cho user ID: 3846757029
2026-05-28 17:12:13 [Thread-3] WARN  c.uet.server.database.dao.AuctionDAO - Không thể đọc file ảnh sản phẩm từ path: file://D:\root\uploads/products/6804710579_d40c4231-727c-4b25-bb7a-f0d7393a0e04.png, lỗi: Illegal char <:> at index 3: /D:\root\uploads/products/6804710579_d40c4231-727c-4b25-bb7a-f0d7393a0e04.png
2026-05-28 17:12:17 [Thread-3] INFO  c.uet.server.network.ClientHandler - Client ngắt kết nối hoặc có lỗi xảy ra: Connection reset
2026-05-28 17:12:17 [Thread-3] INFO  c.uet.server.network.ClientHandler - [SERVER] Đã giải phóng hoàn toàn kết nối Socket vật lý.
2026-05-28 17:12:17 [Thread-3] INFO  c.uet.server.network.ClientHandler - [SERVER] Đã Xóa Client khỏi ClientManager thành công.
2026-05-28 17:18:37 [main] INFO  c.u.server.service.AuctionScheduler - [Scheduler] Bộ quét thời gian đấu giá tự động đã được kích hoạt!
2026-05-28 17:18:37 [main] INFO  com.uet.server.network.ServerMain - --- SERVER ĐANG CHỜ Ở CỔNG 27915 ---
2026-05-28 17:18:37 [pool-2-thread-1] INFO  c.uet.server.database.DBConnection - DB URL = jdbc:mysql://localhost:3306/auction_system?useSSL=false&allowPublicKeyRetrieval=true&serverTimezone=Asia/Ho_Chi_Minh
2026-05-28 17:18:37 [pool-2-thread-1] INFO  c.uet.server.database.DBConnection - Connected to database successfully!
2026-05-28 17:18:57 [main] INFO  com.uet.server.network.ServerMain - --- CÓ 1 CLIENT VỪA KẾT NỐI! ---
2026-05-28 17:18:57 [Thread-0] INFO  c.u.s.s.ClientRequestDispatcher - Đang đăng nhập: nam
2026-05-28 17:18:57 [Thread-0] WARN  com.uet.server.database.dao.UserDAO - UserDAO: file not found: \root\uploads\avatars\3846757029_9e151168-33b1-4fad-97b4-c71411b402f2.png
2026-05-28 17:18:57 [Thread-0] INFO  com.uet.server.database.dao.UserDAO - [UserDAO] ⏰ Đã cập nhật mốc đăng nhập mới cho user ID: 3846757029
2026-05-28 17:18:57 [Thread-0] WARN  c.uet.server.database.dao.AuctionDAO - Không thể đọc file ảnh sản phẩm từ path: file://D:\root\uploads/products/6804710579_d40c4231-727c-4b25-bb7a-f0d7393a0e04.png, lỗi: Illegal char <:> at index 3: /D:\root\uploads/products/6804710579_d40c4231-727c-4b25-bb7a-f0d7393a0e04.png
2026-05-28 17:18:59 [Thread-0] INFO  c.u.s.s.ClientRequestDispatcher - [Server] Đang xử lý lấy thông báo cho User ID: 3846757029
2026-05-28 17:18:59 [Thread-0] INFO  c.u.s.s.ClientRequestDispatcher - [Server] Đã tìm thấy 4 thông báo trong DB của User: 3846757029
2026-05-28 17:18:59 [Thread-0] INFO  c.u.s.s.ClientRequestDispatcher - [Server] Đã bắn gói tin phản hồi thành công về Client.
2026-05-28 17:20:06 [Thread-0] INFO  c.uet.server.network.ClientHandler - Client ngắt kết nối hoặc có lỗi xảy ra: Connection reset
2026-05-28 17:20:06 [Thread-0] INFO  c.uet.server.network.ClientHandler - [SERVER] Đã giải phóng hoàn toàn kết nối Socket vật lý.
2026-05-28 17:20:06 [Thread-0] INFO  c.uet.server.network.ClientHandler - [SERVER] Đã Xóa Client khỏi ClientManager thành công.
2026-05-28 17:20:33 [main] INFO  com.uet.server.network.ServerMain - --- CÓ 1 CLIENT VỪA KẾT NỐI! ---
2026-05-28 17:20:33 [Thread-1] INFO  c.u.s.s.ClientRequestDispatcher - Đang đăng nhập: nam
2026-05-28 17:20:33 [Thread-1] WARN  com.uet.server.database.dao.UserDAO - UserDAO: file not found: \root\uploads\avatars\3846757029_9e151168-33b1-4fad-97b4-c71411b402f2.png
2026-05-28 17:20:33 [Thread-1] INFO  com.uet.server.database.dao.UserDAO - [UserDAO] ⏰ Đã cập nhật mốc đăng nhập mới cho user ID: 3846757029
2026-05-28 17:20:33 [Thread-1] WARN  c.uet.server.database.dao.AuctionDAO - Không thể đọc file ảnh sản phẩm từ path: file://D:\root\uploads/products/6804710579_d40c4231-727c-4b25-bb7a-f0d7393a0e04.png, lỗi: Illegal char <:> at index 3: /D:\root\uploads/products/6804710579_d40c4231-727c-4b25-bb7a-f0d7393a0e04.png
2026-05-28 17:20:37 [Thread-1] INFO  c.u.s.s.ClientRequestDispatcher - [Server] Đang xử lý lấy thông báo cho User ID: 3846757029
2026-05-28 17:20:37 [Thread-1] INFO  c.u.s.s.ClientRequestDispatcher - [Server] Đã tìm thấy 4 thông báo trong DB của User: 3846757029
2026-05-28 17:20:37 [Thread-1] INFO  c.u.s.s.ClientRequestDispatcher - [Server] Đã bắn gói tin phản hồi thành công về Client.
2026-05-28 17:20:40 [Thread-1] INFO  c.uet.server.network.ClientHandler - Client ngắt kết nối hoặc có lỗi xảy ra: Connection reset
2026-05-28 17:20:40 [Thread-1] INFO  c.uet.server.network.ClientHandler - [SERVER] Đã giải phóng hoàn toàn kết nối Socket vật lý.
2026-05-28 17:20:40 [Thread-1] INFO  c.uet.server.network.ClientHandler - [SERVER] Đã Xóa Client khỏi ClientManager thành công.
2026-05-28 17:21:27 [main] INFO  com.uet.server.network.ServerMain - --- CÓ 1 CLIENT VỪA KẾT NỐI! ---
2026-05-28 17:21:27 [Thread-2] INFO  c.u.s.s.ClientRequestDispatcher - Đang đăng nhập: nam
2026-05-28 17:21:27 [Thread-2] WARN  com.uet.server.database.dao.UserDAO - UserDAO: file not found: \root\uploads\avatars\3846757029_9e151168-33b1-4fad-97b4-c71411b402f2.png
2026-05-28 17:21:27 [Thread-2] INFO  com.uet.server.database.dao.UserDAO - [UserDAO] ⏰ Đã cập nhật mốc đăng nhập mới cho user ID: 3846757029
2026-05-28 17:21:27 [Thread-2] WARN  c.uet.server.database.dao.AuctionDAO - Không thể đọc file ảnh sản phẩm từ path: file://D:\root\uploads/products/6804710579_d40c4231-727c-4b25-bb7a-f0d7393a0e04.png, lỗi: Illegal char <:> at index 3: /D:\root\uploads/products/6804710579_d40c4231-727c-4b25-bb7a-f0d7393a0e04.png
2026-05-28 17:21:29 [Thread-2] INFO  c.u.s.s.ClientRequestDispatcher - [Server] Đang xử lý lấy thông báo cho User ID: 3846757029
2026-05-28 17:21:29 [Thread-2] INFO  c.u.s.s.ClientRequestDispatcher - [Server] Đã tìm thấy 4 thông báo trong DB của User: 3846757029
2026-05-28 17:21:29 [Thread-2] INFO  c.u.s.s.ClientRequestDispatcher - [Server] Đã bắn gói tin phản hồi thành công về Client.
2026-05-28 17:22:53 [Thread-2] INFO  c.uet.server.network.ClientHandler - [SERVER] Đã giải phóng hoàn toàn kết nối Socket vật lý.
2026-05-28 17:22:53 [Thread-2] INFO  c.uet.server.network.ClientHandler - [SERVER] Đã Xóa Client khỏi ClientManager thành công.
2026-05-28 17:22:58 [main] INFO  com.uet.server.network.ServerMain - --- CÓ 1 CLIENT VỪA KẾT NỐI! ---
2026-05-28 17:22:58 [Thread-3] INFO  c.u.s.s.ClientRequestDispatcher - Đang đăng nhập: nam
2026-05-28 17:22:58 [Thread-3] WARN  com.uet.server.database.dao.UserDAO - UserDAO: file not found: \root\uploads\avatars\3846757029_9e151168-33b1-4fad-97b4-c71411b402f2.png
2026-05-28 17:22:58 [Thread-3] INFO  com.uet.server.database.dao.UserDAO - [UserDAO] ⏰ Đã cập nhật mốc đăng nhập mới cho user ID: 3846757029
2026-05-28 17:22:58 [Thread-3] WARN  c.uet.server.database.dao.AuctionDAO - Không thể đọc file ảnh sản phẩm từ path: file://D:\root\uploads/products/6804710579_d40c4231-727c-4b25-bb7a-f0d7393a0e04.png, lỗi: Illegal char <:> at index 3: /D:\root\uploads/products/6804710579_d40c4231-727c-4b25-bb7a-f0d7393a0e04.png
2026-05-28 17:23:02 [Thread-3] INFO  c.u.s.s.ClientRequestDispatcher - [Server] Đang xử lý lấy thông báo cho User ID: 3846757029
2026-05-28 17:23:02 [Thread-3] INFO  c.u.s.s.ClientRequestDispatcher - [Server] Đã tìm thấy 2 thông báo trong DB của User: 3846757029
2026-05-28 17:23:02 [Thread-3] INFO  c.u.s.s.ClientRequestDispatcher - [Server] Đã bắn gói tin phản hồi thành công về Client.
2026-05-28 17:23:05 [Thread-3] INFO  c.uet.server.network.ClientHandler - Client ngắt kết nối hoặc có lỗi xảy ra: Connection reset
2026-05-28 17:23:05 [Thread-3] INFO  c.uet.server.network.ClientHandler - [SERVER] Đã giải phóng hoàn toàn kết nối Socket vật lý.
2026-05-28 17:23:05 [Thread-3] INFO  c.uet.server.network.ClientHandler - [SERVER] Đã Xóa Client khỏi ClientManager thành công.
2026-05-28 17:33:46 [main] INFO  c.u.server.service.AuctionScheduler - [Scheduler] Bộ quét thời gian đấu giá tự động đã được kích hoạt!
2026-05-28 17:33:46 [main] INFO  com.uet.server.network.ServerMain - --- SERVER ĐANG CHỜ Ở CỔNG 27915 ---
2026-05-28 17:33:46 [pool-2-thread-1] INFO  c.uet.server.database.DBConnection - DB URL = jdbc:mysql://localhost:3306/auction_system?useSSL=false&allowPublicKeyRetrieval=true&serverTimezone=Asia/Ho_Chi_Minh
2026-05-28 17:33:46 [pool-2-thread-1] INFO  c.uet.server.database.DBConnection - Connected to database successfully!
2026-05-28 17:35:34 [main] INFO  com.uet.server.network.ServerMain - --- CÓ 1 CLIENT VỪA KẾT NỐI! ---
2026-05-28 17:35:34 [Thread-0] INFO  c.u.s.s.ClientRequestDispatcher - Đang đăng nhập: 1
2026-05-28 17:35:49 [Thread-0] INFO  c.u.s.s.ClientRequestDispatcher - Đang đăng nhập: minh
2026-05-28 17:35:49 [Thread-0] INFO  com.uet.server.database.dao.UserDAO - [UserDAO] ⏰ Đã cập nhật mốc đăng nhập mới cho user ID: 6804710579
2026-05-28 17:35:50 [Thread-0] WARN  c.uet.server.database.dao.AuctionDAO - Không thể đọc file ảnh sản phẩm từ path: file://D:\root\uploads/products/6804710579_d40c4231-727c-4b25-bb7a-f0d7393a0e04.png, lỗi: Illegal char <:> at index 3: /D:\root\uploads/products/6804710579_d40c4231-727c-4b25-bb7a-f0d7393a0e04.png
2026-05-28 17:35:58 [Thread-0] INFO  c.u.s.s.ClientRequestDispatcher - [Server] Đang xử lý lấy thông báo cho User ID: 6804710579
2026-05-28 17:35:58 [Thread-0] INFO  c.u.s.s.ClientRequestDispatcher - [Server] Đã tìm thấy 0 thông báo trong DB của User: 6804710579
2026-05-28 17:35:58 [Thread-0] INFO  c.u.s.s.ClientRequestDispatcher - [Server] Đã bắn gói tin phản hồi thành công về Client.
2026-05-28 17:36:07 [Thread-0] WARN  c.uet.server.database.dao.AuctionDAO - Không thể đọc file ảnh sản phẩm từ path: file://D:\root\uploads/products/6804710579_d40c4231-727c-4b25-bb7a-f0d7393a0e04.png, lỗi: Illegal char <:> at index 3: /D:\root\uploads/products/6804710579_d40c4231-727c-4b25-bb7a-f0d7393a0e04.png
2026-05-28 17:36:09 [Thread-0] INFO  c.u.s.s.ClientRequestDispatcher - [Server] Đang xử lý lấy thông báo cho User ID: 6804710579
2026-05-28 17:36:09 [Thread-0] INFO  c.u.s.s.ClientRequestDispatcher - [Server] Đã tìm thấy 0 thông báo trong DB của User: 6804710579
2026-05-28 17:36:09 [Thread-0] INFO  c.u.s.s.ClientRequestDispatcher - [Server] Đã bắn gói tin phản hồi thành công về Client.
2026-05-28 17:37:54 [Thread-0] INFO  c.uet.server.network.ClientHandler - Client ngắt kết nối hoặc có lỗi xảy ra: Connection reset
2026-05-28 17:37:54 [Thread-0] INFO  c.uet.server.network.ClientHandler - [SERVER] Đã giải phóng hoàn toàn kết nối Socket vật lý.
2026-05-28 17:37:54 [Thread-0] INFO  c.uet.server.network.ClientHandler - [SERVER] Đã Xóa Client khỏi ClientManager thành công.
2026-05-28 17:37:59 [main] INFO  com.uet.server.network.ServerMain - --- CÓ 1 CLIENT VỪA KẾT NỐI! ---
2026-05-28 17:37:59 [Thread-1] INFO  c.u.s.s.ClientRequestDispatcher - Đang đăng nhập: nam
2026-05-28 17:37:59 [Thread-1] WARN  com.uet.server.database.dao.UserDAO - UserDAO: file not found: \root\uploads\avatars\3846757029_9e151168-33b1-4fad-97b4-c71411b402f2.png
2026-05-28 17:37:59 [Thread-1] INFO  com.uet.server.database.dao.UserDAO - [UserDAO] ⏰ Đã cập nhật mốc đăng nhập mới cho user ID: 3846757029
2026-05-28 17:37:59 [Thread-1] WARN  c.uet.server.database.dao.AuctionDAO - Không thể đọc file ảnh sản phẩm từ path: file://D:\root\uploads/products/6804710579_d40c4231-727c-4b25-bb7a-f0d7393a0e04.png, lỗi: Illegal char <:> at index 3: /D:\root\uploads/products/6804710579_d40c4231-727c-4b25-bb7a-f0d7393a0e04.png
2026-05-28 17:38:03 [Thread-1] INFO  c.u.s.s.ClientRequestDispatcher - [Server] Đang xử lý lấy thông báo cho User ID: 3846757029
2026-05-28 17:38:03 [Thread-1] INFO  c.u.s.s.ClientRequestDispatcher - [Server] Đã tìm thấy 2 thông báo trong DB của User: 3846757029
2026-05-28 17:38:03 [Thread-1] INFO  c.u.s.s.ClientRequestDispatcher - [Server] Đã bắn gói tin phản hồi thành công về Client.
2026-05-28 17:38:38 [Thread-1] INFO  c.uet.server.network.ClientHandler - Client ngắt kết nối hoặc có lỗi xảy ra: Connection reset
2026-05-28 17:38:38 [Thread-1] INFO  c.uet.server.network.ClientHandler - [SERVER] Đã giải phóng hoàn toàn kết nối Socket vật lý.
2026-05-28 17:38:38 [Thread-1] INFO  c.uet.server.network.ClientHandler - [SERVER] Đã Xóa Client khỏi ClientManager thành công.
2026-05-28 17:38:48 [main] INFO  com.uet.server.network.ServerMain - --- CÓ 1 CLIENT VỪA KẾT NỐI! ---
2026-05-28 17:38:48 [Thread-2] INFO  c.u.s.s.ClientRequestDispatcher - Đang đăng nhập: nam
2026-05-28 17:38:48 [Thread-2] WARN  com.uet.server.database.dao.UserDAO - UserDAO: file not found: \root\uploads\avatars\3846757029_9e151168-33b1-4fad-97b4-c71411b402f2.png
2026-05-28 17:38:48 [Thread-2] INFO  com.uet.server.database.dao.UserDAO - [UserDAO] ⏰ Đã cập nhật mốc đăng nhập mới cho user ID: 3846757029
2026-05-28 17:38:48 [Thread-2] WARN  c.uet.server.database.dao.AuctionDAO - Không thể đọc file ảnh sản phẩm từ path: file://D:\root\uploads/products/6804710579_d40c4231-727c-4b25-bb7a-f0d7393a0e04.png, lỗi: Illegal char <:> at index 3: /D:\root\uploads/products/6804710579_d40c4231-727c-4b25-bb7a-f0d7393a0e04.png
2026-05-28 17:38:51 [Thread-2] INFO  c.u.s.s.ClientRequestDispatcher - [Server] Đang xử lý lấy thông báo cho User ID: 3846757029
2026-05-28 17:38:51 [Thread-2] INFO  c.u.s.s.ClientRequestDispatcher - [Server] Đã tìm thấy 2 thông báo trong DB của User: 3846757029
2026-05-28 17:38:51 [Thread-2] INFO  c.u.s.s.ClientRequestDispatcher - [Server] Đã bắn gói tin phản hồi thành công về Client.
2026-05-28 17:39:51 [Thread-2] INFO  c.uet.server.network.ClientHandler - Client ngắt kết nối hoặc có lỗi xảy ra: Connection reset
2026-05-28 17:39:51 [Thread-2] INFO  c.uet.server.network.ClientHandler - [SERVER] Đã giải phóng hoàn toàn kết nối Socket vật lý.
2026-05-28 17:39:51 [Thread-2] INFO  c.uet.server.network.ClientHandler - [SERVER] Đã Xóa Client khỏi ClientManager thành công.
2026-05-28 17:39:57 [main] INFO  com.uet.server.network.ServerMain - --- CÓ 1 CLIENT VỪA KẾT NỐI! ---
2026-05-28 17:39:57 [Thread-3] INFO  c.u.s.s.ClientRequestDispatcher - Đang đăng nhập: nam\
2026-05-28 17:40:01 [Thread-3] INFO  c.u.s.s.ClientRequestDispatcher - Đang đăng nhập: nam
2026-05-28 17:40:01 [Thread-3] WARN  com.uet.server.database.dao.UserDAO - UserDAO: file not found: \root\uploads\avatars\3846757029_9e151168-33b1-4fad-97b4-c71411b402f2.png
2026-05-28 17:40:01 [Thread-3] INFO  com.uet.server.database.dao.UserDAO - [UserDAO] ⏰ Đã cập nhật mốc đăng nhập mới cho user ID: 3846757029
2026-05-28 17:40:01 [Thread-3] WARN  c.uet.server.database.dao.AuctionDAO - Không thể đọc file ảnh sản phẩm từ path: file://D:\root\uploads/products/6804710579_d40c4231-727c-4b25-bb7a-f0d7393a0e04.png, lỗi: Illegal char <:> at index 3: /D:\root\uploads/products/6804710579_d40c4231-727c-4b25-bb7a-f0d7393a0e04.png
2026-05-28 17:40:04 [Thread-3] INFO  c.u.s.s.ClientRequestDispatcher - [Server] Đang xử lý lấy thông báo cho User ID: 3846757029
2026-05-28 17:40:04 [Thread-3] INFO  c.u.s.s.ClientRequestDispatcher - [Server] Đã tìm thấy 2 thông báo trong DB của User: 3846757029
2026-05-28 17:40:04 [Thread-3] INFO  c.u.s.s.ClientRequestDispatcher - [Server] Đã bắn gói tin phản hồi thành công về Client.
2026-05-28 17:40:10 [Thread-3] WARN  c.uet.server.database.dao.AuctionDAO - Không thể đọc file ảnh sản phẩm từ path: file://D:\root\uploads/products/6804710579_d40c4231-727c-4b25-bb7a-f0d7393a0e04.png, lỗi: Illegal char <:> at index 3: /D:\root\uploads/products/6804710579_d40c4231-727c-4b25-bb7a-f0d7393a0e04.png
2026-05-28 17:42:40 [Thread-3] INFO  c.uet.server.network.ClientHandler - Client ngắt kết nối hoặc có lỗi xảy ra: Connection reset
2026-05-28 17:42:40 [Thread-3] INFO  c.uet.server.network.ClientHandler - [SERVER] Đã giải phóng hoàn toàn kết nối Socket vật lý.
2026-05-28 17:42:40 [Thread-3] INFO  c.uet.server.network.ClientHandler - [SERVER] Đã Xóa Client khỏi ClientManager thành công.
2026-05-28 17:42:45 [main] INFO  com.uet.server.network.ServerMain - --- CÓ 1 CLIENT VỪA KẾT NỐI! ---
2026-05-28 17:42:45 [Thread-4] INFO  c.u.s.s.ClientRequestDispatcher - Đang đăng nhập: nam
2026-05-28 17:42:45 [Thread-4] WARN  com.uet.server.database.dao.UserDAO - UserDAO: file not found: \root\uploads\avatars\3846757029_9e151168-33b1-4fad-97b4-c71411b402f2.png
2026-05-28 17:42:45 [Thread-4] INFO  com.uet.server.database.dao.UserDAO - [UserDAO] ⏰ Đã cập nhật mốc đăng nhập mới cho user ID: 3846757029
2026-05-28 17:42:45 [Thread-4] WARN  c.uet.server.database.dao.AuctionDAO - Không thể đọc file ảnh sản phẩm từ path: file://D:\root\uploads/products/6804710579_d40c4231-727c-4b25-bb7a-f0d7393a0e04.png, lỗi: Illegal char <:> at index 3: /D:\root\uploads/products/6804710579_d40c4231-727c-4b25-bb7a-f0d7393a0e04.png
2026-05-28 17:42:47 [Thread-4] INFO  c.u.s.s.ClientRequestDispatcher - [Server] Đang xử lý lấy thông báo cho User ID: 3846757029
2026-05-28 17:42:47 [Thread-4] INFO  c.u.s.s.ClientRequestDispatcher - [Server] Đã tìm thấy 2 thông báo trong DB của User: 3846757029
2026-05-28 17:42:47 [Thread-4] INFO  c.u.s.s.ClientRequestDispatcher - [Server] Đã bắn gói tin phản hồi thành công về Client.
2026-05-28 17:43:42 [Thread-4] INFO  c.uet.server.network.ClientHandler - Client ngắt kết nối hoặc có lỗi xảy ra: Connection reset
2026-05-28 17:43:42 [Thread-4] INFO  c.uet.server.network.ClientHandler - [SERVER] Đã giải phóng hoàn toàn kết nối Socket vật lý.
2026-05-28 17:43:42 [Thread-4] INFO  c.uet.server.network.ClientHandler - [SERVER] Đã Xóa Client khỏi ClientManager thành công.
2026-05-28 17:43:48 [main] INFO  com.uet.server.network.ServerMain - --- CÓ 1 CLIENT VỪA KẾT NỐI! ---
2026-05-28 17:43:48 [Thread-5] INFO  c.u.s.s.ClientRequestDispatcher - Đang đăng nhập: nam
2026-05-28 17:43:48 [Thread-5] WARN  com.uet.server.database.dao.UserDAO - UserDAO: file not found: \root\uploads\avatars\3846757029_9e151168-33b1-4fad-97b4-c71411b402f2.png
2026-05-28 17:43:48 [Thread-5] INFO  com.uet.server.database.dao.UserDAO - [UserDAO] ⏰ Đã cập nhật mốc đăng nhập mới cho user ID: 3846757029
2026-05-28 17:43:48 [Thread-5] WARN  c.uet.server.database.dao.AuctionDAO - Không thể đọc file ảnh sản phẩm từ path: file://D:\root\uploads/products/6804710579_d40c4231-727c-4b25-bb7a-f0d7393a0e04.png, lỗi: Illegal char <:> at index 3: /D:\root\uploads/products/6804710579_d40c4231-727c-4b25-bb7a-f0d7393a0e04.png
2026-05-28 17:43:52 [Thread-5] INFO  c.u.s.s.ClientRequestDispatcher - [Server] Đang xử lý lấy thông báo cho User ID: 3846757029
2026-05-28 17:43:52 [Thread-5] INFO  c.u.s.s.ClientRequestDispatcher - [Server] Đã tìm thấy 2 thông báo trong DB của User: 3846757029
2026-05-28 17:43:52 [Thread-5] INFO  c.u.s.s.ClientRequestDispatcher - [Server] Đã bắn gói tin phản hồi thành công về Client.
2026-05-28 17:44:34 [Thread-5] INFO  c.uet.server.network.ClientHandler - Client ngắt kết nối hoặc có lỗi xảy ra: Connection reset
2026-05-28 17:44:34 [Thread-5] INFO  c.uet.server.network.ClientHandler - [SERVER] Đã giải phóng hoàn toàn kết nối Socket vật lý.
2026-05-28 17:44:34 [Thread-5] INFO  c.uet.server.network.ClientHandler - [SERVER] Đã Xóa Client khỏi ClientManager thành công.
2026-05-28 17:44:50 [main] INFO  com.uet.server.network.ServerMain - --- CÓ 1 CLIENT VỪA KẾT NỐI! ---
2026-05-28 17:44:50 [Thread-6] INFO  c.u.s.s.ClientRequestDispatcher - Đang đăng nhập: nam
2026-05-28 17:44:50 [Thread-6] WARN  com.uet.server.database.dao.UserDAO - UserDAO: file not found: \root\uploads\avatars\3846757029_9e151168-33b1-4fad-97b4-c71411b402f2.png
2026-05-28 17:44:50 [Thread-6] INFO  com.uet.server.database.dao.UserDAO - [UserDAO] ⏰ Đã cập nhật mốc đăng nhập mới cho user ID: 3846757029
2026-05-28 17:44:50 [Thread-6] WARN  c.uet.server.database.dao.AuctionDAO - Không thể đọc file ảnh sản phẩm từ path: file://D:\root\uploads/products/6804710579_d40c4231-727c-4b25-bb7a-f0d7393a0e04.png, lỗi: Illegal char <:> at index 3: /D:\root\uploads/products/6804710579_d40c4231-727c-4b25-bb7a-f0d7393a0e04.png
2026-05-28 17:44:55 [Thread-6] WARN  c.uet.server.database.dao.AuctionDAO - Không thể đọc file ảnh sản phẩm từ path: file://D:\root\uploads/products/6804710579_d40c4231-727c-4b25-bb7a-f0d7393a0e04.png, lỗi: Illegal char <:> at index 3: /D:\root\uploads/products/6804710579_d40c4231-727c-4b25-bb7a-f0d7393a0e04.png
2026-05-28 17:44:59 [Thread-6] WARN  c.uet.server.database.dao.AuctionDAO - Không thể đọc file ảnh sản phẩm từ path: file://D:\root\uploads/products/U004_94883993-ff92-4d1b-9052-4bebea1eb69e.png, lỗi: Illegal char <:> at index 3: /D:\root\uploads/products/U004_94883993-ff92-4d1b-9052-4bebea1eb69e.png
2026-05-28 17:44:59 [Thread-6] WARN  c.uet.server.database.dao.AuctionDAO - Không thể đọc file ảnh sản phẩm từ path: file://D:\root\uploads/products/U004_6020268a-792a-4fc2-bb22-b8ea3f40272b.png, lỗi: Illegal char <:> at index 3: /D:\root\uploads/products/U004_6020268a-792a-4fc2-bb22-b8ea3f40272b.png
2026-05-28 17:44:59 [Thread-6] WARN  c.uet.server.database.dao.AuctionDAO - Không thể đọc file ảnh sản phẩm từ path: file://D:\root\uploads/products/U004_37539db0-ff21-4960-b0b6-b7155dc45046.png, lỗi: Illegal char <:> at index 3: /D:\root\uploads/products/U004_37539db0-ff21-4960-b0b6-b7155dc45046.png
2026-05-28 17:44:59 [Thread-6] WARN  c.uet.server.database.dao.AuctionDAO - Không thể đọc file ảnh sản phẩm từ path: file://D:\root\uploads/products/U004_13fbebc8-3ff3-4177-950d-58131da1231a.png, lỗi: Illegal char <:> at index 3: /D:\root\uploads/products/U004_13fbebc8-3ff3-4177-950d-58131da1231a.png
2026-05-28 17:45:01 [Thread-6] INFO  c.u.s.s.ClientRequestDispatcher - [Server] Đang xử lý lấy thông báo cho User ID: 3846757029
2026-05-28 17:45:01 [Thread-6] INFO  c.u.s.s.ClientRequestDispatcher - [Server] Đã tìm thấy 2 thông báo trong DB của User: 3846757029
2026-05-28 17:45:01 [Thread-6] INFO  c.u.s.s.ClientRequestDispatcher - [Server] Đã bắn gói tin phản hồi thành công về Client.
2026-05-28 17:47:24 [Thread-6] INFO  c.uet.server.network.ClientHandler - Client ngắt kết nối hoặc có lỗi xảy ra: Connection reset
2026-05-28 17:47:24 [Thread-6] INFO  c.uet.server.network.ClientHandler - [SERVER] Đã giải phóng hoàn toàn kết nối Socket vật lý.
2026-05-28 17:47:24 [Thread-6] INFO  c.uet.server.network.ClientHandler - [SERVER] Đã Xóa Client khỏi ClientManager thành công.
2026-05-28 17:47:31 [main] INFO  com.uet.server.network.ServerMain - --- CÓ 1 CLIENT VỪA KẾT NỐI! ---
2026-05-28 17:47:31 [Thread-7] INFO  c.u.s.s.ClientRequestDispatcher - Đang đăng nhập: nam
2026-05-28 17:47:31 [Thread-7] WARN  com.uet.server.database.dao.UserDAO - UserDAO: file not found: \root\uploads\avatars\3846757029_9e151168-33b1-4fad-97b4-c71411b402f2.png
2026-05-28 17:47:31 [Thread-7] INFO  com.uet.server.database.dao.UserDAO - [UserDAO] ⏰ Đã cập nhật mốc đăng nhập mới cho user ID: 3846757029
2026-05-28 17:47:31 [Thread-7] WARN  c.uet.server.database.dao.AuctionDAO - Không thể đọc file ảnh sản phẩm từ path: file://D:\root\uploads/products/6804710579_d40c4231-727c-4b25-bb7a-f0d7393a0e04.png, lỗi: Illegal char <:> at index 3: /D:\root\uploads/products/6804710579_d40c4231-727c-4b25-bb7a-f0d7393a0e04.png
2026-05-28 17:47:34 [Thread-7] WARN  c.uet.server.database.dao.AuctionDAO - Không thể đọc file ảnh sản phẩm từ path: file://D:\root\uploads/products/U004_94883993-ff92-4d1b-9052-4bebea1eb69e.png, lỗi: Illegal char <:> at index 3: /D:\root\uploads/products/U004_94883993-ff92-4d1b-9052-4bebea1eb69e.png
2026-05-28 17:47:34 [Thread-7] WARN  c.uet.server.database.dao.AuctionDAO - Không thể đọc file ảnh sản phẩm từ path: file://D:\root\uploads/products/U004_6020268a-792a-4fc2-bb22-b8ea3f40272b.png, lỗi: Illegal char <:> at index 3: /D:\root\uploads/products/U004_6020268a-792a-4fc2-bb22-b8ea3f40272b.png
2026-05-28 17:47:34 [Thread-7] WARN  c.uet.server.database.dao.AuctionDAO - Không thể đọc file ảnh sản phẩm từ path: file://D:\root\uploads/products/U004_37539db0-ff21-4960-b0b6-b7155dc45046.png, lỗi: Illegal char <:> at index 3: /D:\root\uploads/products/U004_37539db0-ff21-4960-b0b6-b7155dc45046.png
2026-05-28 17:47:34 [Thread-7] WARN  c.uet.server.database.dao.AuctionDAO - Không thể đọc file ảnh sản phẩm từ path: file://D:\root\uploads/products/U004_13fbebc8-3ff3-4177-950d-58131da1231a.png, lỗi: Illegal char <:> at index 3: /D:\root\uploads/products/U004_13fbebc8-3ff3-4177-950d-58131da1231a.png
2026-05-28 17:47:36 [Thread-7] INFO  c.u.s.s.ClientRequestDispatcher - [Server] Đang xử lý lấy thông báo cho User ID: 3846757029
2026-05-28 17:47:36 [Thread-7] INFO  c.u.s.s.ClientRequestDispatcher - [Server] Đã tìm thấy 2 thông báo trong DB của User: 3846757029
2026-05-28 17:47:36 [Thread-7] INFO  c.u.s.s.ClientRequestDispatcher - [Server] Đã bắn gói tin phản hồi thành công về Client.
2026-05-28 17:47:48 [Thread-7] WARN  c.uet.server.database.dao.AuctionDAO - Không thể đọc file ảnh sản phẩm từ path: file://D:\root\uploads/products/6804710579_d40c4231-727c-4b25-bb7a-f0d7393a0e04.png, lỗi: Illegal char <:> at index 3: /D:\root\uploads/products/6804710579_d40c4231-727c-4b25-bb7a-f0d7393a0e04.png
2026-05-28 17:48:06 [Thread-7] WARN  c.uet.server.database.dao.AuctionDAO - Không thể đọc file ảnh sản phẩm từ path: file://D:\root\uploads/products/6804710579_d40c4231-727c-4b25-bb7a-f0d7393a0e04.png, lỗi: Illegal char <:> at index 3: /D:\root\uploads/products/6804710579_d40c4231-727c-4b25-bb7a-f0d7393a0e04.png
2026-05-28 17:48:09 [Thread-7] INFO  c.u.s.s.ClientRequestDispatcher - [Server] Đang xử lý lấy thông báo cho User ID: 3846757029
2026-05-28 17:48:09 [Thread-7] INFO  c.u.s.s.ClientRequestDispatcher - [Server] Đã tìm thấy 2 thông báo trong DB của User: 3846757029
2026-05-28 17:48:09 [Thread-7] INFO  c.u.s.s.ClientRequestDispatcher - [Server] Đã bắn gói tin phản hồi thành công về Client.
2026-05-28 17:48:14 [Thread-7] INFO  c.uet.server.network.ClientHandler - [SERVER] Đã giải phóng hoàn toàn kết nối Socket vật lý.
2026-05-28 17:48:14 [Thread-7] INFO  c.uet.server.network.ClientHandler - [SERVER] Đã Xóa Client khỏi ClientManager thành công.
2026-05-28 17:48:18 [main] INFO  com.uet.server.network.ServerMain - --- CÓ 1 CLIENT VỪA KẾT NỐI! ---
2026-05-28 17:48:18 [Thread-8] INFO  c.u.s.s.ClientRequestDispatcher - Đang đăng nhập: nam
2026-05-28 17:48:18 [Thread-8] WARN  com.uet.server.database.dao.UserDAO - UserDAO: file not found: \root\uploads\avatars\3846757029_9e151168-33b1-4fad-97b4-c71411b402f2.png
2026-05-28 17:48:18 [Thread-8] INFO  com.uet.server.database.dao.UserDAO - [UserDAO] ⏰ Đã cập nhật mốc đăng nhập mới cho user ID: 3846757029
2026-05-28 17:48:18 [Thread-8] WARN  c.uet.server.database.dao.AuctionDAO - Không thể đọc file ảnh sản phẩm từ path: file://D:\root\uploads/products/6804710579_d40c4231-727c-4b25-bb7a-f0d7393a0e04.png, lỗi: Illegal char <:> at index 3: /D:\root\uploads/products/6804710579_d40c4231-727c-4b25-bb7a-f0d7393a0e04.png
2026-05-28 17:48:22 [Thread-8] INFO  c.u.s.s.ClientRequestDispatcher - [Server] Đang xử lý lấy thông báo cho User ID: 3846757029
2026-05-28 17:48:22 [Thread-8] INFO  c.u.s.s.ClientRequestDispatcher - [Server] Đã tìm thấy 2 thông báo trong DB của User: 3846757029
2026-05-28 17:48:22 [Thread-8] INFO  c.u.s.s.ClientRequestDispatcher - [Server] Đã bắn gói tin phản hồi thành công về Client.
2026-05-28 17:48:25 [Thread-8] INFO  c.uet.server.network.ClientHandler - Client ngắt kết nối hoặc có lỗi xảy ra: Connection reset
2026-05-28 17:48:25 [Thread-8] INFO  c.uet.server.network.ClientHandler - [SERVER] Đã giải phóng hoàn toàn kết nối Socket vật lý.
2026-05-28 17:48:25 [Thread-8] INFO  c.uet.server.network.ClientHandler - [SERVER] Đã Xóa Client khỏi ClientManager thành công.
2026-05-28 17:53:51 [main] INFO  c.u.server.service.AuctionScheduler - [Scheduler] Bộ quét thời gian đấu giá tự động đã được kích hoạt!
2026-05-28 17:53:51 [main] INFO  com.uet.server.network.ServerMain - --- SERVER ĐANG CHỜ Ở CỔNG 27915 ---
2026-05-28 17:53:52 [pool-2-thread-1] INFO  c.uet.server.database.DBConnection - DB URL = jdbc:mysql://localhost:3306/auction_system?useSSL=false&allowPublicKeyRetrieval=true&serverTimezone=Asia/Ho_Chi_Minh
2026-05-28 17:53:52 [pool-2-thread-1] INFO  c.uet.server.database.DBConnection - Connected to database successfully!
2026-05-28 17:53:56 [main] INFO  com.uet.server.network.ServerMain - --- CÓ 1 CLIENT VỪA KẾT NỐI! ---
2026-05-28 17:53:56 [Thread-0] INFO  c.u.s.s.ClientRequestDispatcher - Đang đăng nhập: admin1
2026-05-28 17:53:56 [Thread-0] INFO  com.uet.server.database.dao.UserDAO - [UserDAO] ⏰ Đã cập nhật mốc đăng nhập mới cho user ID: U001
2026-05-28 17:54:10 [Thread-0] INFO  c.uet.server.network.ClientHandler - Client ngắt kết nối hoặc có lỗi xảy ra: Connection reset
2026-05-28 17:54:10 [Thread-0] INFO  c.uet.server.network.ClientHandler - [SERVER] Đã giải phóng hoàn toàn kết nối Socket vật lý.
2026-05-28 17:54:10 [Thread-0] INFO  c.uet.server.network.ClientHandler - [SERVER] Đã Xóa Client khỏi ClientManager thành công.
2026-05-28 17:54:48 [main] INFO  c.u.server.service.AuctionScheduler - [Scheduler] Bộ quét thời gian đấu giá tự động đã được kích hoạt!
2026-05-28 17:54:48 [main] INFO  com.uet.server.network.ServerMain - --- SERVER ĐANG CHỜ Ở CỔNG 27915 ---
2026-05-28 17:54:48 [pool-2-thread-1] INFO  c.uet.server.database.DBConnection - DB URL = jdbc:mysql://localhost:3306/auction_system?useSSL=false&allowPublicKeyRetrieval=true&serverTimezone=Asia/Ho_Chi_Minh
2026-05-28 17:54:48 [pool-2-thread-1] INFO  c.uet.server.database.DBConnection - Connected to database successfully!
2026-05-28 17:54:55 [main] INFO  com.uet.server.network.ServerMain - --- CÓ 1 CLIENT VỪA KẾT NỐI! ---
2026-05-28 17:54:55 [Thread-0] INFO  c.u.s.s.ClientRequestDispatcher - Đang đăng nhập: admin1
2026-05-28 17:54:59 [Thread-0] INFO  c.u.s.s.ClientRequestDispatcher - Đang đăng nhập: admin1
2026-05-28 17:55:00 [Thread-0] INFO  com.uet.server.database.dao.UserDAO - [UserDAO] ⏰ Đã cập nhật mốc đăng nhập mới cho user ID: U001
2026-05-28 17:55:36 [Thread-0] INFO  c.uet.server.network.ClientHandler - Client ngắt kết nối hoặc có lỗi xảy ra: Connection reset
2026-05-28 17:55:36 [Thread-0] INFO  c.uet.server.network.ClientHandler - [SERVER] Đã giải phóng hoàn toàn kết nối Socket vật lý.
2026-05-28 17:55:36 [Thread-0] INFO  c.uet.server.network.ClientHandler - [SERVER] Đã Xóa Client khỏi ClientManager thành công.
2026-05-28 17:59:50 [main] INFO  c.u.server.service.AuctionScheduler - [Scheduler] Bộ quét thời gian đấu giá tự động đã được kích hoạt!
2026-05-28 17:59:50 [main] INFO  com.uet.server.network.ServerMain - --- SERVER ĐANG CHỜ Ở CỔNG 27915 ---
2026-05-28 17:59:50 [pool-2-thread-1] INFO  c.uet.server.database.DBConnection - DB URL = jdbc:mysql://localhost:3306/auction_system?useSSL=false&allowPublicKeyRetrieval=true&serverTimezone=Asia/Ho_Chi_Minh
2026-05-28 17:59:50 [pool-2-thread-1] INFO  c.uet.server.database.DBConnection - Connected to database successfully!
2026-05-28 18:00:00 [main] INFO  com.uet.server.network.ServerMain - --- CÓ 1 CLIENT VỪA KẾT NỐI! ---
2026-05-28 18:00:00 [Thread-0] INFO  c.u.s.s.ClientRequestDispatcher - Đang đăng nhập: nam
2026-05-28 18:00:00 [Thread-0] WARN  com.uet.server.database.dao.UserDAO - UserDAO: file not found: \root\uploads\avatars\3846757029_9e151168-33b1-4fad-97b4-c71411b402f2.png
2026-05-28 18:00:00 [Thread-0] INFO  com.uet.server.database.dao.UserDAO - [UserDAO] ⏰ Đã cập nhật mốc đăng nhập mới cho user ID: 3846757029
2026-05-28 18:00:00 [Thread-0] WARN  c.uet.server.database.dao.AuctionDAO - Không thể đọc file ảnh sản phẩm từ path: file://D:\root\uploads/products/6804710579_d40c4231-727c-4b25-bb7a-f0d7393a0e04.png, lỗi: Illegal char <:> at index 3: /D:\root\uploads/products/6804710579_d40c4231-727c-4b25-bb7a-f0d7393a0e04.png
2026-05-28 18:00:07 [Thread-0] INFO  com.uet.server.database.dao.UserDAO - [Notification] Đã tạo thông báo mới cho User 3846757029: Yêu cầu nạp tiền đang chờ duyệt
2026-05-28 18:00:10 [Thread-0] WARN  c.uet.server.database.dao.AuctionDAO - Không thể đọc file ảnh sản phẩm từ path: file://D:\root\uploads/products/6804710579_d40c4231-727c-4b25-bb7a-f0d7393a0e04.png, lỗi: Illegal char <:> at index 3: /D:\root\uploads/products/6804710579_d40c4231-727c-4b25-bb7a-f0d7393a0e04.png
2026-05-28 18:00:12 [Thread-0] INFO  c.u.s.s.ClientRequestDispatcher - [Server] Đang xử lý lấy thông báo cho User ID: 3846757029
2026-05-28 18:00:12 [Thread-0] INFO  c.u.s.s.ClientRequestDispatcher - [Server] Đã tìm thấy 3 thông báo trong DB của User: 3846757029
2026-05-28 18:00:12 [Thread-0] INFO  c.u.s.s.ClientRequestDispatcher - [Server] Đã bắn gói tin phản hồi thành công về Client.
2026-05-28 18:00:21 [Thread-0] INFO  c.uet.server.network.ClientHandler - [SERVER] Đã giải phóng hoàn toàn kết nối Socket vật lý.
2026-05-28 18:00:21 [Thread-0] INFO  c.uet.server.network.ClientHandler - [SERVER] Đã Xóa Client khỏi ClientManager thành công.
2026-05-28 18:00:27 [main] INFO  com.uet.server.network.ServerMain - --- CÓ 1 CLIENT VỪA KẾT NỐI! ---
2026-05-28 18:00:27 [Thread-1] INFO  c.u.s.s.ClientRequestDispatcher - Đang đăng nhập: admin1
2026-05-28 18:00:27 [Thread-1] INFO  com.uet.server.database.dao.UserDAO - [UserDAO] ⏰ Đã cập nhật mốc đăng nhập mới cho user ID: U001
2026-05-28 18:00:36 [Thread-1] INFO  com.uet.server.database.dao.UserDAO - [Notification] Đã xóa 1 thông báo cũ chứa từ khóa 'Yêu cầu nạp tiền số tiền 1,000đ của bạn đã được gửi' của User 3846757029
2026-05-28 18:00:36 [Thread-1] INFO  com.uet.server.database.dao.UserDAO - [Notification] Đã tạo thông báo mới cho User 3846757029: Giao dịch nạp tiền thành công
2026-05-28 18:00:42 [Thread-1] INFO  c.uet.server.network.ClientHandler - Client ngắt kết nối hoặc có lỗi xảy ra: Connection reset
2026-05-28 18:00:42 [Thread-1] INFO  c.uet.server.network.ClientHandler - [SERVER] Đã giải phóng hoàn toàn kết nối Socket vật lý.
2026-05-28 18:00:42 [Thread-1] INFO  c.uet.server.network.ClientHandler - [SERVER] Đã Xóa Client khỏi ClientManager thành công.
2026-05-28 18:00:52 [main] INFO  com.uet.server.network.ServerMain - --- CÓ 1 CLIENT VỪA KẾT NỐI! ---
2026-05-28 18:00:52 [Thread-2] INFO  c.u.s.s.ClientRequestDispatcher - Đang đăng nhập: nam
2026-05-28 18:00:52 [Thread-2] WARN  com.uet.server.database.dao.UserDAO - UserDAO: file not found: \root\uploads\avatars\3846757029_9e151168-33b1-4fad-97b4-c71411b402f2.png
2026-05-28 18:00:52 [Thread-2] INFO  com.uet.server.database.dao.UserDAO - [UserDAO] ⏰ Đã cập nhật mốc đăng nhập mới cho user ID: 3846757029
2026-05-28 18:00:52 [Thread-2] WARN  c.uet.server.database.dao.AuctionDAO - Không thể đọc file ảnh sản phẩm từ path: file://D:\root\uploads/products/6804710579_d40c4231-727c-4b25-bb7a-f0d7393a0e04.png, lỗi: Illegal char <:> at index 3: /D:\root\uploads/products/6804710579_d40c4231-727c-4b25-bb7a-f0d7393a0e04.png
2026-05-28 18:00:57 [Thread-2] WARN  c.uet.server.database.dao.AuctionDAO - Không thể đọc file ảnh sản phẩm từ path: file://D:\root\uploads/products/6804710579_d40c4231-727c-4b25-bb7a-f0d7393a0e04.png, lỗi: Illegal char <:> at index 3: /D:\root\uploads/products/6804710579_d40c4231-727c-4b25-bb7a-f0d7393a0e04.png
2026-05-28 18:01:00 [Thread-2] INFO  c.u.s.s.ClientRequestDispatcher - [Server] Đang xử lý lấy thông báo cho User ID: 3846757029
2026-05-28 18:01:00 [Thread-2] INFO  c.u.s.s.ClientRequestDispatcher - [Server] Đã tìm thấy 3 thông báo trong DB của User: 3846757029
2026-05-28 18:01:00 [Thread-2] INFO  c.u.s.s.ClientRequestDispatcher - [Server] Đã bắn gói tin phản hồi thành công về Client.
2026-05-28 18:04:59 [Thread-2] WARN  c.uet.server.network.ClientHandler - Server: Không thể gửi phản hồi do Client đã chủ động ngắt kết nối vật lý (Đăng xuất/Tắt app).
2026-05-28 18:04:59 [Thread-2] INFO  c.uet.server.network.ClientHandler - [SERVER] Đã giải phóng hoàn toàn kết nối Socket vật lý.
2026-05-28 18:04:59 [Thread-2] INFO  c.uet.server.network.ClientHandler - [SERVER] Đã Xóa Client khỏi ClientManager thành công.
2026-05-28 18:05:25 [main] INFO  com.uet.server.network.ServerMain - --- CÓ 1 CLIENT VỪA KẾT NỐI! ---
2026-05-28 18:05:33 [Thread-3] INFO  c.u.s.s.ClientRequestDispatcher - Đang đăng nhập: 1
2026-05-28 18:05:33 [Thread-3] INFO  com.uet.server.database.dao.UserDAO - [UserDAO] ⏰ Đã cập nhật mốc đăng nhập mới cho user ID: 1683432468
2026-05-28 18:05:35 [Thread-3] WARN  c.uet.server.database.dao.AuctionDAO - Không thể đọc file ảnh sản phẩm từ path: file://D:\root\uploads/products/6804710579_d40c4231-727c-4b25-bb7a-f0d7393a0e04.png, lỗi: Illegal char <:> at index 3: /D:\root\uploads/products/6804710579_d40c4231-727c-4b25-bb7a-f0d7393a0e04.png
2026-05-28 18:05:46 [Thread-3] INFO  com.uet.server.database.dao.UserDAO - [Notification] Đã tạo thông báo mới cho User 1683432468: Yêu cầu nạp tiền đang chờ duyệt
2026-05-28 18:05:49 [Thread-3] WARN  c.uet.server.database.dao.AuctionDAO - Không thể đọc file ảnh sản phẩm từ path: file://D:\root\uploads/products/6804710579_d40c4231-727c-4b25-bb7a-f0d7393a0e04.png, lỗi: Illegal char <:> at index 3: /D:\root\uploads/products/6804710579_d40c4231-727c-4b25-bb7a-f0d7393a0e04.png
2026-05-28 18:05:52 [Thread-3] INFO  c.u.s.s.ClientRequestDispatcher - [Server] Đang xử lý lấy thông báo cho User ID: 1683432468
2026-05-28 18:05:52 [Thread-3] INFO  c.u.s.s.ClientRequestDispatcher - [Server] Đã tìm thấy 1 thông báo trong DB của User: 1683432468
2026-05-28 18:05:52 [Thread-3] INFO  c.u.s.s.ClientRequestDispatcher - [Server] Đã bắn gói tin phản hồi thành công về Client.
2026-05-28 18:06:00 [Thread-3] WARN  c.uet.server.network.ClientHandler - Server: Không thể gửi phản hồi do Client đã chủ động ngắt kết nối vật lý (Đăng xuất/Tắt app).
2026-05-28 18:06:00 [Thread-3] INFO  c.uet.server.network.ClientHandler - [SERVER] Đã giải phóng hoàn toàn kết nối Socket vật lý.
2026-05-28 18:06:00 [Thread-3] INFO  c.uet.server.network.ClientHandler - [SERVER] Đã Xóa Client khỏi ClientManager thành công.
2026-05-28 18:06:05 [main] INFO  com.uet.server.network.ServerMain - --- CÓ 1 CLIENT VỪA KẾT NỐI! ---
2026-05-28 18:06:05 [Thread-4] INFO  c.u.s.s.ClientRequestDispatcher - Đang đăng nhập: 1
2026-05-28 18:06:05 [Thread-4] INFO  com.uet.server.database.dao.UserDAO - [UserDAO] ⏰ Đã cập nhật mốc đăng nhập mới cho user ID: 1683432468
2026-05-28 18:06:05 [Thread-4] WARN  c.uet.server.database.dao.AuctionDAO - Không thể đọc file ảnh sản phẩm từ path: file://D:\root\uploads/products/6804710579_d40c4231-727c-4b25-bb7a-f0d7393a0e04.png, lỗi: Illegal char <:> at index 3: /D:\root\uploads/products/6804710579_d40c4231-727c-4b25-bb7a-f0d7393a0e04.png
2026-05-28 18:06:08 [Thread-4] INFO  c.u.s.s.ClientRequestDispatcher - [Server] Đang xử lý lấy thông báo cho User ID: 1683432468
2026-05-28 18:06:08 [Thread-4] INFO  c.u.s.s.ClientRequestDispatcher - [Server] Đã tìm thấy 1 thông báo trong DB của User: 1683432468
2026-05-28 18:06:08 [Thread-4] INFO  c.u.s.s.ClientRequestDispatcher - [Server] Đã bắn gói tin phản hồi thành công về Client.
2026-05-28 18:07:59 [Thread-4] INFO  c.uet.server.network.ClientHandler - Client ngắt kết nối hoặc có lỗi xảy ra: Connection reset
2026-05-28 18:07:59 [Thread-4] INFO  c.uet.server.network.ClientHandler - [SERVER] Đã giải phóng hoàn toàn kết nối Socket vật lý.
2026-05-28 18:07:59 [Thread-4] INFO  c.uet.server.network.ClientHandler - [SERVER] Đã Xóa Client khỏi ClientManager thành công.
2026-05-28 18:08:05 [main] INFO  com.uet.server.network.ServerMain - --- CÓ 1 CLIENT VỪA KẾT NỐI! ---
2026-05-28 18:08:05 [Thread-5] INFO  c.u.s.s.ClientRequestDispatcher - Đang đăng nhập: 1
2026-05-28 18:08:05 [Thread-5] INFO  com.uet.server.database.dao.UserDAO - [UserDAO] ⏰ Đã cập nhật mốc đăng nhập mới cho user ID: 1683432468
2026-05-28 18:08:05 [Thread-5] WARN  c.uet.server.database.dao.AuctionDAO - Không thể đọc file ảnh sản phẩm từ path: file://D:\root\uploads/products/6804710579_d40c4231-727c-4b25-bb7a-f0d7393a0e04.png, lỗi: Illegal char <:> at index 3: /D:\root\uploads/products/6804710579_d40c4231-727c-4b25-bb7a-f0d7393a0e04.png
2026-05-28 18:08:08 [Thread-5] INFO  c.u.s.s.ClientRequestDispatcher - [Server] Đang xử lý lấy thông báo cho User ID: 1683432468
2026-05-28 18:08:08 [Thread-5] INFO  c.u.s.s.ClientRequestDispatcher - [Server] Đã tìm thấy 1 thông báo trong DB của User: 1683432468
2026-05-28 18:08:08 [Thread-5] INFO  c.u.s.s.ClientRequestDispatcher - [Server] Đã bắn gói tin phản hồi thành công về Client.
2026-05-28 18:08:12 [Thread-5] INFO  c.uet.server.network.ClientHandler - [SERVER] Đã giải phóng hoàn toàn kết nối Socket vật lý.
2026-05-28 18:08:12 [Thread-5] INFO  c.uet.server.network.ClientHandler - [SERVER] Đã Xóa Client khỏi ClientManager thành công.
2026-05-28 18:08:18 [main] INFO  com.uet.server.network.ServerMain - --- CÓ 1 CLIENT VỪA KẾT NỐI! ---
2026-05-28 18:08:18 [Thread-6] INFO  c.u.s.s.ClientRequestDispatcher - Đang đăng nhập: admin1
2026-05-28 18:08:18 [Thread-6] INFO  com.uet.server.database.dao.UserDAO - [UserDAO] ⏰ Đã cập nhật mốc đăng nhập mới cho user ID: U001
2026-05-28 18:08:23 [Thread-6] INFO  com.uet.server.database.dao.UserDAO - [Notification] Đã xóa 1 thông báo cũ chứa từ khóa 'Yêu cầu nạp tiền số tiền 2,000,000đ của bạn đã được gửi' của User 1683432468
2026-05-28 18:08:23 [Thread-6] INFO  com.uet.server.database.dao.UserDAO - [Notification] Đã tạo thông báo mới cho User 1683432468: Giao dịch nạp tiền thành công
2026-05-28 18:08:29 [Thread-6] INFO  c.u.s.s.ClientRequestDispatcher - Đang đăng nhập: 1
2026-05-28 18:08:29 [Thread-6] INFO  com.uet.server.database.dao.UserDAO - [UserDAO] ⏰ Đã cập nhật mốc đăng nhập mới cho user ID: 1683432468
2026-05-28 18:08:29 [Thread-6] WARN  c.uet.server.database.dao.AuctionDAO - Không thể đọc file ảnh sản phẩm từ path: file://D:\root\uploads/products/6804710579_d40c4231-727c-4b25-bb7a-f0d7393a0e04.png, lỗi: Illegal char <:> at index 3: /D:\root\uploads/products/6804710579_d40c4231-727c-4b25-bb7a-f0d7393a0e04.png
2026-05-28 18:08:34 [Thread-6] INFO  c.u.s.s.ClientRequestDispatcher - [Server] Đang xử lý lấy thông báo cho User ID: 1683432468
2026-05-28 18:08:34 [Thread-6] INFO  c.u.s.s.ClientRequestDispatcher - [Server] Đã tìm thấy 1 thông báo trong DB của User: 1683432468
2026-05-28 18:08:34 [Thread-6] INFO  c.u.s.s.ClientRequestDispatcher - [Server] Đã bắn gói tin phản hồi thành công về Client.
2026-05-28 18:08:54 [Thread-6] INFO  c.uet.server.service.AuctionService - [SERVER] Đã lưu ảnh sản phẩm chờ duyệt tại path: file://D:\root\uploads/products/1683432468_9f521ee6-1e5d-4c39-b0f9-75ef1dd6e4ef.png
2026-05-28 18:08:54 [Thread-6] INFO  c.uet.server.database.dao.AuctionDAO - [DATABASE SUCCESS] Tạo thành công Item ID: 3241424769 và Auction ID: 9177054523
2026-05-28 18:08:54 [Thread-6] INFO  c.uet.server.service.AuctionService - [SERVER] Sản phẩm của User 1683432468 đang ở trạng thái PENDING.
2026-05-28 18:08:54 [Thread-6] INFO  com.uet.server.database.dao.UserDAO - [Notification] Đã tạo thông báo mới cho User 1683432468: Chờ duyệt sản phẩm
2026-05-28 18:08:55 [Thread-6] WARN  c.uet.server.database.dao.AuctionDAO - Không thể đọc file ảnh sản phẩm từ path: file://D:\root\uploads/products/6804710579_d40c4231-727c-4b25-bb7a-f0d7393a0e04.png, lỗi: Illegal char <:> at index 3: /D:\root\uploads/products/6804710579_d40c4231-727c-4b25-bb7a-f0d7393a0e04.png
2026-05-28 18:08:58 [Thread-6] INFO  c.u.s.s.ClientRequestDispatcher - [Server] Đang xử lý lấy thông báo cho User ID: 1683432468
2026-05-28 18:08:58 [Thread-6] INFO  c.u.s.s.ClientRequestDispatcher - [Server] Đã tìm thấy 2 thông báo trong DB của User: 1683432468
2026-05-28 18:08:58 [Thread-6] INFO  c.u.s.s.ClientRequestDispatcher - [Server] Đã bắn gói tin phản hồi thành công về Client.
2026-05-28 18:09:04 [Thread-6] WARN  c.uet.server.network.ClientHandler - Server: Không thể gửi phản hồi do Client đã chủ động ngắt kết nối vật lý (Đăng xuất/Tắt app).
2026-05-28 18:09:04 [Thread-6] INFO  c.uet.server.network.ClientHandler - [SERVER] Đã giải phóng hoàn toàn kết nối Socket vật lý.
2026-05-28 18:09:04 [Thread-6] INFO  c.uet.server.network.ClientHandler - [SERVER] Đã Xóa Client khỏi ClientManager thành công.
2026-05-28 18:09:09 [main] INFO  com.uet.server.network.ServerMain - --- CÓ 1 CLIENT VỪA KẾT NỐI! ---
2026-05-28 18:09:09 [Thread-7] INFO  c.u.s.s.ClientRequestDispatcher - Đang đăng nhập: admin1
2026-05-28 18:09:09 [Thread-7] INFO  com.uet.server.database.dao.UserDAO - [UserDAO] ⏰ Đã cập nhật mốc đăng nhập mới cho user ID: U001
2026-05-28 18:09:10 [Thread-7] INFO  c.u.s.service.AuctionRealtimeService - ==> Admin đang yêu cầu tải toàn bộ danh sách phiên đấu giá!
2026-05-28 18:09:11 [Thread-7] INFO  com.uet.server.database.dao.UserDAO - [Notification] Đã xóa 1 thông báo cũ chứa từ khóa 'Sản phẩm '1' đang chờ Admin duyệt' của User 1683432468
2026-05-28 18:09:11 [Thread-7] INFO  com.uet.server.database.dao.UserDAO - [Notification] Đã tạo thông báo mới cho User 1683432468: Sản phẩm đã duyệt
2026-05-28 18:09:11 [Thread-7] INFO  c.uet.server.database.dao.AuctionDAO - [Scheduler] Đã kích hoạt 1 phiên đấu giá sang trạng thái RUNNING!
2026-05-28 18:09:11 [Thread-7] INFO  com.uet.server.database.dao.UserDAO - [Notification] Đã xóa 1 thông báo cũ chứa từ khóa 'Sản phẩm '1' đã được phê duyệt' của User 1683432468
2026-05-28 18:09:11 [Thread-7] INFO  com.uet.server.database.dao.UserDAO - [Notification] Đã tạo thông báo mới cho User 1683432468: Đang đấu giá
2026-05-28 18:09:11 [Thread-7] INFO  c.u.s.service.AuctionRealtimeService - [Approve] Đã kích hoạt trực tiếp 1 phiên đấu giá sang RUNNING. Tiến hành phát sóng...
2026-05-28 18:09:11 [Thread-7] WARN  c.uet.server.database.dao.AuctionDAO - Không thể đọc file ảnh sản phẩm từ path: file://D:\root\uploads/products/6804710579_d40c4231-727c-4b25-bb7a-f0d7393a0e04.png, lỗi: Illegal char <:> at index 3: /D:\root\uploads/products/6804710579_d40c4231-727c-4b25-bb7a-f0d7393a0e04.png
2026-05-28 18:09:11 [Thread-7] WARN  c.uet.server.database.dao.AuctionDAO - Không thể đọc file ảnh sản phẩm từ path: file://D:\root\uploads/products/1683432468_9f521ee6-1e5d-4c39-b0f9-75ef1dd6e4ef.png, lỗi: Illegal char <:> at index 3: /D:\root\uploads/products/1683432468_9f521ee6-1e5d-4c39-b0f9-75ef1dd6e4ef.png
2026-05-28 18:09:11 [Thread-7] INFO  c.u.s.service.AuctionRealtimeService - ==> Admin đang yêu cầu tải toàn bộ danh sách phiên đấu giá!
2026-05-28 18:09:18 [Thread-7] INFO  c.u.s.s.ClientRequestDispatcher - Đang đăng nhập: 1
2026-05-28 18:09:18 [Thread-7] INFO  com.uet.server.database.dao.UserDAO - [UserDAO] ⏰ Đã cập nhật mốc đăng nhập mới cho user ID: 1683432468
2026-05-28 18:09:19 [Thread-7] WARN  c.uet.server.database.dao.AuctionDAO - Không thể đọc file ảnh sản phẩm từ path: file://D:\root\uploads/products/6804710579_d40c4231-727c-4b25-bb7a-f0d7393a0e04.png, lỗi: Illegal char <:> at index 3: /D:\root\uploads/products/6804710579_d40c4231-727c-4b25-bb7a-f0d7393a0e04.png
2026-05-28 18:09:19 [Thread-7] WARN  c.uet.server.database.dao.AuctionDAO - Không thể đọc file ảnh sản phẩm từ path: file://D:\root\uploads/products/1683432468_9f521ee6-1e5d-4c39-b0f9-75ef1dd6e4ef.png, lỗi: Illegal char <:> at index 3: /D:\root\uploads/products/1683432468_9f521ee6-1e5d-4c39-b0f9-75ef1dd6e4ef.png
2026-05-28 18:09:22 [Thread-7] INFO  c.u.s.s.ClientRequestDispatcher - [Server] Đang xử lý lấy thông báo cho User ID: 1683432468
2026-05-28 18:09:22 [Thread-7] INFO  c.u.s.s.ClientRequestDispatcher - [Server] Đã tìm thấy 2 thông báo trong DB của User: 1683432468
2026-05-28 18:09:22 [Thread-7] INFO  c.u.s.s.ClientRequestDispatcher - [Server] Đã bắn gói tin phản hồi thành công về Client.
2026-05-28 18:09:32 [Thread-7] WARN  c.uet.server.database.dao.AuctionDAO - Không thể đọc file ảnh sản phẩm từ path: file://D:\root\uploads/products/6804710579_d40c4231-727c-4b25-bb7a-f0d7393a0e04.png, lỗi: Illegal char <:> at index 3: /D:\root\uploads/products/6804710579_d40c4231-727c-4b25-bb7a-f0d7393a0e04.png
2026-05-28 18:09:32 [Thread-7] WARN  c.uet.server.database.dao.AuctionDAO - Không thể đọc file ảnh sản phẩm từ path: file://D:\root\uploads/products/1683432468_9f521ee6-1e5d-4c39-b0f9-75ef1dd6e4ef.png, lỗi: Illegal char <:> at index 3: /D:\root\uploads/products/1683432468_9f521ee6-1e5d-4c39-b0f9-75ef1dd6e4ef.png
2026-05-28 18:09:33 [Thread-7] INFO  c.uet.server.network.ClientManager - Client joined auction: 9177054523
2026-05-28 18:09:33 [Thread-7] WARN  c.uet.server.database.dao.AuctionDAO - Không thể đọc file ảnh sản phẩm từ path: file://D:\root\uploads/products/1683432468_9f521ee6-1e5d-4c39-b0f9-75ef1dd6e4ef.png, lỗi: Illegal char <:> at index 3: /D:\root\uploads/products/1683432468_9f521ee6-1e5d-4c39-b0f9-75ef1dd6e4ef.png
2026-05-28 18:09:33 [pool-1-thread-1] INFO  c.uet.server.network.ClientManager - Gửi cập nhật ngay cho 1 client đang xem auction: 9177054523
2026-05-28 18:09:35 [pool-1-thread-1] INFO  c.uet.server.network.ClientManager - Gửi cập nhật ngay cho 1 client đang xem auction: 9177054523
2026-05-28 18:09:36 [pool-1-thread-1] INFO  c.uet.server.network.ClientManager - Gửi cập nhật ngay cho 1 client đang xem auction: 9177054523
2026-05-28 18:09:38 [pool-1-thread-1] INFO  c.uet.server.network.ClientManager - Gửi cập nhật ngay cho 1 client đang xem auction: 9177054523
2026-05-28 18:09:39 [Thread-7] INFO  c.uet.server.network.ClientManager - Client left auction: 9177054523
2026-05-28 18:09:39 [Thread-7] WARN  c.uet.server.database.dao.AuctionDAO - Không thể đọc file ảnh sản phẩm từ path: file://D:\root\uploads/products/6804710579_d40c4231-727c-4b25-bb7a-f0d7393a0e04.png, lỗi: Illegal char <:> at index 3: /D:\root\uploads/products/6804710579_d40c4231-727c-4b25-bb7a-f0d7393a0e04.png
2026-05-28 18:09:39 [Thread-7] WARN  c.uet.server.database.dao.AuctionDAO - Không thể đọc file ảnh sản phẩm từ path: file://D:\root\uploads/products/1683432468_9f521ee6-1e5d-4c39-b0f9-75ef1dd6e4ef.png, lỗi: Illegal char <:> at index 3: /D:\root\uploads/products/1683432468_9f521ee6-1e5d-4c39-b0f9-75ef1dd6e4ef.png
2026-05-28 18:09:43 [Thread-7] INFO  c.u.s.s.ClientRequestDispatcher - [Server] Đang xử lý lấy thông báo cho User ID: 1683432468
2026-05-28 18:09:43 [Thread-7] INFO  c.u.s.s.ClientRequestDispatcher - [Server] Đã tìm thấy 2 thông báo trong DB của User: 1683432468
2026-05-28 18:09:43 [Thread-7] INFO  c.u.s.s.ClientRequestDispatcher - [Server] Đã bắn gói tin phản hồi thành công về Client.
2026-05-28 18:09:47 [Thread-7] INFO  c.uet.server.network.ClientHandler - Client ngắt kết nối hoặc có lỗi xảy ra: Connection reset
2026-05-28 18:09:47 [Thread-7] INFO  c.uet.server.network.ClientHandler - [SERVER] Đã giải phóng hoàn toàn kết nối Socket vật lý.
2026-05-28 18:09:47 [Thread-7] INFO  c.uet.server.network.ClientHandler - [SERVER] Đã Xóa Client khỏi ClientManager thành công.
2026-05-29 01:19:18 [main] INFO  c.u.server.service.AuctionScheduler - [Scheduler] Bộ quét thời gian đấu giá tự động đã được kích hoạt!
2026-05-29 01:19:18 [main] INFO  com.uet.server.network.ServerMain - --- SERVER ĐANG CHỜ Ở CỔNG 27915 ---
2026-05-29 01:19:18 [pool-2-thread-1] INFO  c.uet.server.database.DBConnection - DB URL = jdbc:mysql://localhost:3306/auction_system?useSSL=false&allowPublicKeyRetrieval=true&serverTimezone=Asia/Ho_Chi_Minh
2026-05-29 01:19:18 [pool-2-thread-1] INFO  c.uet.server.database.DBConnection - Connected to database successfully!
2026-05-29 01:19:38 [main] INFO  com.uet.server.network.ServerMain - --- CÓ 1 CLIENT VỪA KẾT NỐI! ---
2026-05-29 01:19:38 [Thread-0] INFO  c.u.s.s.ClientRequestDispatcher - Đang đăng nhập: nam
2026-05-29 01:19:38 [Thread-0] WARN  com.uet.server.database.dao.UserDAO - UserDAO: file not found: \root\uploads\avatars\3846757029_9e151168-33b1-4fad-97b4-c71411b402f2.png
2026-05-29 01:19:38 [Thread-0] INFO  com.uet.server.database.dao.UserDAO - [UserDAO]  Đã cập nhật mốc đăng nhập mới cho user ID: 3846757029
2026-05-29 01:19:38 [Thread-0] WARN  c.uet.server.database.dao.AuctionDAO - Không thể đọc file ảnh sản phẩm từ path: file://D:\root\uploads/products/6804710579_d40c4231-727c-4b25-bb7a-f0d7393a0e04.png, lỗi: Illegal char <:> at index 3: /D:\root\uploads/products/6804710579_d40c4231-727c-4b25-bb7a-f0d7393a0e04.png
2026-05-29 01:19:38 [Thread-0] WARN  c.uet.server.database.dao.AuctionDAO - Không thể đọc file ảnh sản phẩm từ path: file://D:\root\uploads/products/1683432468_9f521ee6-1e5d-4c39-b0f9-75ef1dd6e4ef.png, lỗi: Illegal char <:> at index 3: /D:\root\uploads/products/1683432468_9f521ee6-1e5d-4c39-b0f9-75ef1dd6e4ef.png
2026-05-29 01:21:33 [Thread-0] INFO  c.uet.server.network.ClientHandler - Client ngắt kết nối hoặc có lỗi xảy ra: Connection reset
2026-05-29 01:21:33 [Thread-0] INFO  c.uet.server.network.ClientHandler - [SERVER] Đã giải phóng hoàn toàn kết nối Socket vật lý.
2026-05-29 01:21:33 [Thread-0] INFO  c.uet.server.network.ClientHandler - [SERVER] Đã Xóa Client khỏi ClientManager thành công.
2026-05-29 01:21:48 [main] INFO  com.uet.server.network.ServerMain - --- CÓ 1 CLIENT VỪA KẾT NỐI! ---
2026-05-29 01:21:48 [Thread-1] INFO  c.u.s.s.ClientRequestDispatcher - Đang đăng nhập: nam
2026-05-29 01:21:48 [Thread-1] WARN  com.uet.server.database.dao.UserDAO - UserDAO: file not found: \root\uploads\avatars\3846757029_9e151168-33b1-4fad-97b4-c71411b402f2.png
2026-05-29 01:21:48 [Thread-1] INFO  com.uet.server.database.dao.UserDAO - [UserDAO]  Đã cập nhật mốc đăng nhập mới cho user ID: 3846757029
2026-05-29 01:21:48 [Thread-1] WARN  c.uet.server.database.dao.AuctionDAO - Không thể đọc file ảnh sản phẩm từ path: file://D:\root\uploads/products/6804710579_d40c4231-727c-4b25-bb7a-f0d7393a0e04.png, lỗi: Illegal char <:> at index 3: /D:\root\uploads/products/6804710579_d40c4231-727c-4b25-bb7a-f0d7393a0e04.png
2026-05-29 01:21:48 [Thread-1] WARN  c.uet.server.database.dao.AuctionDAO - Không thể đọc file ảnh sản phẩm từ path: file://D:\root\uploads/products/1683432468_9f521ee6-1e5d-4c39-b0f9-75ef1dd6e4ef.png, lỗi: Illegal char <:> at index 3: /D:\root\uploads/products/1683432468_9f521ee6-1e5d-4c39-b0f9-75ef1dd6e4ef.png
2026-05-29 01:22:12 [Thread-1] INFO  com.uet.server.database.dao.UserDAO - [UserDAO] Người dùng ID: 3846757029 đã đổi mật khẩu thành công.
2026-05-29 01:22:12 [Thread-1] INFO  com.uet.server.database.dao.UserDAO - [Notification] Đã tạo thông báo mới cho User 3846757029: 🔒 Bảo mật tài khoản
2026-05-29 01:22:16 [Thread-1] WARN  c.uet.server.database.dao.AuctionDAO - Không thể đọc file ảnh sản phẩm từ path: file://D:\root\uploads/products/6804710579_d40c4231-727c-4b25-bb7a-f0d7393a0e04.png, lỗi: Illegal char <:> at index 3: /D:\root\uploads/products/6804710579_d40c4231-727c-4b25-bb7a-f0d7393a0e04.png
2026-05-29 01:22:16 [Thread-1] WARN  c.uet.server.database.dao.AuctionDAO - Không thể đọc file ảnh sản phẩm từ path: file://D:\root\uploads/products/1683432468_9f521ee6-1e5d-4c39-b0f9-75ef1dd6e4ef.png, lỗi: Illegal char <:> at index 3: /D:\root\uploads/products/1683432468_9f521ee6-1e5d-4c39-b0f9-75ef1dd6e4ef.png
2026-05-29 01:22:18 [Thread-1] INFO  c.uet.server.network.ClientHandler - [SERVER] Đã giải phóng hoàn toàn kết nối Socket vật lý.
2026-05-29 01:22:18 [Thread-1] INFO  c.uet.server.network.ClientHandler - [SERVER] Đã Xóa Client khỏi ClientManager thành công.
2026-05-29 01:22:21 [main] INFO  com.uet.server.network.ServerMain - --- CÓ 1 CLIENT VỪA KẾT NỐI! ---
2026-05-29 01:22:21 [Thread-2] INFO  c.u.s.s.ClientRequestDispatcher - Đang đăng nhập: nam
2026-05-29 01:22:23 [Thread-2] INFO  c.u.s.s.ClientRequestDispatcher - Đang đăng nhập: nam
2026-05-29 01:22:23 [Thread-2] WARN  com.uet.server.database.dao.UserDAO - UserDAO: file not found: \root\uploads\avatars\3846757029_9e151168-33b1-4fad-97b4-c71411b402f2.png
2026-05-29 01:22:23 [Thread-2] INFO  com.uet.server.database.dao.UserDAO - [UserDAO]  Đã cập nhật mốc đăng nhập mới cho user ID: 3846757029
2026-05-29 01:22:23 [Thread-2] WARN  c.uet.server.database.dao.AuctionDAO - Không thể đọc file ảnh sản phẩm từ path: file://D:\root\uploads/products/6804710579_d40c4231-727c-4b25-bb7a-f0d7393a0e04.png, lỗi: Illegal char <:> at index 3: /D:\root\uploads/products/6804710579_d40c4231-727c-4b25-bb7a-f0d7393a0e04.png
2026-05-29 01:22:23 [Thread-2] WARN  c.uet.server.database.dao.AuctionDAO - Không thể đọc file ảnh sản phẩm từ path: file://D:\root\uploads/products/1683432468_9f521ee6-1e5d-4c39-b0f9-75ef1dd6e4ef.png, lỗi: Illegal char <:> at index 3: /D:\root\uploads/products/1683432468_9f521ee6-1e5d-4c39-b0f9-75ef1dd6e4ef.png
2026-05-29 01:22:28 [Thread-2] INFO  c.uet.server.network.ClientHandler - Client ngắt kết nối hoặc có lỗi xảy ra: Connection reset
2026-05-29 01:22:29 [Thread-2] INFO  c.uet.server.network.ClientHandler - [SERVER] Đã giải phóng hoàn toàn kết nối Socket vật lý.
2026-05-29 01:22:29 [Thread-2] INFO  c.uet.server.network.ClientHandler - [SERVER] Đã Xóa Client khỏi ClientManager thành công.
2026-05-29 01:31:20 [main] INFO  c.u.server.service.AuctionScheduler - [Scheduler] Bộ quét thời gian đấu giá tự động đã được kích hoạt!
2026-05-29 01:31:20 [main] INFO  com.uet.server.network.ServerMain - --- SERVER ĐANG CHỜ Ở CỔNG 27915 ---
2026-05-29 01:31:21 [pool-2-thread-1] INFO  c.uet.server.database.DBConnection - DB URL = jdbc:mysql://localhost:3306/auction_system?useSSL=false&allowPublicKeyRetrieval=true&serverTimezone=Asia/Ho_Chi_Minh
2026-05-29 01:31:21 [pool-2-thread-1] INFO  c.uet.server.database.DBConnection - Connected to database successfully!
2026-05-29 01:32:17 [main] INFO  com.uet.server.network.ServerMain - --- CÓ 1 CLIENT VỪA KẾT NỐI! ---
2026-05-29 01:32:17 [Thread-0] INFO  c.u.s.s.ClientRequestDispatcher - Đang đăng nhập: admin1
2026-05-29 01:32:17 [Thread-0] INFO  com.uet.server.database.dao.UserDAO - [UserDAO]  Đã cập nhật mốc đăng nhập mới cho user ID: U001
2026-05-29 01:32:19 [Thread-0] INFO  com.uet.server.database.dao.UserDAO - [UserDAO] Đã tải thành công 19 người dùng cho Admin.
2026-05-29 01:32:24 [Thread-0] INFO  com.uet.server.database.dao.UserDAO - [UserDAO] Đã tải thành công 19 người dùng cho Admin.
2026-05-29 01:32:28 [Thread-0] INFO  com.uet.server.database.dao.UserDAO - [UserDAO] Đã tải thành công 19 người dùng cho Admin.
2026-05-29 01:32:31 [Thread-0] INFO  com.uet.server.database.dao.UserDAO - [UserDAO] Đã tải thành công 19 người dùng cho Admin.
2026-05-29 01:32:34 [Thread-0] INFO  com.uet.server.database.dao.UserDAO - [UserDAO] Đã tải thành công 19 người dùng cho Admin.
2026-05-29 01:32:48 [Thread-0] INFO  com.uet.server.database.dao.UserDAO - [UserDAO] Đã tải thành công 19 người dùng cho Admin.
2026-05-29 01:33:01 [Thread-0] INFO  com.uet.server.database.dao.UserDAO - [UserDAO] Đã tải thành công 19 người dùng cho Admin.
2026-05-29 01:33:10 [Thread-0] INFO  com.uet.server.database.dao.UserDAO - [UserDAO] Đã tải thành công 19 người dùng cho Admin.
2026-05-29 01:33:22 [Thread-0] INFO  c.uet.server.network.ClientHandler - Client ngắt kết nối hoặc có lỗi xảy ra: Connection reset
2026-05-29 01:33:22 [Thread-0] INFO  c.uet.server.network.ClientHandler - [SERVER] Đã giải phóng hoàn toàn kết nối Socket vật lý.
2026-05-29 01:33:22 [Thread-0] INFO  c.uet.server.network.ClientHandler - [SERVER] Đã Xóa Client khỏi ClientManager thành công.
2026-05-29 11:16:15 [main] INFO  c.u.server.service.AuctionScheduler - [Scheduler] Bộ quét thời gian đấu giá tự động đã được kích hoạt!
2026-05-29 11:16:15 [main] INFO  com.uet.server.network.ServerMain - --- SERVER ĐANG CHỜ Ở CỔNG 27915 ---
2026-05-29 11:16:15 [pool-2-thread-1] INFO  c.uet.server.database.DBConnection - DB URL = jdbc:mysql://localhost:3306/auction_system?useSSL=false&allowPublicKeyRetrieval=true&serverTimezone=Asia/Ho_Chi_Minh
2026-05-29 11:16:15 [pool-2-thread-1] INFO  c.uet.server.database.DBConnection - Connected to database successfully!
2026-05-29 11:16:15 [pool-2-thread-1] INFO  com.uet.server.database.dao.UserDAO - [Notification] Đã tạo thông báo mới cho User 6804710579: Đấu giá kết thúc
2026-05-29 11:16:15 [pool-2-thread-1] INFO  c.uet.server.database.dao.AuctionDAO - [Scheduler] Phiên 2332381913 đã đóng nhưng không có ai mua.
2026-05-29 11:16:15 [pool-2-thread-1] INFO  c.u.server.service.AuctionScheduler - [Scheduler] Phát hiện có thay đổi danh sách phiên đấu giá (Kích hoạt: 0, Kết thúc: 1). Tiến hành Broadcast...
2026-05-29 11:16:15 [pool-2-thread-1] WARN  c.uet.server.database.dao.AuctionDAO - Không thể đọc file ảnh sản phẩm từ path: file://D:\root\uploads/products/1683432468_9f521ee6-1e5d-4c39-b0f9-75ef1dd6e4ef.png, lỗi: Illegal char <:> at index 3: /D:\root\uploads/products/1683432468_9f521ee6-1e5d-4c39-b0f9-75ef1dd6e4ef.png
2026-05-29 11:18:59 [main] INFO  c.u.server.service.AuctionScheduler - [Scheduler] Bộ quét thời gian đấu giá tự động đã được kích hoạt!
2026-05-29 11:18:59 [main] INFO  com.uet.server.network.ServerMain - --- SERVER ĐANG CHỜ Ở CỔNG 27915 ---
2026-05-29 11:19:00 [pool-2-thread-1] INFO  c.uet.server.database.DBConnection - DB URL = jdbc:mysql://localhost:3306/auction_system?useSSL=false&allowPublicKeyRetrieval=true&serverTimezone=Asia/Ho_Chi_Minh
2026-05-29 11:19:00 [pool-2-thread-1] INFO  c.uet.server.database.DBConnection - Connected to database successfully!
2026-05-29 11:19:13 [main] INFO  com.uet.server.network.ServerMain - --- CÓ 1 CLIENT VỪA KẾT NỐI! ---
2026-05-29 11:19:13 [Thread-0] INFO  c.u.s.s.ClientRequestDispatcher - Đang đăng nhập: admin1
2026-05-29 11:19:13 [Thread-0] INFO  com.uet.server.database.dao.UserDAO - [UserDAO] ⏰ Đã cập nhật mốc đăng nhập mới cho user ID: U001
2026-05-29 11:19:15 [Thread-0] INFO  com.uet.server.database.dao.UserDAO - [UserDAO] Đã tải thành công 19 người dùng cho Admin.
2026-05-29 11:19:16 [Thread-0] INFO  c.u.s.service.AuctionRealtimeService - ==> Admin đang yêu cầu tải toàn bộ danh sách phiên đấu giá!
2026-05-29 11:19:22 [Thread-0] INFO  com.uet.server.database.dao.UserDAO - [UserDAO] Đã tải thành công 19 người dùng cho Admin.
2026-05-29 11:19:23 [Thread-0] INFO  com.uet.server.database.dao.UserDAO - [UserDAO] Đã tải thành công 19 người dùng cho Admin.
2026-05-29 11:19:24 [Thread-0] INFO  c.u.s.service.AuctionRealtimeService - ==> Admin đang yêu cầu tải toàn bộ danh sách phiên đấu giá!
2026-05-29 11:19:27 [Thread-0] INFO  com.uet.server.database.dao.UserDAO - [UserDAO] Đã tải thành công 19 người dùng cho Admin.
2026-05-29 11:19:28 [Thread-0] INFO  com.uet.server.database.dao.UserDAO - [UserDAO] Đã tải thành công 19 người dùng cho Admin.
2026-05-29 11:19:29 [Thread-0] INFO  c.u.s.service.AuctionRealtimeService - ==> Admin đang yêu cầu tải toàn bộ danh sách phiên đấu giá!
2026-05-29 11:19:31 [Thread-0] INFO  com.uet.server.database.dao.UserDAO - [UserDAO] Đã tải thành công 19 người dùng cho Admin.
2026-05-29 11:19:34 [Thread-0] INFO  c.u.s.service.AuctionRealtimeService - ==> Admin đang yêu cầu tải toàn bộ danh sách phiên đấu giá!
2026-05-29 11:19:36 [Thread-0] INFO  c.uet.server.network.ClientHandler - [SERVER] Đã giải phóng hoàn toàn kết nối Socket vật lý.
2026-05-29 11:19:36 [Thread-0] INFO  c.uet.server.network.ClientHandler - [SERVER] Đã Xóa Client khỏi ClientManager thành công.
2026-05-29 11:20:31 [main] INFO  com.uet.server.network.ServerMain - --- CÓ 1 CLIENT VỪA KẾT NỐI! ---
2026-05-29 11:20:31 [Thread-1] INFO  c.u.s.s.ClientRequestDispatcher - Đang đăng nhập: nam
2026-05-29 11:20:36 [Thread-1] INFO  c.u.s.s.ClientRequestDispatcher - Đang đăng nhập: nam
2026-05-29 11:20:36 [Thread-1] WARN  com.uet.server.database.dao.UserDAO - UserDAO: file not found: \root\uploads\avatars\3846757029_9e151168-33b1-4fad-97b4-c71411b402f2.png
2026-05-29 11:20:36 [Thread-1] INFO  com.uet.server.database.dao.UserDAO - [UserDAO] ⏰ Đã cập nhật mốc đăng nhập mới cho user ID: 3846757029
2026-05-29 11:20:37 [Thread-1] WARN  c.uet.server.database.dao.AuctionDAO - Không thể đọc file ảnh sản phẩm từ path: file://D:\root\uploads/products/1683432468_9f521ee6-1e5d-4c39-b0f9-75ef1dd6e4ef.png, lỗi: Illegal char <:> at index 3: /D:\root\uploads/products/1683432468_9f521ee6-1e5d-4c39-b0f9-75ef1dd6e4ef.png
2026-05-29 11:20:54 [Thread-1] INFO  com.uet.server.database.dao.UserDAO - [Notification] Đã tạo thông báo mới cho User 3846757029: Yêu cầu nạp tiền đang chờ duyệt
2026-05-29 11:21:05 [Thread-1] WARN  c.uet.server.database.dao.AuctionDAO - Không thể đọc file ảnh sản phẩm từ path: file://D:\root\uploads/products/1683432468_9f521ee6-1e5d-4c39-b0f9-75ef1dd6e4ef.png, lỗi: Illegal char <:> at index 3: /D:\root\uploads/products/1683432468_9f521ee6-1e5d-4c39-b0f9-75ef1dd6e4ef.png
2026-05-29 11:21:17 [Thread-1] INFO  c.uet.server.network.ClientHandler - Client ngắt kết nối hoặc có lỗi xảy ra: Connection reset
2026-05-29 11:21:17 [Thread-1] INFO  c.uet.server.network.ClientHandler - [SERVER] Đã giải phóng hoàn toàn kết nối Socket vật lý.
2026-05-29 11:21:17 [Thread-1] INFO  c.uet.server.network.ClientHandler - [SERVER] Đã Xóa Client khỏi ClientManager thành công.
2026-05-29 11:23:24 [main] INFO  com.uet.server.network.ServerMain - --- CÓ 1 CLIENT VỪA KẾT NỐI! ---
2026-05-29 11:23:24 [Thread-2] INFO  c.u.s.s.ClientRequestDispatcher - Đang đăng nhập: admin1
2026-05-29 11:23:24 [Thread-2] INFO  com.uet.server.database.dao.UserDAO - [UserDAO] ⏰ Đã cập nhật mốc đăng nhập mới cho user ID: U001
2026-05-29 11:23:26 [Thread-2] INFO  c.u.s.service.AuctionRealtimeService - ==> Admin đang yêu cầu tải toàn bộ danh sách phiên đấu giá!
2026-05-29 11:23:27 [Thread-2] INFO  com.uet.server.database.dao.UserDAO - [UserDAO] Đã tải thành công 19 người dùng cho Admin.
2026-05-29 11:23:45 [Thread-2] INFO  c.uet.server.network.ClientHandler - Client ngắt kết nối hoặc có lỗi xảy ra: Connection reset
2026-05-29 11:23:45 [Thread-2] INFO  c.uet.server.network.ClientHandler - [SERVER] Đã giải phóng hoàn toàn kết nối Socket vật lý.
2026-05-29 11:23:45 [Thread-2] INFO  c.uet.server.network.ClientHandler - [SERVER] Đã Xóa Client khỏi ClientManager thành công.
2026-05-29 11:51:51 [main] INFO  com.uet.server.network.ServerMain - --- CÓ 1 CLIENT VỪA KẾT NỐI! ---
2026-05-29 11:51:51 [Thread-3] INFO  c.u.s.s.ClientRequestDispatcher - Đang đăng nhập: admin1
2026-05-29 11:51:51 [Thread-3] INFO  com.uet.server.database.dao.UserDAO - [UserDAO] ⏰ Đã cập nhật mốc đăng nhập mới cho user ID: U001
2026-05-29 11:51:55 [Thread-3] INFO  com.uet.server.database.dao.UserDAO - [UserDAO] Đã tải thành công 19 người dùng cho Admin.
2026-05-29 11:51:56 [Thread-3] INFO  c.u.s.service.AuctionRealtimeService - ==> Admin đang yêu cầu tải toàn bộ danh sách phiên đấu giá!
2026-05-29 11:52:05 [Thread-3] INFO  com.uet.server.database.dao.UserDAO - [UserDAO] Đã tải thành công 19 người dùng cho Admin.
2026-05-29 11:52:14 [Thread-3] INFO  com.uet.server.database.dao.UserDAO - [UserDAO] Đã tải thành công 19 người dùng cho Admin.
2026-05-29 11:52:15 [Thread-3] INFO  c.u.s.service.AuctionRealtimeService - ==> Admin đang yêu cầu tải toàn bộ danh sách phiên đấu giá!
2026-05-29 11:52:22 [Thread-3] INFO  c.uet.server.network.ClientHandler - Client ngắt kết nối hoặc có lỗi xảy ra: Connection reset
2026-05-29 11:52:22 [Thread-3] INFO  c.uet.server.network.ClientHandler - [SERVER] Đã giải phóng hoàn toàn kết nối Socket vật lý.
2026-05-29 11:52:22 [Thread-3] INFO  c.uet.server.network.ClientHandler - [SERVER] Đã Xóa Client khỏi ClientManager thành công.
2026-05-29 11:52:40 [main] INFO  com.uet.server.network.ServerMain - --- CÓ 1 CLIENT VỪA KẾT NỐI! ---
2026-05-29 11:52:40 [Thread-4] INFO  c.u.s.s.ClientRequestDispatcher - Đang đăng nhập: nam
2026-05-29 11:52:43 [Thread-4] INFO  c.u.s.s.ClientRequestDispatcher - Đang đăng nhập: nam
2026-05-29 11:52:43 [Thread-4] WARN  com.uet.server.database.dao.UserDAO - UserDAO: file not found: \root\uploads\avatars\3846757029_9e151168-33b1-4fad-97b4-c71411b402f2.png
2026-05-29 11:52:43 [Thread-4] INFO  com.uet.server.database.dao.UserDAO - [UserDAO] ⏰ Đã cập nhật mốc đăng nhập mới cho user ID: 3846757029
2026-05-29 11:52:43 [Thread-4] WARN  c.uet.server.database.dao.AuctionDAO - Không thể đọc file ảnh sản phẩm từ path: file://D:\root\uploads/products/1683432468_9f521ee6-1e5d-4c39-b0f9-75ef1dd6e4ef.png, lỗi: Illegal char <:> at index 3: /D:\root\uploads/products/1683432468_9f521ee6-1e5d-4c39-b0f9-75ef1dd6e4ef.png
2026-05-29 11:53:01 [Thread-4] INFO  c.uet.server.network.ClientHandler - Client ngắt kết nối hoặc có lỗi xảy ra: Connection reset
2026-05-29 11:53:01 [Thread-4] INFO  c.uet.server.network.ClientHandler - [SERVER] Đã giải phóng hoàn toàn kết nối Socket vật lý.
2026-05-29 11:53:01 [Thread-4] INFO  c.uet.server.network.ClientHandler - [SERVER] Đã Xóa Client khỏi ClientManager thành công.
2026-05-29 11:55:50 [main] INFO  com.uet.server.network.ServerMain - --- CÓ 1 CLIENT VỪA KẾT NỐI! ---
2026-05-29 11:55:50 [Thread-5] INFO  c.u.s.s.ClientRequestDispatcher - Đang đăng nhập: admin1
2026-05-29 11:55:50 [Thread-5] INFO  com.uet.server.database.dao.UserDAO - [UserDAO] ⏰ Đã cập nhật mốc đăng nhập mới cho user ID: U001
2026-05-29 11:55:55 [Thread-5] INFO  com.uet.server.database.dao.UserDAO - [UserDAO] Đã tải thành công 19 người dùng cho Admin.
2026-05-29 11:55:57 [Thread-5] INFO  c.u.s.service.AuctionRealtimeService - ==> Admin đang yêu cầu tải toàn bộ danh sách phiên đấu giá!
2026-05-29 11:56:07 [Thread-5] INFO  com.uet.server.database.dao.UserDAO - [UserDAO] Đã tải thành công 19 người dùng cho Admin.
2026-05-29 11:56:26 [Thread-5] INFO  c.uet.server.network.ClientHandler - Client ngắt kết nối hoặc có lỗi xảy ra: Connection reset
2026-05-29 11:56:26 [Thread-5] INFO  c.uet.server.network.ClientHandler - [SERVER] Đã giải phóng hoàn toàn kết nối Socket vật lý.
2026-05-29 11:56:26 [Thread-5] INFO  c.uet.server.network.ClientHandler - [SERVER] Đã Xóa Client khỏi ClientManager thành công.
2026-05-29 11:56:57 [main] INFO  com.uet.server.network.ServerMain - --- CÓ 1 CLIENT VỪA KẾT NỐI! ---
2026-05-29 11:56:58 [Thread-6] INFO  c.u.s.s.ClientRequestDispatcher - Đang đăng nhập: admin1
2026-05-29 11:56:58 [Thread-6] INFO  com.uet.server.database.dao.UserDAO - [UserDAO] ⏰ Đã cập nhật mốc đăng nhập mới cho user ID: U001
2026-05-29 11:56:59 [Thread-6] INFO  com.uet.server.database.dao.UserDAO - [UserDAO] Đã tải thành công 19 người dùng cho Admin.
2026-05-29 11:57:01 [Thread-6] INFO  com.uet.server.database.dao.UserDAO - [UserDAO] Đã tải thành công 19 người dùng cho Admin.
2026-05-29 11:57:14 [Thread-6] INFO  c.uet.server.network.ClientHandler - [SERVER] Đã giải phóng hoàn toàn kết nối Socket vật lý.
2026-05-29 11:57:14 [Thread-6] INFO  c.uet.server.network.ClientHandler - [SERVER] Đã Xóa Client khỏi ClientManager thành công.
2026-05-29 11:58:58 [main] INFO  com.uet.server.network.ServerMain - --- CÓ 1 CLIENT VỪA KẾT NỐI! ---
2026-05-29 11:58:58 [Thread-7] INFO  c.u.s.s.ClientRequestDispatcher - Đang đăng nhập: admin1
2026-05-29 11:58:58 [Thread-7] INFO  com.uet.server.database.dao.UserDAO - [UserDAO] ⏰ Đã cập nhật mốc đăng nhập mới cho user ID: U001
2026-05-29 11:59:07 [Thread-7] INFO  c.u.s.service.AuctionRealtimeService - ==> Admin đang yêu cầu tải toàn bộ danh sách phiên đấu giá!
2026-05-29 11:59:08 [Thread-7] INFO  com.uet.server.database.dao.UserDAO - [UserDAO] Đã tải thành công 19 người dùng cho Admin.
2026-05-29 11:59:09 [Thread-7] INFO  c.uet.server.network.ClientHandler - Client ngắt kết nối hoặc có lỗi xảy ra: Connection reset
2026-05-29 11:59:09 [Thread-7] INFO  c.uet.server.network.ClientHandler - [SERVER] Đã giải phóng hoàn toàn kết nối Socket vật lý.
2026-05-29 11:59:09 [Thread-7] INFO  c.uet.server.network.ClientHandler - [SERVER] Đã Xóa Client khỏi ClientManager thành công.
2026-05-29 17:23:16 [main] INFO  com.uet.server.network.ServerMain - --- CÓ 1 CLIENT VỪA KẾT NỐI! ---
2026-05-29 17:23:17 [Thread-8] INFO  c.u.s.s.ClientRequestDispatcher - Đang đăng nhập: admin1
2026-05-29 17:23:17 [Thread-8] INFO  com.uet.server.database.dao.UserDAO - [UserDAO] ⏰ Đã cập nhật mốc đăng nhập mới cho user ID: U001
2026-05-29 17:23:28 [Thread-8] INFO  com.uet.server.database.dao.UserDAO - [UserDAO] Đã tải thành công 19 người dùng cho Admin.
2026-05-29 17:23:34 [Thread-8] INFO  c.u.s.service.AuctionRealtimeService - ==> Admin đang yêu cầu tải toàn bộ danh sách phiên đấu giá!
2026-05-29 17:23:39 [Thread-8] INFO  com.uet.server.database.dao.UserDAO - [Notification] Đã xóa 1 thông báo cũ chứa từ khóa 'Yêu cầu nạp tiền số tiền 10đ của bạn đã được gửi' của User 3846757029
2026-05-29 17:23:39 [Thread-8] INFO  com.uet.server.database.dao.UserDAO - [Notification] Đã tạo thông báo mới cho User 3846757029: Giao dịch nạp tiền thành công
2026-05-29 17:23:57 [Thread-8] INFO  c.u.s.service.AuctionRealtimeService - ==> Admin đang yêu cầu tải toàn bộ danh sách phiên đấu giá!
2026-05-29 17:24:03 [Thread-8] INFO  c.u.s.service.AuctionRealtimeService - ==> Admin đang yêu cầu tải toàn bộ danh sách phiên đấu giá!
2026-05-29 17:24:03 [Thread-8] INFO  c.u.s.service.AuctionRealtimeService - ==> Admin đang yêu cầu tải toàn bộ danh sách phiên đấu giá!
2026-05-29 17:24:20 [Thread-8] INFO  c.u.s.service.AuctionRealtimeService - ==> Admin đang yêu cầu tải toàn bộ danh sách phiên đấu giá!
2026-05-29 17:24:26 [Thread-8] INFO  com.uet.server.database.dao.UserDAO - [UserDAO] Đã tải thành công 19 người dùng cho Admin.
2026-05-29 17:24:51 [Thread-8] INFO  c.u.s.s.ClientRequestDispatcher - [Server] Đã cập nhật trạng thái active = false cho user ID: U004
2026-05-29 17:24:51 [Thread-8] INFO  com.uet.server.database.dao.UserDAO - [UserDAO] Đã tải thành công 19 người dùng cho Admin.
2026-05-29 17:25:00 [Thread-8] INFO  c.u.s.s.ClientRequestDispatcher - [Server] Đã cập nhật trạng thái active = true cho user ID: U004
2026-05-29 17:25:00 [Thread-8] INFO  com.uet.server.database.dao.UserDAO - [UserDAO] Đã tải thành công 19 người dùng cho Admin.
2026-05-29 17:25:02 [Thread-8] INFO  c.uet.server.network.ClientHandler - Client ngắt kết nối hoặc có lỗi xảy ra: Connection reset
2026-05-29 17:25:02 [Thread-8] INFO  c.uet.server.network.ClientHandler - [SERVER] Đã giải phóng hoàn toàn kết nối Socket vật lý.
2026-05-29 17:25:02 [Thread-8] INFO  c.uet.server.network.ClientHandler - [SERVER] Đã Xóa Client khỏi ClientManager thành công.
2026-05-29 18:00:03 [pool-2-thread-1] INFO  com.uet.server.database.dao.UserDAO - [Notification] Đã xóa 1 thông báo cũ chứa từ khóa 'Sản phẩm '1' đã bắt đầu phiên đấu giá' của User 1683432468
2026-05-29 18:00:03 [pool-2-thread-1] INFO  com.uet.server.database.dao.UserDAO - [Notification] Đã tạo thông báo mới cho User 1683432468: Đấu giá kết thúc
2026-05-29 18:00:03 [pool-2-thread-1] INFO  c.uet.server.database.dao.AuctionDAO - [Scheduler] Phiên 9177054523 đã đóng nhưng không có ai mua.
2026-05-29 18:00:03 [pool-2-thread-1] INFO  c.u.server.service.AuctionScheduler - [Scheduler] Phát hiện có thay đổi danh sách phiên đấu giá (Kích hoạt: 0, Kết thúc: 1). Tiến hành Broadcast...
2026-05-30 20:53:30 [main] INFO  c.u.server.service.AuctionScheduler - [Scheduler] Bộ quét thời gian đấu giá tự động đã được kích hoạt!
2026-05-30 20:53:30 [main] INFO  com.uet.server.network.ServerMain - --- SERVER ĐANG CHỜ Ở CỔNG 27915 ---
2026-05-30 20:53:30 [pool-2-thread-1] INFO  c.uet.server.database.DBConnection - DB URL = jdbc:mysql://localhost:3306/auction_system?useSSL=false&allowPublicKeyRetrieval=true&serverTimezone=Asia/Ho_Chi_Minh
2026-05-30 20:53:30 [pool-2-thread-1] INFO  c.uet.server.database.DBConnection - Connected to database successfully!
2026-05-30 20:54:13 [main] INFO  com.uet.server.network.ServerMain - --- CÓ 1 CLIENT VỪA KẾT NỐI! ---
2026-05-30 20:54:13 [Thread-0] INFO  c.u.s.s.ClientRequestDispatcher - Đang đăng nhập: nam
2026-05-30 20:54:19 [Thread-0] INFO  c.u.s.s.ClientRequestDispatcher - Đang đăng nhập: nam
2026-05-30 20:54:19 [Thread-0] WARN  com.uet.server.database.dao.UserDAO - UserDAO: file not found: \root\uploads\avatars\3846757029_9e151168-33b1-4fad-97b4-c71411b402f2.png
2026-05-30 20:54:19 [Thread-0] INFO  com.uet.server.database.dao.UserDAO - [UserDAO] ⏰ Đã cập nhật mốc đăng nhập mới cho user ID: 3846757029
2026-05-30 20:54:30 [Thread-0] WARN  c.uet.server.database.dao.AuctionDAO - Không thể đọc file ảnh sản phẩm từ path: file://D:\root\uploads/products/U004_94883993-ff92-4d1b-9052-4bebea1eb69e.png, lỗi: Illegal char <:> at index 3: /D:\root\uploads/products/U004_94883993-ff92-4d1b-9052-4bebea1eb69e.png
2026-05-30 20:54:30 [Thread-0] WARN  c.uet.server.database.dao.AuctionDAO - Không thể đọc file ảnh sản phẩm từ path: file://D:\root\uploads/products/U004_6020268a-792a-4fc2-bb22-b8ea3f40272b.png, lỗi: Illegal char <:> at index 3: /D:\root\uploads/products/U004_6020268a-792a-4fc2-bb22-b8ea3f40272b.png
2026-05-30 20:54:30 [Thread-0] WARN  c.uet.server.database.dao.AuctionDAO - Không thể đọc file ảnh sản phẩm từ path: file://D:\root\uploads/products/U004_37539db0-ff21-4960-b0b6-b7155dc45046.png, lỗi: Illegal char <:> at index 3: /D:\root\uploads/products/U004_37539db0-ff21-4960-b0b6-b7155dc45046.png
2026-05-30 20:54:30 [Thread-0] WARN  c.uet.server.database.dao.AuctionDAO - Không thể đọc file ảnh sản phẩm từ path: file://D:\root\uploads/products/U004_13fbebc8-3ff3-4177-950d-58131da1231a.png, lỗi: Illegal char <:> at index 3: /D:\root\uploads/products/U004_13fbebc8-3ff3-4177-950d-58131da1231a.png
2026-05-30 20:54:34 [Thread-0] WARN  c.uet.server.database.dao.AuctionDAO - Không thể đọc file ảnh sản phẩm từ path: file://D:\root\uploads/products/U004_94883993-ff92-4d1b-9052-4bebea1eb69e.png, lỗi: Illegal char <:> at index 3: /D:\root\uploads/products/U004_94883993-ff92-4d1b-9052-4bebea1eb69e.png
2026-05-30 20:54:34 [Thread-0] INFO  c.uet.server.database.dao.AuctionDAO - [DELETE] Đã xóa toàn bộ lượt bid liên quan ở bảng bids, ID: 3607859930
2026-05-30 20:54:34 [Thread-0] INFO  c.uet.server.database.dao.AuctionDAO - [DELETE] Đã xóa phiên đấu giá ở bảng auctions, ID: 3607859930
2026-05-30 20:54:34 [Thread-0] INFO  c.uet.server.database.dao.AuctionDAO - [DELETE] Đã xóa sản phẩm ở bảng items thành công, ID: 6647119502
2026-05-30 20:54:34 [Thread-0] INFO  c.uet.server.database.dao.AuctionDAO - [DELETE SUCCESS] Đã dọn dẹp sạch sẽ phiên 3607859930 và sản phẩm 6647119502 khỏi hệ thống!
2026-05-30 20:54:44 [Thread-0] WARN  c.uet.server.database.dao.AuctionDAO - Không thể đọc file ảnh sản phẩm từ path: file://D:\root\uploads/products/U004_6020268a-792a-4fc2-bb22-b8ea3f40272b.png, lỗi: Illegal char <:> at index 3: /D:\root\uploads/products/U004_6020268a-792a-4fc2-bb22-b8ea3f40272b.png
2026-05-30 20:54:44 [Thread-0] WARN  c.uet.server.database.dao.AuctionDAO - Không thể đọc file ảnh sản phẩm từ path: file://D:\root\uploads/products/U004_37539db0-ff21-4960-b0b6-b7155dc45046.png, lỗi: Illegal char <:> at index 3: /D:\root\uploads/products/U004_37539db0-ff21-4960-b0b6-b7155dc45046.png
2026-05-30 20:54:44 [Thread-0] WARN  c.uet.server.database.dao.AuctionDAO - Không thể đọc file ảnh sản phẩm từ path: file://D:\root\uploads/products/U004_13fbebc8-3ff3-4177-950d-58131da1231a.png, lỗi: Illegal char <:> at index 3: /D:\root\uploads/products/U004_13fbebc8-3ff3-4177-950d-58131da1231a.png
2026-05-30 20:54:55 [Thread-0] INFO  c.u.s.s.ClientRequestDispatcher - [Server] Đang xử lý lấy thông báo cho User ID: 3846757029
2026-05-30 20:54:55 [Thread-0] INFO  c.u.s.s.ClientRequestDispatcher - [Server] Đã tìm thấy 2 thông báo trong DB của User: 3846757029
2026-05-30 20:54:55 [Thread-0] INFO  c.u.s.s.ClientRequestDispatcher - [Server] Đã bắn gói tin phản hồi thành công về Client.
2026-05-30 20:55:06 [Thread-0] INFO  c.uet.server.network.ClientHandler - Client ngắt kết nối hoặc có lỗi xảy ra: Connection reset
2026-05-30 20:55:06 [Thread-0] INFO  c.uet.server.network.ClientHandler - [SERVER] Đã giải phóng hoàn toàn kết nối Socket vật lý.
2026-05-30 20:55:06 [Thread-0] INFO  c.uet.server.network.ClientHandler - [SERVER] Đã Xóa Client khỏi ClientManager thành công.
2026-05-30 21:06:54 [main] INFO  com.uet.server.network.ServerMain - --- CÓ 1 CLIENT VỪA KẾT NỐI! ---
2026-05-30 21:06:54 [Thread-1] INFO  c.u.s.s.ClientRequestDispatcher - Đang đăng nhập: nam
2026-05-30 21:06:55 [Thread-1] WARN  com.uet.server.database.dao.UserDAO - UserDAO: file not found: \root\uploads\avatars\3846757029_9e151168-33b1-4fad-97b4-c71411b402f2.png
2026-05-30 21:06:55 [Thread-1] INFO  com.uet.server.database.dao.UserDAO - [UserDAO] ⏰ Đã cập nhật mốc đăng nhập mới cho user ID: 3846757029
2026-05-30 21:08:25 [Thread-1] INFO  c.uet.server.network.ClientHandler - Client ngắt kết nối hoặc có lỗi xảy ra: Connection reset
2026-05-30 21:08:25 [Thread-1] INFO  c.uet.server.network.ClientHandler - [SERVER] Đã giải phóng hoàn toàn kết nối Socket vật lý.
2026-05-30 21:08:25 [Thread-1] INFO  c.uet.server.network.ClientHandler - [SERVER] Đã Xóa Client khỏi ClientManager thành công.
2026-05-30 21:08:33 [main] INFO  com.uet.server.network.ServerMain - --- CÓ 1 CLIENT VỪA KẾT NỐI! ---
2026-05-30 21:08:33 [Thread-2] INFO  c.u.s.s.ClientRequestDispatcher - Đang đăng nhập: nam
2026-05-30 21:08:33 [Thread-2] WARN  com.uet.server.database.dao.UserDAO - UserDAO: file not found: \root\uploads\avatars\3846757029_9e151168-33b1-4fad-97b4-c71411b402f2.png
2026-05-30 21:08:33 [Thread-2] INFO  com.uet.server.database.dao.UserDAO - [UserDAO] ⏰ Đã cập nhật mốc đăng nhập mới cho user ID: 3846757029
2026-05-30 21:08:41 [Thread-2] INFO  c.uet.server.network.ClientHandler - Client ngắt kết nối hoặc có lỗi xảy ra: Connection reset
2026-05-30 21:08:41 [Thread-2] INFO  c.uet.server.network.ClientHandler - [SERVER] Đã giải phóng hoàn toàn kết nối Socket vật lý.
2026-05-30 21:08:41 [Thread-2] INFO  c.uet.server.network.ClientHandler - [SERVER] Đã Xóa Client khỏi ClientManager thành công.
2026-05-30 21:08:50 [main] INFO  com.uet.server.network.ServerMain - --- CÓ 1 CLIENT VỪA KẾT NỐI! ---
2026-05-30 21:08:50 [Thread-3] INFO  c.u.s.s.ClientRequestDispatcher - Đang đăng nhập: nam
2026-05-30 21:08:50 [Thread-3] WARN  com.uet.server.database.dao.UserDAO - UserDAO: file not found: \root\uploads\avatars\3846757029_9e151168-33b1-4fad-97b4-c71411b402f2.png
2026-05-30 21:08:50 [Thread-3] INFO  com.uet.server.database.dao.UserDAO - [UserDAO] ⏰ Đã cập nhật mốc đăng nhập mới cho user ID: 3846757029
2026-05-30 21:08:53 [Thread-3] WARN  c.uet.server.database.dao.AuctionDAO - Không thể đọc file ảnh sản phẩm từ path: file://D:\root\uploads/products/U004_6020268a-792a-4fc2-bb22-b8ea3f40272b.png, lỗi: Illegal char <:> at index 3: /D:\root\uploads/products/U004_6020268a-792a-4fc2-bb22-b8ea3f40272b.png
2026-05-30 21:08:53 [Thread-3] WARN  c.uet.server.database.dao.AuctionDAO - Không thể đọc file ảnh sản phẩm từ path: file://D:\root\uploads/products/U004_37539db0-ff21-4960-b0b6-b7155dc45046.png, lỗi: Illegal char <:> at index 3: /D:\root\uploads/products/U004_37539db0-ff21-4960-b0b6-b7155dc45046.png
2026-05-30 21:08:53 [Thread-3] WARN  c.uet.server.database.dao.AuctionDAO - Không thể đọc file ảnh sản phẩm từ path: file://D:\root\uploads/products/U004_13fbebc8-3ff3-4177-950d-58131da1231a.png, lỗi: Illegal char <:> at index 3: /D:\root\uploads/products/U004_13fbebc8-3ff3-4177-950d-58131da1231a.png
2026-05-30 21:08:59 [Thread-3] INFO  c.uet.server.network.ClientHandler - Client ngắt kết nối hoặc có lỗi xảy ra: Connection reset
2026-05-30 21:08:59 [Thread-3] INFO  c.uet.server.network.ClientHandler - [SERVER] Đã giải phóng hoàn toàn kết nối Socket vật lý.
2026-05-30 21:08:59 [Thread-3] INFO  c.uet.server.network.ClientHandler - [SERVER] Đã Xóa Client khỏi ClientManager thành công.
2026-05-30 21:10:49 [main] INFO  com.uet.server.network.ServerMain - --- CÓ 1 CLIENT VỪA KẾT NỐI! ---
2026-05-30 21:10:49 [Thread-4] INFO  c.u.s.s.ClientRequestDispatcher - Đang đăng nhập: 1
2026-05-30 21:10:49 [Thread-4] INFO  com.uet.server.database.dao.UserDAO - [UserDAO] ⏰ Đã cập nhật mốc đăng nhập mới cho user ID: 1683432468
2026-05-30 21:10:58 [Thread-4] INFO  c.uet.server.network.ClientHandler - Client ngắt kết nối hoặc có lỗi xảy ra: Connection reset
2026-05-30 21:10:58 [Thread-4] INFO  c.uet.server.network.ClientHandler - [SERVER] Đã giải phóng hoàn toàn kết nối Socket vật lý.
2026-05-30 21:10:58 [Thread-4] INFO  c.uet.server.network.ClientHandler - [SERVER] Đã Xóa Client khỏi ClientManager thành công.
2026-05-30 21:12:25 [main] INFO  com.uet.server.network.ServerMain - --- CÓ 1 CLIENT VỪA KẾT NỐI! ---
2026-05-30 21:12:25 [Thread-5] INFO  c.u.s.s.ClientRequestDispatcher - Đang đăng nhập: 1
2026-05-30 21:12:25 [Thread-5] INFO  com.uet.server.database.dao.UserDAO - [UserDAO] ⏰ Đã cập nhật mốc đăng nhập mới cho user ID: 1683432468
2026-05-30 21:13:09 [Thread-5] INFO  c.uet.server.network.ClientHandler - [SERVER] Đã giải phóng hoàn toàn kết nối Socket vật lý.
2026-05-30 21:13:09 [Thread-5] INFO  c.uet.server.network.ClientHandler - [SERVER] Đã Xóa Client khỏi ClientManager thành công.
2026-05-30 21:13:14 [main] INFO  com.uet.server.network.ServerMain - --- CÓ 1 CLIENT VỪA KẾT NỐI! ---
2026-05-30 21:13:14 [Thread-6] INFO  c.u.s.s.ClientRequestDispatcher - Đang đăng nhập: 1
2026-05-30 21:13:16 [Thread-6] INFO  c.u.s.s.ClientRequestDispatcher - Đang đăng nhập: 1
2026-05-30 21:13:16 [Thread-6] INFO  com.uet.server.database.dao.UserDAO - [UserDAO] ⏰ Đã cập nhật mốc đăng nhập mới cho user ID: 1683432468
2026-05-30 21:13:22 [Thread-6] WARN  c.uet.server.network.ClientHandler - Server: Không thể gửi phản hồi do Client đã chủ động ngắt kết nối vật lý (Đăng xuất/Tắt app).
2026-05-30 21:13:22 [Thread-6] INFO  c.uet.server.network.ClientHandler - [SERVER] Đã giải phóng hoàn toàn kết nối Socket vật lý.
2026-05-30 21:13:22 [Thread-6] INFO  c.uet.server.network.ClientHandler - [SERVER] Đã Xóa Client khỏi ClientManager thành công.
2026-05-30 21:13:27 [main] INFO  com.uet.server.network.ServerMain - --- CÓ 1 CLIENT VỪA KẾT NỐI! ---
2026-05-30 21:13:27 [Thread-7] INFO  c.u.s.s.ClientRequestDispatcher - Đang đăng nhập: 1
2026-05-30 21:13:27 [Thread-7] INFO  com.uet.server.database.dao.UserDAO - [UserDAO] ⏰ Đã cập nhật mốc đăng nhập mới cho user ID: 1683432468
2026-05-30 21:14:12 [Thread-7] WARN  c.uet.server.database.dao.AuctionDAO - Không thể đọc file ảnh sản phẩm từ path: file://D:\root\uploads/products/1683432468_9f521ee6-1e5d-4c39-b0f9-75ef1dd6e4ef.png, lỗi: Illegal char <:> at index 3: /D:\root\uploads/products/1683432468_9f521ee6-1e5d-4c39-b0f9-75ef1dd6e4ef.png
2026-05-30 21:14:20 [Thread-7] WARN  c.uet.server.database.dao.AuctionDAO - Không thể đọc file ảnh sản phẩm từ path: file://D:\root\uploads/products/1683432468_9f521ee6-1e5d-4c39-b0f9-75ef1dd6e4ef.png, lỗi: Illegal char <:> at index 3: /D:\root\uploads/products/1683432468_9f521ee6-1e5d-4c39-b0f9-75ef1dd6e4ef.png
2026-05-30 21:14:20 [Thread-7] INFO  c.uet.server.database.dao.AuctionDAO - [DELETE] Đã xóa toàn bộ lượt bid liên quan ở bảng bids, ID: 9177054523
2026-05-30 21:14:20 [Thread-7] INFO  c.uet.server.database.dao.AuctionDAO - [DELETE] Đã xóa phiên đấu giá ở bảng auctions, ID: 9177054523
2026-05-30 21:14:20 [Thread-7] INFO  c.uet.server.database.dao.AuctionDAO - [DELETE] Đã xóa sản phẩm ở bảng items thành công, ID: 3241424769
2026-05-30 21:14:20 [Thread-7] INFO  c.uet.server.database.dao.AuctionDAO - [DELETE SUCCESS] Đã dọn dẹp sạch sẽ phiên 9177054523 và sản phẩm 3241424769 khỏi hệ thống!
2026-05-30 21:14:26 [Thread-7] INFO  c.u.s.s.ClientRequestDispatcher - [Server] Đang xử lý lấy thông báo cho User ID: 1683432468
2026-05-30 21:14:26 [Thread-7] INFO  c.u.s.s.ClientRequestDispatcher - [Server] Đã tìm thấy 2 thông báo trong DB của User: 1683432468
2026-05-30 21:14:26 [Thread-7] INFO  c.u.s.s.ClientRequestDispatcher - [Server] Đã bắn gói tin phản hồi thành công về Client.
2026-05-30 21:18:47 [Thread-7] INFO  c.uet.server.network.ClientHandler - Client ngắt kết nối hoặc có lỗi xảy ra: Connection reset
2026-05-30 21:18:47 [Thread-7] INFO  c.uet.server.network.ClientHandler - [SERVER] Đã giải phóng hoàn toàn kết nối Socket vật lý.
2026-05-30 21:18:47 [Thread-7] INFO  c.uet.server.network.ClientHandler - [SERVER] Đã Xóa Client khỏi ClientManager thành công.
2026-05-30 21:18:59 [main] INFO  com.uet.server.network.ServerMain - --- CÓ 1 CLIENT VỪA KẾT NỐI! ---
2026-05-30 21:18:59 [Thread-8] INFO  c.u.s.s.ClientRequestDispatcher - Đang đăng nhập: 1
2026-05-30 21:18:59 [Thread-8] INFO  com.uet.server.database.dao.UserDAO - [UserDAO] ⏰ Đã cập nhật mốc đăng nhập mới cho user ID: 1683432468
2026-05-30 21:19:12 [Thread-8] INFO  c.uet.server.network.ClientHandler - Client ngắt kết nối hoặc có lỗi xảy ra: Connection reset
2026-05-30 21:19:12 [Thread-8] INFO  c.uet.server.network.ClientHandler - [SERVER] Đã giải phóng hoàn toàn kết nối Socket vật lý.
2026-05-30 21:19:12 [Thread-8] INFO  c.uet.server.network.ClientHandler - [SERVER] Đã Xóa Client khỏi ClientManager thành công.
2026-05-30 22:08:20 [main] INFO  c.u.server.service.AuctionScheduler - [Scheduler] Bộ quét thời gian đấu giá tự động đã được kích hoạt!
2026-05-30 22:08:20 [main] INFO  com.uet.server.network.ServerMain - --- SERVER ĐANG CHỜ Ở CỔNG 27915 ---
2026-05-30 22:08:21 [pool-2-thread-1] INFO  c.uet.server.database.DBConnection - Connected to database successfully!
2026-05-30 22:08:33 [main] INFO  com.uet.server.network.ServerMain - --- CÓ 1 CLIENT VỪA KẾT NỐI! ---
2026-05-30 22:08:33 [Thread-0] INFO  c.u.s.s.ClientRequestDispatcher - Đang đăng nhập: 1
2026-05-30 22:08:33 [Thread-0] INFO  com.uet.server.database.dao.UserDAO - [UserDAO] ⏰ Đã cập nhật mốc đăng nhập mới cho user ID: 1683432468
2026-05-30 22:08:56 [Thread-0] INFO  c.uet.server.service.AuctionService - [SERVER] Đã lưu ảnh sản phẩm chờ duyệt tại path: file://D:\root\uploads/products/1683432468_af6a8c87-3017-4934-a942-ec87220b29dd.png
2026-05-30 22:08:56 [Thread-0] INFO  c.uet.server.database.dao.AuctionDAO - [DATABASE SUCCESS] Tạo thành công Item ID: 9184163148 và Auction ID: 1573672628
2026-05-30 22:08:56 [Thread-0] INFO  c.uet.server.service.AuctionService - [SERVER] Sản phẩm của User 1683432468 đang ở trạng thái PENDING.
2026-05-30 22:08:56 [Thread-0] INFO  com.uet.server.database.dao.UserDAO - [Notification] Đã tạo thông báo mới cho User 1683432468: Chờ duyệt sản phẩm
2026-05-30 22:09:00 [Thread-0] INFO  c.u.s.s.ClientRequestDispatcher - [Server] Đang xử lý lấy thông báo cho User ID: 1683432468
2026-05-30 22:09:00 [Thread-0] INFO  c.u.s.s.ClientRequestDispatcher - [Server] Đã tìm thấy 3 thông báo trong DB của User: 1683432468
2026-05-30 22:09:00 [Thread-0] INFO  c.u.s.s.ClientRequestDispatcher - [Server] Đã bắn gói tin phản hồi thành công về Client.
2026-05-30 22:09:10 [Thread-0] WARN  c.uet.server.database.dao.AuctionDAO - Không thể đọc file ảnh sản phẩm từ path: file://D:\root\uploads/products/1683432468_af6a8c87-3017-4934-a942-ec87220b29dd.png, lỗi: Illegal char <:> at index 3: /D:\root\uploads/products/1683432468_af6a8c87-3017-4934-a942-ec87220b29dd.png
2026-05-30 22:09:12 [Thread-0] WARN  c.uet.server.database.dao.AuctionDAO - Không thể đọc file ảnh sản phẩm từ path: file://D:\root\uploads/products/1683432468_af6a8c87-3017-4934-a942-ec87220b29dd.png, lỗi: Illegal char <:> at index 3: /D:\root\uploads/products/1683432468_af6a8c87-3017-4934-a942-ec87220b29dd.png
2026-05-30 22:09:15 [Thread-0] INFO  c.u.s.s.ClientRequestDispatcher - [Server] Nhận yêu cầu chỉnh sửa sản phẩm ID: 1573672628
2026-05-30 22:09:15 [Thread-0] INFO  c.uet.server.database.dao.AuctionDAO - [DATABASE SUCCESS] Cập nhật thành công Auction ID: 1573672628
2026-05-30 22:09:17 [Thread-0] WARN  c.uet.server.database.dao.AuctionDAO - Không thể đọc file ảnh sản phẩm từ path: file://D:\root\uploads/products/1683432468_af6a8c87-3017-4934-a942-ec87220b29dd.png, lỗi: Illegal char <:> at index 3: /D:\root\uploads/products/1683432468_af6a8c87-3017-4934-a942-ec87220b29dd.png
2026-05-30 22:09:25 [Thread-0] WARN  c.uet.server.database.dao.AuctionDAO - Không thể đọc file ảnh sản phẩm từ path: file://D:\root\uploads/products/1683432468_af6a8c87-3017-4934-a942-ec87220b29dd.png, lỗi: Illegal char <:> at index 3: /D:\root\uploads/products/1683432468_af6a8c87-3017-4934-a942-ec87220b29dd.png
2026-05-30 22:09:30 [Thread-0] INFO  c.u.s.s.ClientRequestDispatcher - [Server] Đang xử lý lấy thông báo cho User ID: 1683432468
2026-05-30 22:09:30 [Thread-0] INFO  c.u.s.s.ClientRequestDispatcher - [Server] Đã tìm thấy 3 thông báo trong DB của User: 1683432468
2026-05-30 22:09:30 [Thread-0] INFO  c.u.s.s.ClientRequestDispatcher - [Server] Đã bắn gói tin phản hồi thành công về Client.
2026-05-30 22:11:28 [Thread-0] WARN  c.uet.server.database.dao.AuctionDAO - Không thể đọc file ảnh sản phẩm từ path: file://D:\root\uploads/products/1683432468_af6a8c87-3017-4934-a942-ec87220b29dd.png, lỗi: Illegal char <:> at index 3: /D:\root\uploads/products/1683432468_af6a8c87-3017-4934-a942-ec87220b29dd.png
2026-05-30 22:11:35 [Thread-0] INFO  c.uet.server.network.ClientHandler - Client ngắt kết nối hoặc có lỗi xảy ra: Connection reset
2026-05-30 22:11:35 [Thread-0] INFO  c.uet.server.network.ClientHandler - [SERVER] Đã giải phóng hoàn toàn kết nối Socket vật lý.
2026-05-30 22:11:35 [Thread-0] INFO  c.uet.server.network.ClientHandler - [SERVER] Đã Xóa Client khỏi ClientManager thành công.
2026-05-30 22:11:43 [main] INFO  com.uet.server.network.ServerMain - --- CÓ 1 CLIENT VỪA KẾT NỐI! ---
2026-05-30 22:11:43 [Thread-1] INFO  c.u.s.s.ClientRequestDispatcher - Đang đăng nhập: admin1
2026-05-30 22:11:43 [Thread-1] INFO  com.uet.server.database.dao.UserDAO - [UserDAO] ⏰ Đã cập nhật mốc đăng nhập mới cho user ID: U001
2026-05-30 22:11:45 [Thread-1] INFO  c.u.s.service.AuctionRealtimeService - ==> Admin đang yêu cầu tải toàn bộ danh sách phiên đấu giá!
2026-05-30 22:11:46 [Thread-1] INFO  com.uet.server.database.dao.UserDAO - [Notification] Đã xóa 1 thông báo cũ chứa từ khóa 'Sản phẩm '1' đang chờ Admin duyệt' của User 1683432468
2026-05-30 22:11:46 [Thread-1] INFO  com.uet.server.database.dao.UserDAO - [Notification] Đã tạo thông báo mới cho User 1683432468: Sản phẩm đã duyệt
2026-05-30 22:11:46 [Thread-1] INFO  c.uet.server.database.dao.AuctionDAO - [Scheduler] Đã kích hoạt 1 phiên đấu giá sang trạng thái RUNNING!
2026-05-30 22:11:46 [Thread-1] INFO  com.uet.server.database.dao.UserDAO - [Notification] Đã xóa 1 thông báo cũ chứa từ khóa 'Sản phẩm '1' đã được phê duyệt' của User 1683432468
2026-05-30 22:11:46 [Thread-1] INFO  com.uet.server.database.dao.UserDAO - [Notification] Đã tạo thông báo mới cho User 1683432468: Đang đấu giá
2026-05-30 22:11:46 [Thread-1] INFO  c.u.s.service.AuctionRealtimeService - [Approve] Đã kích hoạt trực tiếp 1 phiên đấu giá sang RUNNING. Tiến hành phát sóng...
2026-05-30 22:11:46 [Thread-1] WARN  c.uet.server.database.dao.AuctionDAO - Không thể đọc file ảnh sản phẩm từ path: file://D:\root\uploads/products/1683432468_af6a8c87-3017-4934-a942-ec87220b29dd.png, lỗi: Illegal char <:> at index 3: /D:\root\uploads/products/1683432468_af6a8c87-3017-4934-a942-ec87220b29dd.png
2026-05-30 22:11:46 [Thread-1] INFO  c.u.s.service.AuctionRealtimeService - ==> Admin đang yêu cầu tải toàn bộ danh sách phiên đấu giá!
2026-05-30 22:11:47 [Thread-1] INFO  c.uet.server.network.ClientHandler - [SERVER] Đã giải phóng hoàn toàn kết nối Socket vật lý.
2026-05-30 22:11:47 [Thread-1] INFO  c.uet.server.network.ClientHandler - [SERVER] Đã Xóa Client khỏi ClientManager thành công.
2026-05-30 22:11:52 [main] INFO  com.uet.server.network.ServerMain - --- CÓ 1 CLIENT VỪA KẾT NỐI! ---
2026-05-30 22:11:52 [Thread-2] INFO  c.u.s.s.ClientRequestDispatcher - Đang đăng nhập: 1
2026-05-30 22:11:57 [Thread-2] INFO  c.u.s.s.ClientRequestDispatcher - Đang đăng nhập: 1
2026-05-30 22:11:57 [Thread-2] INFO  com.uet.server.database.dao.UserDAO - [UserDAO] ⏰ Đã cập nhật mốc đăng nhập mới cho user ID: 1683432468
2026-05-30 22:11:57 [Thread-2] WARN  c.uet.server.database.dao.AuctionDAO - Không thể đọc file ảnh sản phẩm từ path: file://D:\root\uploads/products/1683432468_af6a8c87-3017-4934-a942-ec87220b29dd.png, lỗi: Illegal char <:> at index 3: /D:\root\uploads/products/1683432468_af6a8c87-3017-4934-a942-ec87220b29dd.png
2026-05-30 22:11:59 [Thread-2] INFO  c.uet.server.network.ClientManager - Client joined auction: 1573672628
2026-05-30 22:11:59 [Thread-2] WARN  c.uet.server.database.dao.AuctionDAO - Không thể đọc file ảnh sản phẩm từ path: file://D:\root\uploads/products/1683432468_af6a8c87-3017-4934-a942-ec87220b29dd.png, lỗi: Illegal char <:> at index 3: /D:\root\uploads/products/1683432468_af6a8c87-3017-4934-a942-ec87220b29dd.png
2026-05-30 22:11:59 [pool-1-thread-1] INFO  c.uet.server.network.ClientManager - Gửi cập nhật ngay cho 1 client đang xem auction: 1573672628
2026-05-30 22:12:01 [pool-1-thread-1] INFO  c.uet.server.network.ClientManager - Gửi cập nhật ngay cho 1 client đang xem auction: 1573672628
2026-05-30 22:12:02 [pool-1-thread-1] INFO  c.uet.server.network.ClientManager - Gửi cập nhật ngay cho 1 client đang xem auction: 1573672628
2026-05-30 22:12:04 [pool-1-thread-1] INFO  c.uet.server.network.ClientManager - Gửi cập nhật ngay cho 1 client đang xem auction: 1573672628
2026-05-30 22:12:05 [pool-1-thread-1] INFO  c.uet.server.network.ClientManager - Gửi cập nhật ngay cho 1 client đang xem auction: 1573672628
2026-05-30 22:12:07 [pool-1-thread-1] INFO  c.uet.server.network.ClientManager - Gửi cập nhật ngay cho 1 client đang xem auction: 1573672628
2026-05-30 22:12:08 [pool-1-thread-1] INFO  c.uet.server.network.ClientManager - Gửi cập nhật ngay cho 1 client đang xem auction: 1573672628
2026-05-30 22:12:10 [Thread-2] INFO  c.uet.server.network.ClientManager - Client left auction: 1573672628
2026-05-30 22:12:10 [Thread-2] WARN  c.uet.server.database.dao.AuctionDAO - Không thể đọc file ảnh sản phẩm từ path: file://D:\root\uploads/products/1683432468_af6a8c87-3017-4934-a942-ec87220b29dd.png, lỗi: Illegal char <:> at index 3: /D:\root\uploads/products/1683432468_af6a8c87-3017-4934-a942-ec87220b29dd.png
2026-05-30 22:12:13 [Thread-2] INFO  c.u.s.s.ClientRequestDispatcher - [Server] Đang xử lý lấy thông báo cho User ID: 1683432468
2026-05-30 22:12:13 [Thread-2] INFO  c.u.s.s.ClientRequestDispatcher - [Server] Đã tìm thấy 3 thông báo trong DB của User: 1683432468
2026-05-30 22:12:13 [Thread-2] INFO  c.u.s.s.ClientRequestDispatcher - [Server] Đã bắn gói tin phản hồi thành công về Client.
2026-05-30 22:12:17 [Thread-2] INFO  c.uet.server.network.ClientHandler - Client ngắt kết nối hoặc có lỗi xảy ra: Connection reset
2026-05-30 22:12:17 [Thread-2] INFO  c.uet.server.network.ClientHandler - [SERVER] Đã giải phóng hoàn toàn kết nối Socket vật lý.
2026-05-30 22:12:17 [Thread-2] INFO  c.uet.server.network.ClientHandler - [SERVER] Đã Xóa Client khỏi ClientManager thành công.
2026-05-30 22:14:19 [main] INFO  com.uet.server.network.ServerMain - --- CÓ 1 CLIENT VỪA KẾT NỐI! ---
2026-05-30 22:14:19 [Thread-3] INFO  c.u.s.s.ClientRequestDispatcher - Đang đăng nhập: admin1
2026-05-30 22:14:19 [Thread-3] INFO  com.uet.server.database.dao.UserDAO - [UserDAO] ⏰ Đã cập nhật mốc đăng nhập mới cho user ID: U001
2026-05-30 22:34:52 [main] INFO  c.u.server.service.AuctionScheduler - [Scheduler] Bộ quét thời gian đấu giá tự động đã được kích hoạt!
2026-05-30 22:34:52 [main] INFO  com.uet.server.network.ServerMain - --- SERVER ĐANG CHỜ Ở CỔNG 27915 ---
2026-05-30 22:34:52 [pool-2-thread-1] INFO  c.uet.server.database.DBConnection - Connected to database successfully!
2026-05-30 22:35:08 [main] INFO  com.uet.server.network.ServerMain - --- CÓ 1 CLIENT VỪA KẾT NỐI! ---
2026-05-30 22:35:08 [Thread-0] INFO  c.u.s.s.ClientRequestDispatcher - Đang đăng nhập: admin1
2026-05-30 22:35:08 [Thread-0] INFO  com.uet.server.database.dao.UserDAO - [UserDAO] ⏰ Đã cập nhật mốc đăng nhập mới cho user ID: U001
2026-05-30 22:35:13 [Thread-0] INFO  com.uet.server.database.dao.UserDAO - [UserDAO] Đã tải thành công 19 người dùng cho Admin.
2026-05-30 22:35:14 [Thread-0] INFO  c.u.s.service.AuctionRealtimeService - ==> Admin đang yêu cầu tải toàn bộ danh sách phiên đấu giá!
2026-05-30 22:35:14 [Thread-0] INFO  com.uet.server.database.dao.UserDAO - [UserDAO] Đã tải thành công 19 người dùng cho Admin.
2026-05-30 22:35:15 [Thread-0] INFO  com.uet.server.database.dao.UserDAO - [UserDAO] Đã tải thành công 19 người dùng cho Admin.
2026-05-30 22:35:16 [Thread-0] INFO  c.u.s.service.AuctionRealtimeService - ==> Admin đang yêu cầu tải toàn bộ danh sách phiên đấu giá!
2026-05-30 22:35:16 [Thread-0] INFO  com.uet.server.database.dao.UserDAO - [UserDAO] Đã tải thành công 19 người dùng cho Admin.
2026-05-30 22:35:21 [Thread-0] INFO  c.u.s.service.AuctionRealtimeService - ==> Admin đang yêu cầu tải toàn bộ danh sách phiên đấu giá!
2026-05-30 22:35:30 [Thread-0] INFO  c.u.s.service.AuctionRealtimeService - ==> Admin đang yêu cầu tải toàn bộ danh sách phiên đấu giá!
2026-05-30 22:38:36 [main] INFO  c.u.server.service.AuctionScheduler - [Scheduler] Bộ quét thời gian đấu giá tự động đã được kích hoạt!
2026-05-30 22:38:36 [main] INFO  com.uet.server.network.ServerMain - --- SERVER ĐANG CHỜ Ở CỔNG 27915 ---
2026-05-30 22:38:36 [pool-2-thread-1] INFO  c.uet.server.database.DBConnection - Connected to database successfully!
2026-05-30 22:39:21 [main] INFO  com.uet.server.network.ServerMain - --- CÓ 1 CLIENT VỪA KẾT NỐI! ---
2026-05-30 22:39:21 [Thread-0] INFO  c.u.s.s.ClientRequestDispatcher - Đang đăng nhập: admin1
2026-05-30 22:39:21 [Thread-0] INFO  com.uet.server.database.dao.UserDAO - [UserDAO] ⏰ Đã cập nhật mốc đăng nhập mới cho user ID: U001
2026-05-30 22:39:23 [Thread-0] INFO  c.uet.server.network.ClientHandler - Client ngắt kết nối hoặc có lỗi xảy ra: Connection reset
2026-05-30 22:39:23 [Thread-0] INFO  c.uet.server.network.ClientHandler - [SERVER] Đã giải phóng hoàn toàn kết nối Socket vật lý.
2026-05-30 22:39:23 [Thread-0] INFO  c.uet.server.network.ClientHandler - [SERVER] Đã Xóa Client khỏi ClientManager thành công.
2026-05-30 22:41:34 [main] INFO  com.uet.server.network.ServerMain - --- CÓ 1 CLIENT VỪA KẾT NỐI! ---
2026-05-30 22:41:34 [Thread-1] INFO  c.u.s.s.ClientRequestDispatcher - Đang đăng nhập: admin1
2026-05-30 22:41:34 [Thread-1] INFO  com.uet.server.database.dao.UserDAO - [UserDAO] ⏰ Đã cập nhật mốc đăng nhập mới cho user ID: U001
2026-05-30 22:41:37 [Thread-1] INFO  com.uet.server.database.dao.UserDAO - [UserDAO] Đã tải thành công 19 người dùng cho Admin.
2026-05-30 22:41:39 [Thread-1] INFO  com.uet.server.database.dao.UserDAO - [UserDAO] Đã tải thành công 19 người dùng cho Admin.
2026-05-30 22:49:14 [main] INFO  com.uet.server.network.ServerMain - --- CÓ 1 CLIENT VỪA KẾT NỐI! ---
2026-05-30 22:49:14 [Thread-2] INFO  c.u.s.s.ClientRequestDispatcher - Đang đăng nhập: nam
2026-05-30 22:49:16 [Thread-2] INFO  c.u.s.s.ClientRequestDispatcher - Đang đăng nhập: nam
2026-05-30 22:49:19 [Thread-2] INFO  c.u.s.s.ClientRequestDispatcher - Đang đăng nhập: nam
2026-05-30 22:49:26 [Thread-2] INFO  c.u.s.s.ClientRequestDispatcher - Đang đăng nhập: nam
2026-05-30 22:49:33 [Thread-2] INFO  c.u.s.s.ClientRequestDispatcher - Đang đăng nhập: 1
2026-05-30 22:49:33 [Thread-2] INFO  com.uet.server.database.dao.UserDAO - [UserDAO] ⏰ Đã cập nhật mốc đăng nhập mới cho user ID: 1683432468
2026-05-30 22:49:33 [Thread-2] WARN  c.uet.server.database.dao.AuctionDAO - Không thể đọc file ảnh sản phẩm từ path: file://D:\root\uploads/products/1683432468_af6a8c87-3017-4934-a942-ec87220b29dd.png, lỗi: Illegal char <:> at index 3: /D:\root\uploads/products/1683432468_af6a8c87-3017-4934-a942-ec87220b29dd.png
2026-05-30 22:49:39 [Thread-2] INFO  c.uet.server.network.ClientHandler - Client ngắt kết nối hoặc có lỗi xảy ra: Connection reset
2026-05-30 22:49:39 [Thread-2] INFO  c.uet.server.network.ClientHandler - [SERVER] Đã giải phóng hoàn toàn kết nối Socket vật lý.
2026-05-30 22:49:39 [Thread-2] INFO  c.uet.server.network.ClientHandler - [SERVER] Đã Xóa Client khỏi ClientManager thành công.
2026-05-30 23:05:58 [Thread-1] INFO  c.uet.server.network.ClientHandler - [SERVER] Đã giải phóng hoàn toàn kết nối Socket vật lý.
2026-05-30 23:05:58 [Thread-1] INFO  c.uet.server.network.ClientHandler - [SERVER] Đã Xóa Client khỏi ClientManager thành công.
2026-05-30 23:06:07 [main] INFO  com.uet.server.network.ServerMain - --- CÓ 1 CLIENT VỪA KẾT NỐI! ---
2026-05-30 23:06:07 [Thread-3] INFO  c.u.s.s.ClientRequestDispatcher - Đang đăng nhập: admin1
2026-05-30 23:06:07 [Thread-3] INFO  com.uet.server.database.dao.UserDAO - [UserDAO] ⏰ Đã cập nhật mốc đăng nhập mới cho user ID: U001
2026-05-30 23:06:09 [Thread-3] INFO  com.uet.server.database.dao.UserDAO - [UserDAO] Đã tải thành công 19 người dùng cho Admin.
2026-05-30 23:07:09 [Thread-3] INFO  c.u.s.service.AuctionRealtimeService - ==> Admin đang yêu cầu tải toàn bộ danh sách phiên đấu giá!
2026-05-30 23:07:09 [Thread-3] INFO  com.uet.server.database.dao.UserDAO - [UserDAO] Đã tải thành công 19 người dùng cho Admin.
2026-05-30 23:07:11 [Thread-3] INFO  c.uet.server.network.ClientHandler - Client ngắt kết nối hoặc có lỗi xảy ra: Connection reset
2026-05-30 23:07:11 [Thread-3] INFO  c.uet.server.network.ClientHandler - [SERVER] Đã giải phóng hoàn toàn kết nối Socket vật lý.
2026-05-30 23:07:11 [Thread-3] INFO  c.uet.server.network.ClientHandler - [SERVER] Đã Xóa Client khỏi ClientManager thành công.
2026-05-31 07:37:56 [main] INFO  c.u.server.service.AuctionScheduler - [Scheduler] Bộ quét thời gian đấu giá tự động đã được kích hoạt!
2026-05-31 07:37:56 [main] INFO  com.uet.server.network.ServerMain - --- SERVER ĐANG CHỜ Ở CỔNG 27915 ---
2026-05-31 07:37:56 [pool-2-thread-1] INFO  c.uet.server.database.DBConnection - Connected to database successfully!
2026-05-31 07:38:03 [main] INFO  com.uet.server.network.ServerMain - --- CÓ 1 CLIENT VỪA KẾT NỐI! ---
2026-05-31 07:38:04 [Thread-0] INFO  c.u.s.s.ClientRequestDispatcher - Đang đăng nhập: nam
2026-05-31 07:38:04 [Thread-0] WARN  com.uet.server.database.dao.UserDAO - UserDAO: file not found: \root\uploads\avatars\3846757029_9e151168-33b1-4fad-97b4-c71411b402f2.png
2026-05-31 07:38:04 [Thread-0] INFO  com.uet.server.database.dao.UserDAO - [UserDAO] ⏰ Đã cập nhật mốc đăng nhập mới cho user ID: 3846757029
2026-05-31 07:38:04 [Thread-0] WARN  c.uet.server.database.dao.AuctionDAO - Không thể đọc file ảnh sản phẩm từ path: file://D:\root\uploads/products/1683432468_af6a8c87-3017-4934-a942-ec87220b29dd.png, lỗi: Illegal char <:> at index 3: /D:\root\uploads/products/1683432468_af6a8c87-3017-4934-a942-ec87220b29dd.png
2026-05-31 07:38:05 [Thread-0] INFO  c.uet.server.network.ClientManager - Client joined auction: 1573672628
2026-05-31 07:38:05 [Thread-0] WARN  c.uet.server.database.dao.AuctionDAO - Không thể đọc file ảnh sản phẩm từ path: file://D:\root\uploads/products/1683432468_af6a8c87-3017-4934-a942-ec87220b29dd.png, lỗi: Illegal char <:> at index 3: /D:\root\uploads/products/1683432468_af6a8c87-3017-4934-a942-ec87220b29dd.png
2026-05-31 07:38:07 [pool-1-thread-1] INFO  c.uet.server.network.ClientManager - Gửi cập nhật ngay cho 1 client đang xem auction: 1573672628
2026-05-31 07:38:08 [pool-1-thread-1] INFO  c.uet.server.network.ClientManager - Gửi cập nhật ngay cho 1 client đang xem auction: 1573672628
2026-05-31 07:38:10 [pool-1-thread-1] INFO  c.uet.server.network.ClientManager - Gửi cập nhật ngay cho 1 client đang xem auction: 1573672628
2026-05-31 07:38:11 [pool-1-thread-1] INFO  c.uet.server.network.ClientManager - Gửi cập nhật ngay cho 1 client đang xem auction: 1573672628
2026-05-31 07:38:11 [Thread-0] INFO  c.u.s.service.AuctionRealtimeService - Nhận đặt giá mới: auctionId=1573672628, bidderId=3846757029, amount=30000.0
2026-05-31 07:38:11 [Thread-0] INFO  c.uet.server.network.ClientManager - Gửi cập nhật ngay cho 1 client đang xem auction: 1573672628
2026-05-31 07:38:11 [Thread-0] WARN  c.uet.server.database.dao.AuctionDAO - Không thể đọc file ảnh sản phẩm từ path: file://D:\root\uploads/products/1683432468_af6a8c87-3017-4934-a942-ec87220b29dd.png, lỗi: Illegal char <:> at index 3: /D:\root\uploads/products/1683432468_af6a8c87-3017-4934-a942-ec87220b29dd.png
2026-05-31 07:38:13 [pool-1-thread-1] INFO  c.uet.server.network.ClientManager - Gửi cập nhật ngay cho 1 client đang xem auction: 1573672628
2026-05-31 07:38:14 [pool-1-thread-1] INFO  c.uet.server.network.ClientManager - Gửi cập nhật ngay cho 1 client đang xem auction: 1573672628
2026-05-31 07:38:16 [pool-1-thread-1] INFO  c.uet.server.network.ClientManager - Gửi cập nhật ngay cho 1 client đang xem auction: 1573672628
2026-05-31 07:38:16 [Thread-0] INFO  c.u.s.service.AuctionRealtimeService - Nhận đặt giá mới: auctionId=1573672628, bidderId=3846757029, amount=31000.0
2026-05-31 07:38:17 [Thread-0] INFO  c.uet.server.network.ClientManager - Gửi cập nhật ngay cho 1 client đang xem auction: 1573672628
2026-05-31 07:38:17 [Thread-0] WARN  c.uet.server.database.dao.AuctionDAO - Không thể đọc file ảnh sản phẩm từ path: file://D:\root\uploads/products/1683432468_af6a8c87-3017-4934-a942-ec87220b29dd.png, lỗi: Illegal char <:> at index 3: /D:\root\uploads/products/1683432468_af6a8c87-3017-4934-a942-ec87220b29dd.png
2026-05-31 07:38:17 [pool-1-thread-1] INFO  c.uet.server.network.ClientManager - Gửi cập nhật ngay cho 1 client đang xem auction: 1573672628
2026-05-31 07:38:19 [pool-1-thread-1] INFO  c.uet.server.network.ClientManager - Gửi cập nhật ngay cho 1 client đang xem auction: 1573672628
2026-05-31 07:38:20 [pool-1-thread-1] INFO  c.uet.server.network.ClientManager - Gửi cập nhật ngay cho 1 client đang xem auction: 1573672628
2026-05-31 07:38:21 [Thread-0] INFO  c.u.s.service.AuctionRealtimeService - Nhận đặt giá mới: auctionId=1573672628, bidderId=3846757029, amount=32000.0
2026-05-31 07:38:21 [Thread-0] INFO  c.uet.server.network.ClientManager - Gửi cập nhật ngay cho 1 client đang xem auction: 1573672628
2026-05-31 07:38:21 [Thread-0] WARN  c.uet.server.database.dao.AuctionDAO - Không thể đọc file ảnh sản phẩm từ path: file://D:\root\uploads/products/1683432468_af6a8c87-3017-4934-a942-ec87220b29dd.png, lỗi: Illegal char <:> at index 3: /D:\root\uploads/products/1683432468_af6a8c87-3017-4934-a942-ec87220b29dd.png
2026-05-31 07:38:22 [pool-1-thread-1] INFO  c.uet.server.network.ClientManager - Gửi cập nhật ngay cho 1 client đang xem auction: 1573672628
2026-05-31 07:38:23 [pool-1-thread-1] INFO  c.uet.server.network.ClientManager - Gửi cập nhật ngay cho 1 client đang xem auction: 1573672628
2026-05-31 07:38:25 [pool-1-thread-1] INFO  c.uet.server.network.ClientManager - Gửi cập nhật ngay cho 1 client đang xem auction: 1573672628
2026-05-31 07:38:26 [pool-1-thread-1] INFO  c.uet.server.network.ClientManager - Gửi cập nhật ngay cho 1 client đang xem auction: 1573672628
2026-05-31 07:38:28 [pool-1-thread-1] INFO  c.uet.server.network.ClientManager - Gửi cập nhật ngay cho 1 client đang xem auction: 1573672628
2026-05-31 07:38:29 [pool-1-thread-1] INFO  c.uet.server.network.ClientManager - Gửi cập nhật ngay cho 1 client đang xem auction: 1573672628
2026-05-31 07:38:31 [pool-1-thread-1] INFO  c.uet.server.network.ClientManager - Gửi cập nhật ngay cho 1 client đang xem auction: 1573672628
2026-05-31 07:38:32 [pool-1-thread-1] INFO  c.uet.server.network.ClientManager - Gửi cập nhật ngay cho 1 client đang xem auction: 1573672628
2026-05-31 07:38:34 [pool-1-thread-1] INFO  c.uet.server.network.ClientManager - Gửi cập nhật ngay cho 1 client đang xem auction: 1573672628
2026-05-31 07:38:35 [pool-1-thread-1] INFO  c.uet.server.network.ClientManager - Gửi cập nhật ngay cho 1 client đang xem auction: 1573672628
2026-05-31 07:38:37 [pool-1-thread-1] INFO  c.uet.server.network.ClientManager - Gửi cập nhật ngay cho 1 client đang xem auction: 1573672628
2026-05-31 07:38:38 [pool-1-thread-1] INFO  c.uet.server.network.ClientManager - Gửi cập nhật ngay cho 1 client đang xem auction: 1573672628
2026-05-31 07:38:40 [pool-1-thread-1] INFO  c.uet.server.network.ClientManager - Gửi cập nhật ngay cho 1 client đang xem auction: 1573672628
2026-05-31 07:38:41 [pool-1-thread-1] INFO  c.uet.server.network.ClientManager - Gửi cập nhật ngay cho 1 client đang xem auction: 1573672628
2026-05-31 07:38:43 [pool-1-thread-1] INFO  c.uet.server.network.ClientManager - Gửi cập nhật ngay cho 1 client đang xem auction: 1573672628
2026-05-31 07:38:44 [pool-1-thread-1] INFO  c.uet.server.network.ClientManager - Gửi cập nhật ngay cho 1 client đang xem auction: 1573672628
2026-05-31 07:38:46 [pool-1-thread-1] INFO  c.uet.server.network.ClientManager - Gửi cập nhật ngay cho 1 client đang xem auction: 1573672628
2026-05-31 07:38:47 [pool-1-thread-1] INFO  c.uet.server.network.ClientManager - Gửi cập nhật ngay cho 1 client đang xem auction: 1573672628
2026-05-31 07:38:49 [pool-1-thread-1] INFO  c.uet.server.network.ClientManager - Gửi cập nhật ngay cho 1 client đang xem auction: 1573672628
2026-05-31 07:38:50 [pool-1-thread-1] INFO  c.uet.server.network.ClientManager - Gửi cập nhật ngay cho 1 client đang xem auction: 1573672628
2026-05-31 07:38:52 [pool-1-thread-1] INFO  c.uet.server.network.ClientManager - Gửi cập nhật ngay cho 1 client đang xem auction: 1573672628
2026-05-31 07:38:53 [pool-1-thread-1] INFO  c.uet.server.network.ClientManager - Gửi cập nhật ngay cho 1 client đang xem auction: 1573672628
2026-05-31 07:38:55 [pool-1-thread-1] INFO  c.uet.server.network.ClientManager - Gửi cập nhật ngay cho 1 client đang xem auction: 1573672628
2026-05-31 07:38:56 [pool-1-thread-1] INFO  c.uet.server.network.ClientManager - Gửi cập nhật ngay cho 1 client đang xem auction: 1573672628
2026-05-31 07:38:58 [pool-1-thread-1] INFO  c.uet.server.network.ClientManager - Gửi cập nhật ngay cho 1 client đang xem auction: 1573672628
2026-05-31 07:38:59 [pool-1-thread-1] INFO  c.uet.server.network.ClientManager - Gửi cập nhật ngay cho 1 client đang xem auction: 1573672628
2026-05-31 07:39:01 [pool-1-thread-1] INFO  c.uet.server.network.ClientManager - Gửi cập nhật ngay cho 1 client đang xem auction: 1573672628
2026-05-31 07:39:02 [pool-1-thread-1] INFO  c.uet.server.network.ClientManager - Gửi cập nhật ngay cho 1 client đang xem auction: 1573672628
2026-05-31 07:39:03 [Thread-0] INFO  c.uet.server.network.ClientHandler - Client ngắt kết nối hoặc có lỗi xảy ra: Connection reset
2026-05-31 07:39:03 [Thread-0] INFO  c.uet.server.network.ClientHandler - [SERVER] Đã giải phóng hoàn toàn kết nối Socket vật lý.
2026-05-31 07:39:03 [Thread-0] INFO  c.uet.server.network.ClientHandler - [SERVER] Đã Xóa Client khỏi ClientManager thành công.
2026-05-31 07:39:04 [pool-1-thread-1] INFO  c.uet.server.network.ClientManager - Không có client nào đang xem auction: 1573672628
2026-05-31 07:39:05 [pool-1-thread-1] INFO  c.uet.server.network.ClientManager - Không có client nào đang xem auction: 1573672628
2026-05-31 07:39:07 [pool-1-thread-1] INFO  c.uet.server.network.ClientManager - Không có client nào đang xem auction: 1573672628
2026-05-31 07:39:08 [pool-1-thread-1] INFO  c.uet.server.network.ClientManager - Không có client nào đang xem auction: 1573672628
2026-05-31 07:39:10 [pool-1-thread-1] INFO  c.uet.server.network.ClientManager - Không có client nào đang xem auction: 1573672628
2026-05-31 07:39:11 [pool-1-thread-1] INFO  c.uet.server.network.ClientManager - Không có client nào đang xem auction: 1573672628
2026-05-31 07:39:13 [pool-1-thread-1] INFO  c.uet.server.network.ClientManager - Không có client nào đang xem auction: 1573672628
2026-05-31 07:39:14 [pool-1-thread-1] INFO  c.uet.server.network.ClientManager - Không có client nào đang xem auction: 1573672628
2026-05-31 07:39:16 [pool-1-thread-1] INFO  c.uet.server.network.ClientManager - Không có client nào đang xem auction: 1573672628
2026-05-31 07:39:17 [pool-1-thread-1] INFO  c.uet.server.network.ClientManager - Không có client nào đang xem auction: 1573672628
2026-05-31 07:39:19 [pool-1-thread-1] INFO  c.uet.server.network.ClientManager - Không có client nào đang xem auction: 1573672628
2026-05-31 07:39:20 [pool-1-thread-1] INFO  c.uet.server.network.ClientManager - Không có client nào đang xem auction: 1573672628
2026-05-31 07:39:22 [pool-1-thread-1] INFO  c.uet.server.network.ClientManager - Không có client nào đang xem auction: 1573672628
2026-05-31 07:39:23 [pool-1-thread-1] INFO  c.uet.server.network.ClientManager - Không có client nào đang xem auction: 1573672628
2026-05-31 07:39:25 [pool-1-thread-1] INFO  c.uet.server.network.ClientManager - Không có client nào đang xem auction: 1573672628
2026-05-31 07:39:26 [pool-1-thread-1] INFO  c.uet.server.network.ClientManager - Không có client nào đang xem auction: 1573672628
2026-05-31 07:39:28 [pool-1-thread-1] INFO  c.uet.server.network.ClientManager - Không có client nào đang xem auction: 1573672628
2026-05-31 07:39:29 [pool-1-thread-1] INFO  c.uet.server.network.ClientManager - Không có client nào đang xem auction: 1573672628
2026-05-31 07:39:31 [pool-1-thread-1] INFO  c.uet.server.network.ClientManager - Không có client nào đang xem auction: 1573672628
2026-05-31 07:39:32 [pool-1-thread-1] INFO  c.uet.server.network.ClientManager - Không có client nào đang xem auction: 1573672628
2026-05-31 07:39:34 [pool-1-thread-1] INFO  c.uet.server.network.ClientManager - Không có client nào đang xem auction: 1573672628
2026-05-31 07:39:35 [pool-1-thread-1] INFO  c.uet.server.network.ClientManager - Không có client nào đang xem auction: 1573672628
2026-05-31 07:39:37 [pool-1-thread-1] INFO  c.uet.server.network.ClientManager - Không có client nào đang xem auction: 1573672628
2026-05-31 07:39:38 [pool-1-thread-1] INFO  c.uet.server.network.ClientManager - Không có client nào đang xem auction: 1573672628
2026-05-31 07:39:40 [pool-1-thread-1] INFO  c.uet.server.network.ClientManager - Không có client nào đang xem auction: 1573672628
2026-05-31 07:39:41 [pool-1-thread-1] INFO  c.uet.server.network.ClientManager - Không có client nào đang xem auction: 1573672628
2026-05-31 07:39:43 [pool-1-thread-1] INFO  c.uet.server.network.ClientManager - Không có client nào đang xem auction: 1573672628
2026-05-31 07:39:44 [pool-1-thread-1] INFO  c.uet.server.network.ClientManager - Không có client nào đang xem auction: 1573672628
2026-05-31 07:39:46 [pool-1-thread-1] INFO  c.uet.server.network.ClientManager - Không có client nào đang xem auction: 1573672628
2026-05-31 07:39:47 [pool-1-thread-1] INFO  c.uet.server.network.ClientManager - Không có client nào đang xem auction: 1573672628
2026-05-31 07:39:49 [pool-1-thread-1] INFO  c.uet.server.network.ClientManager - Không có client nào đang xem auction: 1573672628
2026-05-31 07:39:50 [pool-1-thread-1] INFO  c.uet.server.network.ClientManager - Không có client nào đang xem auction: 1573672628
2026-05-31 07:39:52 [pool-1-thread-1] INFO  c.uet.server.network.ClientManager - Không có client nào đang xem auction: 1573672628
2026-05-31 07:39:53 [pool-1-thread-1] INFO  c.uet.server.network.ClientManager - Không có client nào đang xem auction: 1573672628
2026-05-31 07:39:55 [pool-1-thread-1] INFO  c.uet.server.network.ClientManager - Không có client nào đang xem auction: 1573672628
2026-05-31 07:39:56 [pool-1-thread-1] INFO  c.uet.server.network.ClientManager - Không có client nào đang xem auction: 1573672628
2026-05-31 07:39:58 [pool-1-thread-1] INFO  c.uet.server.network.ClientManager - Không có client nào đang xem auction: 1573672628
2026-05-31 07:39:59 [pool-1-thread-1] INFO  c.uet.server.network.ClientManager - Không có client nào đang xem auction: 1573672628
2026-05-31 07:40:01 [pool-1-thread-1] INFO  c.uet.server.network.ClientManager - Không có client nào đang xem auction: 1573672628
2026-05-31 07:40:02 [pool-1-thread-1] INFO  c.uet.server.network.ClientManager - Không có client nào đang xem auction: 1573672628
2026-05-31 07:40:04 [pool-1-thread-1] INFO  c.uet.server.network.ClientManager - Không có client nào đang xem auction: 1573672628
2026-05-31 07:40:05 [pool-1-thread-1] INFO  c.uet.server.network.ClientManager - Không có client nào đang xem auction: 1573672628
2026-05-31 07:40:07 [pool-1-thread-1] INFO  c.uet.server.network.ClientManager - Không có client nào đang xem auction: 1573672628
2026-05-31 07:40:08 [pool-1-thread-1] INFO  c.uet.server.network.ClientManager - Không có client nào đang xem auction: 1573672628
2026-05-31 07:40:10 [pool-1-thread-1] INFO  c.uet.server.network.ClientManager - Không có client nào đang xem auction: 1573672628
2026-05-31 07:40:11 [pool-1-thread-1] INFO  c.uet.server.network.ClientManager - Không có client nào đang xem auction: 1573672628
2026-05-31 07:40:13 [pool-1-thread-1] INFO  c.uet.server.network.ClientManager - Không có client nào đang xem auction: 1573672628
2026-05-31 07:40:14 [pool-1-thread-1] INFO  c.uet.server.network.ClientManager - Không có client nào đang xem auction: 1573672628
2026-05-31 07:40:16 [pool-1-thread-1] INFO  c.uet.server.network.ClientManager - Không có client nào đang xem auction: 1573672628
2026-05-31 07:40:17 [pool-1-thread-1] INFO  c.uet.server.network.ClientManager - Không có client nào đang xem auction: 1573672628
2026-05-31 07:40:19 [pool-1-thread-1] INFO  c.uet.server.network.ClientManager - Không có client nào đang xem auction: 1573672628
2026-05-31 07:40:20 [pool-1-thread-1] INFO  c.uet.server.network.ClientManager - Không có client nào đang xem auction: 1573672628
2026-05-31 07:40:22 [pool-1-thread-1] INFO  c.uet.server.network.ClientManager - Không có client nào đang xem auction: 1573672628
2026-05-31 07:40:23 [pool-1-thread-1] INFO  c.uet.server.network.ClientManager - Không có client nào đang xem auction: 1573672628
2026-05-31 07:40:25 [pool-1-thread-1] INFO  c.uet.server.network.ClientManager - Không có client nào đang xem auction: 1573672628
2026-05-31 07:40:26 [pool-1-thread-1] INFO  c.uet.server.network.ClientManager - Không có client nào đang xem auction: 1573672628
2026-05-31 07:40:28 [pool-1-thread-1] INFO  c.uet.server.network.ClientManager - Không có client nào đang xem auction: 1573672628
2026-05-31 07:40:29 [pool-1-thread-1] INFO  c.uet.server.network.ClientManager - Không có client nào đang xem auction: 1573672628
2026-05-31 07:40:31 [pool-1-thread-1] INFO  c.uet.server.network.ClientManager - Không có client nào đang xem auction: 1573672628
2026-05-31 07:40:32 [pool-1-thread-1] INFO  c.uet.server.network.ClientManager - Không có client nào đang xem auction: 1573672628
2026-05-31 07:40:34 [pool-1-thread-1] INFO  c.uet.server.network.ClientManager - Không có client nào đang xem auction: 1573672628
2026-05-31 07:40:35 [pool-1-thread-1] INFO  c.uet.server.network.ClientManager - Không có client nào đang xem auction: 1573672628
2026-05-31 07:40:37 [pool-1-thread-1] INFO  c.uet.server.network.ClientManager - Không có client nào đang xem auction: 1573672628
2026-05-31 07:40:38 [pool-1-thread-1] INFO  c.uet.server.network.ClientManager - Không có client nào đang xem auction: 1573672628
2026-05-31 07:40:40 [pool-1-thread-1] INFO  c.uet.server.network.ClientManager - Không có client nào đang xem auction: 1573672628
2026-05-31 07:40:41 [pool-1-thread-1] INFO  c.uet.server.network.ClientManager - Không có client nào đang xem auction: 1573672628
2026-05-31 07:40:43 [pool-1-thread-1] INFO  c.uet.server.network.ClientManager - Không có client nào đang xem auction: 1573672628
2026-05-31 07:40:44 [pool-1-thread-1] INFO  c.uet.server.network.ClientManager - Không có client nào đang xem auction: 1573672628
2026-05-31 07:40:46 [pool-1-thread-1] INFO  c.uet.server.network.ClientManager - Không có client nào đang xem auction: 1573672628
2026-05-31 07:40:47 [pool-1-thread-1] INFO  c.uet.server.network.ClientManager - Không có client nào đang xem auction: 1573672628
2026-05-31 07:40:49 [pool-1-thread-1] INFO  c.uet.server.network.ClientManager - Không có client nào đang xem auction: 1573672628
2026-05-31 07:40:50 [pool-1-thread-1] INFO  c.uet.server.network.ClientManager - Không có client nào đang xem auction: 1573672628
2026-05-31 07:40:52 [pool-1-thread-1] INFO  c.uet.server.network.ClientManager - Không có client nào đang xem auction: 1573672628
2026-05-31 07:40:53 [pool-1-thread-1] INFO  c.uet.server.network.ClientManager - Không có client nào đang xem auction: 1573672628
2026-05-31 07:40:55 [pool-1-thread-1] INFO  c.uet.server.network.ClientManager - Không có client nào đang xem auction: 1573672628
2026-05-31 07:40:56 [pool-1-thread-1] INFO  c.uet.server.network.ClientManager - Không có client nào đang xem auction: 1573672628
2026-05-31 07:40:58 [pool-1-thread-1] INFO  c.uet.server.network.ClientManager - Không có client nào đang xem auction: 1573672628
2026-05-31 07:40:59 [pool-1-thread-1] INFO  c.uet.server.network.ClientManager - Không có client nào đang xem auction: 1573672628
2026-05-31 07:41:01 [pool-1-thread-1] INFO  c.uet.server.network.ClientManager - Không có client nào đang xem auction: 1573672628
2026-05-31 07:41:02 [pool-1-thread-1] INFO  c.uet.server.network.ClientManager - Không có client nào đang xem auction: 1573672628
2026-05-31 07:41:04 [pool-1-thread-1] INFO  c.uet.server.network.ClientManager - Không có client nào đang xem auction: 1573672628
2026-05-31 07:41:05 [pool-1-thread-1] INFO  c.uet.server.network.ClientManager - Không có client nào đang xem auction: 1573672628
2026-05-31 07:41:07 [pool-1-thread-1] INFO  c.uet.server.network.ClientManager - Không có client nào đang xem auction: 1573672628
2026-05-31 07:41:08 [pool-1-thread-1] INFO  c.uet.server.network.ClientManager - Không có client nào đang xem auction: 1573672628
2026-05-31 07:41:10 [pool-1-thread-1] INFO  c.uet.server.network.ClientManager - Không có client nào đang xem auction: 1573672628
2026-05-31 07:41:11 [pool-1-thread-1] INFO  c.uet.server.network.ClientManager - Không có client nào đang xem auction: 1573672628
2026-05-31 07:41:13 [pool-1-thread-1] INFO  c.uet.server.network.ClientManager - Không có client nào đang xem auction: 1573672628
2026-05-31 07:41:14 [pool-1-thread-1] INFO  c.uet.server.network.ClientManager - Không có client nào đang xem auction: 1573672628
2026-05-31 07:41:16 [pool-1-thread-1] INFO  c.uet.server.network.ClientManager - Không có client nào đang xem auction: 1573672628
2026-05-31 07:41:17 [pool-1-thread-1] INFO  c.uet.server.network.ClientManager - Không có client nào đang xem auction: 1573672628
2026-05-31 07:41:19 [pool-1-thread-1] INFO  c.uet.server.network.ClientManager - Không có client nào đang xem auction: 1573672628
2026-05-31 07:41:20 [pool-1-thread-1] INFO  c.uet.server.network.ClientManager - Không có client nào đang xem auction: 1573672628
2026-05-31 07:41:22 [pool-1-thread-1] INFO  c.uet.server.network.ClientManager - Không có client nào đang xem auction: 1573672628
2026-05-31 07:41:23 [pool-1-thread-1] INFO  c.uet.server.network.ClientManager - Không có client nào đang xem auction: 1573672628
2026-05-31 07:41:25 [pool-1-thread-1] INFO  c.uet.server.network.ClientManager - Không có client nào đang xem auction: 1573672628
2026-05-31 07:41:26 [pool-1-thread-1] INFO  c.uet.server.network.ClientManager - Không có client nào đang xem auction: 1573672628
2026-05-31 07:41:28 [pool-1-thread-1] INFO  c.uet.server.network.ClientManager - Không có client nào đang xem auction: 1573672628
2026-05-31 07:41:29 [pool-1-thread-1] INFO  c.uet.server.network.ClientManager - Không có client nào đang xem auction: 1573672628
2026-05-31 07:41:31 [pool-1-thread-1] INFO  c.uet.server.network.ClientManager - Không có client nào đang xem auction: 1573672628
2026-05-31 07:41:32 [pool-1-thread-1] INFO  c.uet.server.network.ClientManager - Không có client nào đang xem auction: 1573672628
2026-05-31 07:41:34 [pool-1-thread-1] INFO  c.uet.server.network.ClientManager - Không có client nào đang xem auction: 1573672628
2026-05-31 07:41:35 [pool-1-thread-1] INFO  c.uet.server.network.ClientManager - Không có client nào đang xem auction: 1573672628
2026-05-31 07:41:37 [pool-1-thread-1] INFO  c.uet.server.network.ClientManager - Không có client nào đang xem auction: 1573672628
2026-05-31 07:41:38 [pool-1-thread-1] INFO  c.uet.server.network.ClientManager - Không có client nào đang xem auction: 1573672628
2026-05-31 07:41:40 [pool-1-thread-1] INFO  c.uet.server.network.ClientManager - Không có client nào đang xem auction: 1573672628
2026-05-31 07:41:41 [pool-1-thread-1] INFO  c.uet.server.network.ClientManager - Không có client nào đang xem auction: 1573672628
2026-05-31 07:41:43 [pool-1-thread-1] INFO  c.uet.server.network.ClientManager - Không có client nào đang xem auction: 1573672628
2026-05-31 07:41:44 [pool-1-thread-1] INFO  c.uet.server.network.ClientManager - Không có client nào đang xem auction: 1573672628
2026-05-31 07:41:46 [pool-1-thread-1] INFO  c.uet.server.network.ClientManager - Không có client nào đang xem auction: 1573672628
2026-05-31 07:41:47 [pool-1-thread-1] INFO  c.uet.server.network.ClientManager - Không có client nào đang xem auction: 1573672628
2026-05-31 07:41:49 [pool-1-thread-1] INFO  c.uet.server.network.ClientManager - Không có client nào đang xem auction: 1573672628
2026-05-31 07:41:50 [pool-1-thread-1] INFO  c.uet.server.network.ClientManager - Không có client nào đang xem auction: 1573672628
2026-05-31 07:41:52 [pool-1-thread-1] INFO  c.uet.server.network.ClientManager - Không có client nào đang xem auction: 1573672628
2026-05-31 07:41:53 [pool-1-thread-1] INFO  c.uet.server.network.ClientManager - Không có client nào đang xem auction: 1573672628
2026-05-31 07:41:55 [pool-1-thread-1] INFO  c.uet.server.network.ClientManager - Không có client nào đang xem auction: 1573672628
2026-05-31 07:41:56 [pool-1-thread-1] INFO  c.uet.server.network.ClientManager - Không có client nào đang xem auction: 1573672628
2026-05-31 07:41:58 [pool-1-thread-1] INFO  c.uet.server.network.ClientManager - Không có client nào đang xem auction: 1573672628
2026-05-31 07:41:59 [pool-1-thread-1] INFO  c.uet.server.network.ClientManager - Không có client nào đang xem auction: 1573672628
2026-05-31 07:42:01 [pool-1-thread-1] INFO  c.uet.server.network.ClientManager - Không có client nào đang xem auction: 1573672628
2026-05-31 07:42:02 [pool-1-thread-1] INFO  c.uet.server.network.ClientManager - Không có client nào đang xem auction: 1573672628
2026-05-31 07:42:04 [pool-1-thread-1] INFO  c.uet.server.network.ClientManager - Không có client nào đang xem auction: 1573672628
2026-05-31 07:42:05 [pool-1-thread-1] INFO  c.uet.server.network.ClientManager - Không có client nào đang xem auction: 1573672628
2026-05-31 07:42:07 [pool-1-thread-1] INFO  c.uet.server.network.ClientManager - Không có client nào đang xem auction: 1573672628
2026-05-31 07:42:08 [pool-1-thread-1] INFO  c.uet.server.network.ClientManager - Không có client nào đang xem auction: 1573672628
2026-05-31 07:42:10 [pool-1-thread-1] INFO  c.uet.server.network.ClientManager - Không có client nào đang xem auction: 1573672628
2026-05-31 07:42:11 [pool-1-thread-1] INFO  c.uet.server.network.ClientManager - Không có client nào đang xem auction: 1573672628
2026-05-31 07:42:13 [pool-1-thread-1] INFO  c.uet.server.network.ClientManager - Không có client nào đang xem auction: 1573672628
2026-05-31 07:42:14 [pool-1-thread-1] INFO  c.uet.server.network.ClientManager - Không có client nào đang xem auction: 1573672628
2026-05-31 07:42:16 [pool-1-thread-1] INFO  c.uet.server.network.ClientManager - Không có client nào đang xem auction: 1573672628
2026-05-31 07:42:17 [pool-1-thread-1] INFO  c.uet.server.network.ClientManager - Không có client nào đang xem auction: 1573672628
2026-05-31 07:42:19 [pool-1-thread-1] INFO  c.uet.server.network.ClientManager - Không có client nào đang xem auction: 1573672628
2026-05-31 07:42:20 [pool-1-thread-1] INFO  c.uet.server.network.ClientManager - Không có client nào đang xem auction: 1573672628
2026-05-31 07:42:22 [pool-1-thread-1] INFO  c.uet.server.network.ClientManager - Không có client nào đang xem auction: 1573672628
2026-05-31 07:42:23 [pool-1-thread-1] INFO  c.uet.server.network.ClientManager - Không có client nào đang xem auction: 1573672628
2026-05-31 07:42:25 [pool-1-thread-1] INFO  c.uet.server.network.ClientManager - Không có client nào đang xem auction: 1573672628
2026-05-31 07:42:26 [pool-1-thread-1] INFO  c.uet.server.network.ClientManager - Không có client nào đang xem auction: 1573672628
2026-05-31 07:42:28 [pool-1-thread-1] INFO  c.uet.server.network.ClientManager - Không có client nào đang xem auction: 1573672628
2026-05-31 07:42:29 [pool-1-thread-1] INFO  c.uet.server.network.ClientManager - Không có client nào đang xem auction: 1573672628
2026-05-31 07:42:31 [pool-1-thread-1] INFO  c.uet.server.network.ClientManager - Không có client nào đang xem auction: 1573672628
2026-05-31 07:42:32 [pool-1-thread-1] INFO  c.uet.server.network.ClientManager - Không có client nào đang xem auction: 1573672628
2026-05-31 07:42:34 [pool-1-thread-1] INFO  c.uet.server.network.ClientManager - Không có client nào đang xem auction: 1573672628
2026-05-31 07:42:35 [pool-1-thread-1] INFO  c.uet.server.network.ClientManager - Không có client nào đang xem auction: 1573672628
2026-05-31 07:42:37 [pool-1-thread-1] INFO  c.uet.server.network.ClientManager - Không có client nào đang xem auction: 1573672628
2026-05-31 07:42:38 [pool-1-thread-1] INFO  c.uet.server.network.ClientManager - Không có client nào đang xem auction: 1573672628
2026-05-31 07:42:40 [pool-1-thread-1] INFO  c.uet.server.network.ClientManager - Không có client nào đang xem auction: 1573672628
2026-05-31 07:42:41 [pool-1-thread-1] INFO  c.uet.server.network.ClientManager - Không có client nào đang xem auction: 1573672628
2026-05-31 07:42:43 [pool-1-thread-1] INFO  c.uet.server.network.ClientManager - Không có client nào đang xem auction: 1573672628
2026-05-31 07:42:44 [pool-1-thread-1] INFO  c.uet.server.network.ClientManager - Không có client nào đang xem auction: 1573672628
2026-05-31 07:42:46 [pool-1-thread-1] INFO  c.uet.server.network.ClientManager - Không có client nào đang xem auction: 1573672628
2026-05-31 07:42:47 [pool-1-thread-1] INFO  c.uet.server.network.ClientManager - Không có client nào đang xem auction: 1573672628
2026-05-31 07:42:49 [pool-1-thread-1] INFO  c.uet.server.network.ClientManager - Không có client nào đang xem auction: 1573672628
2026-05-31 07:42:50 [pool-1-thread-1] INFO  c.uet.server.network.ClientManager - Không có client nào đang xem auction: 1573672628
2026-05-31 07:42:52 [pool-1-thread-1] INFO  c.uet.server.network.ClientManager - Không có client nào đang xem auction: 1573672628
2026-05-31 07:42:53 [pool-1-thread-1] INFO  c.uet.server.network.ClientManager - Không có client nào đang xem auction: 1573672628
2026-05-31 07:42:55 [pool-1-thread-1] INFO  c.uet.server.network.ClientManager - Không có client nào đang xem auction: 1573672628
2026-05-31 07:42:56 [pool-1-thread-1] INFO  c.uet.server.network.ClientManager - Không có client nào đang xem auction: 1573672628
2026-05-31 07:42:58 [pool-1-thread-1] INFO  c.uet.server.network.ClientManager - Không có client nào đang xem auction: 1573672628
2026-05-31 07:42:59 [pool-1-thread-1] INFO  c.uet.server.network.ClientManager - Không có client nào đang xem auction: 1573672628
2026-05-31 07:43:01 [pool-1-thread-1] INFO  c.uet.server.network.ClientManager - Không có client nào đang xem auction: 1573672628
2026-05-31 07:43:02 [pool-1-thread-1] INFO  c.uet.server.network.ClientManager - Không có client nào đang xem auction: 1573672628
2026-05-31 07:43:04 [pool-1-thread-1] INFO  c.uet.server.network.ClientManager - Không có client nào đang xem auction: 1573672628
2026-05-31 07:43:05 [pool-1-thread-1] INFO  c.uet.server.network.ClientManager - Không có client nào đang xem auction: 1573672628
2026-05-31 07:43:07 [pool-1-thread-1] INFO  c.uet.server.network.ClientManager - Không có client nào đang xem auction: 1573672628
2026-05-31 07:43:08 [pool-1-thread-1] INFO  c.uet.server.network.ClientManager - Không có client nào đang xem auction: 1573672628
2026-05-31 07:43:10 [pool-1-thread-1] INFO  c.uet.server.network.ClientManager - Không có client nào đang xem auction: 1573672628
2026-05-31 07:43:11 [pool-1-thread-1] INFO  c.uet.server.network.ClientManager - Không có client nào đang xem auction: 1573672628
2026-05-31 07:43:13 [pool-1-thread-1] INFO  c.uet.server.network.ClientManager - Không có client nào đang xem auction: 1573672628
2026-05-31 07:43:14 [pool-1-thread-1] INFO  c.uet.server.network.ClientManager - Không có client nào đang xem auction: 1573672628
2026-05-31 07:43:16 [pool-1-thread-1] INFO  c.uet.server.network.ClientManager - Không có client nào đang xem auction: 1573672628
2026-05-31 07:43:17 [pool-1-thread-1] INFO  c.uet.server.network.ClientManager - Không có client nào đang xem auction: 1573672628
2026-05-31 07:43:19 [pool-1-thread-1] INFO  c.uet.server.network.ClientManager - Không có client nào đang xem auction: 1573672628
2026-05-31 07:43:20 [pool-1-thread-1] INFO  c.uet.server.network.ClientManager - Không có client nào đang xem auction: 1573672628
2026-05-31 07:43:22 [pool-1-thread-1] INFO  c.uet.server.network.ClientManager - Không có client nào đang xem auction: 1573672628
2026-05-31 07:43:23 [pool-1-thread-1] INFO  c.uet.server.network.ClientManager - Không có client nào đang xem auction: 1573672628
2026-05-31 07:43:25 [pool-1-thread-1] INFO  c.uet.server.network.ClientManager - Không có client nào đang xem auction: 1573672628
2026-05-31 07:43:26 [pool-1-thread-1] INFO  c.uet.server.network.ClientManager - Không có client nào đang xem auction: 1573672628
2026-05-31 07:43:28 [pool-1-thread-1] INFO  c.uet.server.network.ClientManager - Không có client nào đang xem auction: 1573672628
2026-05-31 07:43:29 [pool-1-thread-1] INFO  c.uet.server.network.ClientManager - Không có client nào đang xem auction: 1573672628
2026-05-31 07:43:31 [pool-1-thread-1] INFO  c.uet.server.network.ClientManager - Không có client nào đang xem auction: 1573672628
2026-05-31 07:43:32 [pool-1-thread-1] INFO  c.uet.server.network.ClientManager - Không có client nào đang xem auction: 1573672628
2026-05-31 07:43:34 [pool-1-thread-1] INFO  c.uet.server.network.ClientManager - Không có client nào đang xem auction: 1573672628
2026-05-31 07:43:35 [pool-1-thread-1] INFO  c.uet.server.network.ClientManager - Không có client nào đang xem auction: 1573672628
2026-05-31 07:43:37 [pool-1-thread-1] INFO  c.uet.server.network.ClientManager - Không có client nào đang xem auction: 1573672628
2026-05-31 07:43:38 [pool-1-thread-1] INFO  c.uet.server.network.ClientManager - Không có client nào đang xem auction: 1573672628
2026-05-31 07:43:40 [pool-1-thread-1] INFO  c.uet.server.network.ClientManager - Không có client nào đang xem auction: 1573672628
2026-05-31 07:43:41 [pool-1-thread-1] INFO  c.uet.server.network.ClientManager - Không có client nào đang xem auction: 1573672628
2026-05-31 07:43:43 [pool-1-thread-1] INFO  c.uet.server.network.ClientManager - Không có client nào đang xem auction: 1573672628
2026-05-31 07:43:44 [pool-1-thread-1] INFO  c.uet.server.network.ClientManager - Không có client nào đang xem auction: 1573672628
2026-05-31 07:43:46 [pool-1-thread-1] INFO  c.uet.server.network.ClientManager - Không có client nào đang xem auction: 1573672628
2026-05-31 07:43:47 [pool-1-thread-1] INFO  c.uet.server.network.ClientManager - Không có client nào đang xem auction: 1573672628
2026-05-31 07:43:49 [pool-1-thread-1] INFO  c.uet.server.network.ClientManager - Không có client nào đang xem auction: 1573672628
2026-05-31 07:43:50 [pool-1-thread-1] INFO  c.uet.server.network.ClientManager - Không có client nào đang xem auction: 1573672628
2026-05-31 07:43:52 [pool-1-thread-1] INFO  c.uet.server.network.ClientManager - Không có client nào đang xem auction: 1573672628
2026-05-31 07:43:53 [pool-1-thread-1] INFO  c.uet.server.network.ClientManager - Không có client nào đang xem auction: 1573672628
2026-05-31 07:43:55 [pool-1-thread-1] INFO  c.uet.server.network.ClientManager - Không có client nào đang xem auction: 1573672628
2026-05-31 07:43:56 [pool-1-thread-1] INFO  c.uet.server.network.ClientManager - Không có client nào đang xem auction: 1573672628
2026-05-31 07:43:58 [pool-1-thread-1] INFO  c.uet.server.network.ClientManager - Không có client nào đang xem auction: 1573672628
2026-05-31 07:43:59 [pool-1-thread-1] INFO  c.uet.server.network.ClientManager - Không có client nào đang xem auction: 1573672628
2026-05-31 07:44:01 [pool-1-thread-1] INFO  c.uet.server.network.ClientManager - Không có client nào đang xem auction: 1573672628
2026-05-31 07:44:02 [pool-1-thread-1] INFO  c.uet.server.network.ClientManager - Không có client nào đang xem auction: 1573672628
2026-05-31 07:44:04 [pool-1-thread-1] INFO  c.uet.server.network.ClientManager - Không có client nào đang xem auction: 1573672628
2026-05-31 07:44:05 [pool-1-thread-1] INFO  c.uet.server.network.ClientManager - Không có client nào đang xem auction: 1573672628
2026-05-31 07:44:07 [pool-1-thread-1] INFO  c.uet.server.network.ClientManager - Không có client nào đang xem auction: 1573672628
2026-05-31 07:44:08 [pool-1-thread-1] INFO  c.uet.server.network.ClientManager - Không có client nào đang xem auction: 1573672628
2026-05-31 07:44:10 [pool-1-thread-1] INFO  c.uet.server.network.ClientManager - Không có client nào đang xem auction: 1573672628
2026-05-31 07:44:11 [pool-1-thread-1] INFO  c.uet.server.network.ClientManager - Không có client nào đang xem auction: 1573672628
2026-05-31 07:44:13 [pool-1-thread-1] INFO  c.uet.server.network.ClientManager - Không có client nào đang xem auction: 1573672628
2026-05-31 07:44:14 [pool-1-thread-1] INFO  c.uet.server.network.ClientManager - Không có client nào đang xem auction: 1573672628
2026-05-31 07:44:16 [pool-1-thread-1] INFO  c.uet.server.network.ClientManager - Không có client nào đang xem auction: 1573672628
2026-05-31 07:44:17 [pool-1-thread-1] INFO  c.uet.server.network.ClientManager - Không có client nào đang xem auction: 1573672628
2026-05-31 07:44:19 [pool-1-thread-1] INFO  c.uet.server.network.ClientManager - Không có client nào đang xem auction: 1573672628
2026-05-31 07:44:20 [pool-1-thread-1] INFO  c.uet.server.network.ClientManager - Không có client nào đang xem auction: 1573672628
2026-05-31 07:44:22 [pool-1-thread-1] INFO  c.uet.server.network.ClientManager - Không có client nào đang xem auction: 1573672628
2026-05-31 07:44:23 [pool-1-thread-1] INFO  c.uet.server.network.ClientManager - Không có client nào đang xem auction: 1573672628
2026-05-31 07:44:25 [pool-1-thread-1] INFO  c.uet.server.network.ClientManager - Không có client nào đang xem auction: 1573672628
2026-05-31 07:44:26 [pool-1-thread-1] INFO  c.uet.server.network.ClientManager - Không có client nào đang xem auction: 1573672628
2026-05-31 07:44:28 [pool-1-thread-1] INFO  c.uet.server.network.ClientManager - Không có client nào đang xem auction: 1573672628
2026-05-31 07:44:29 [pool-1-thread-1] INFO  c.uet.server.network.ClientManager - Không có client nào đang xem auction: 1573672628
2026-05-31 07:44:31 [pool-1-thread-1] INFO  c.uet.server.network.ClientManager - Không có client nào đang xem auction: 1573672628
2026-05-31 07:44:32 [pool-1-thread-1] INFO  c.uet.server.network.ClientManager - Không có client nào đang xem auction: 1573672628
2026-05-31 07:44:34 [pool-1-thread-1] INFO  c.uet.server.network.ClientManager - Không có client nào đang xem auction: 1573672628
2026-05-31 07:44:35 [pool-1-thread-1] INFO  c.uet.server.network.ClientManager - Không có client nào đang xem auction: 1573672628
2026-05-31 07:44:37 [pool-1-thread-1] INFO  c.uet.server.network.ClientManager - Không có client nào đang xem auction: 1573672628
2026-05-31 07:44:38 [pool-1-thread-1] INFO  c.uet.server.network.ClientManager - Không có client nào đang xem auction: 1573672628
2026-05-31 07:44:40 [pool-1-thread-1] INFO  c.uet.server.network.ClientManager - Không có client nào đang xem auction: 1573672628
2026-05-31 07:44:41 [pool-1-thread-1] INFO  c.uet.server.network.ClientManager - Không có client nào đang xem auction: 1573672628
2026-05-31 07:44:43 [pool-1-thread-1] INFO  c.uet.server.network.ClientManager - Không có client nào đang xem auction: 1573672628
2026-05-31 07:44:44 [pool-1-thread-1] INFO  c.uet.server.network.ClientManager - Không có client nào đang xem auction: 1573672628
2026-05-31 07:44:46 [pool-1-thread-1] INFO  c.uet.server.network.ClientManager - Không có client nào đang xem auction: 1573672628
2026-05-31 07:44:47 [pool-1-thread-1] INFO  c.uet.server.network.ClientManager - Không có client nào đang xem auction: 1573672628
2026-05-31 07:44:49 [pool-1-thread-1] INFO  c.uet.server.network.ClientManager - Không có client nào đang xem auction: 1573672628
2026-05-31 07:44:50 [pool-1-thread-1] INFO  c.uet.server.network.ClientManager - Không có client nào đang xem auction: 1573672628
2026-05-31 07:44:52 [pool-1-thread-1] INFO  c.uet.server.network.ClientManager - Không có client nào đang xem auction: 1573672628
2026-05-31 07:44:53 [pool-1-thread-1] INFO  c.uet.server.network.ClientManager - Không có client nào đang xem auction: 1573672628
2026-05-31 07:44:55 [pool-1-thread-1] INFO  c.uet.server.network.ClientManager - Không có client nào đang xem auction: 1573672628
2026-05-31 07:44:56 [pool-1-thread-1] INFO  c.uet.server.network.ClientManager - Không có client nào đang xem auction: 1573672628
2026-05-31 07:44:58 [pool-1-thread-1] INFO  c.uet.server.network.ClientManager - Không có client nào đang xem auction: 1573672628
2026-05-31 07:44:59 [pool-1-thread-1] INFO  c.uet.server.network.ClientManager - Không có client nào đang xem auction: 1573672628
2026-05-31 07:45:01 [pool-1-thread-1] INFO  c.uet.server.network.ClientManager - Không có client nào đang xem auction: 1573672628
2026-05-31 07:45:02 [pool-1-thread-1] INFO  c.uet.server.network.ClientManager - Không có client nào đang xem auction: 1573672628
2026-05-31 07:45:04 [pool-1-thread-1] INFO  c.uet.server.network.ClientManager - Không có client nào đang xem auction: 1573672628
2026-05-31 07:45:05 [pool-1-thread-1] INFO  c.uet.server.network.ClientManager - Không có client nào đang xem auction: 1573672628
2026-05-31 07:45:07 [pool-1-thread-1] INFO  c.uet.server.network.ClientManager - Không có client nào đang xem auction: 1573672628
2026-05-31 07:45:08 [pool-1-thread-1] INFO  c.uet.server.network.ClientManager - Không có client nào đang xem auction: 1573672628
2026-05-31 07:45:10 [pool-1-thread-1] INFO  c.uet.server.network.ClientManager - Không có client nào đang xem auction: 1573672628
2026-05-31 07:45:11 [pool-1-thread-1] INFO  c.uet.server.network.ClientManager - Không có client nào đang xem auction: 1573672628
2026-05-31 07:45:13 [pool-1-thread-1] INFO  c.uet.server.network.ClientManager - Không có client nào đang xem auction: 1573672628
2026-05-31 07:45:14 [pool-1-thread-1] INFO  c.uet.server.network.ClientManager - Không có client nào đang xem auction: 1573672628
2026-05-31 07:45:16 [pool-1-thread-1] INFO  c.uet.server.network.ClientManager - Không có client nào đang xem auction: 1573672628
2026-05-31 07:45:17 [pool-1-thread-1] INFO  c.uet.server.network.ClientManager - Không có client nào đang xem auction: 1573672628
2026-05-31 07:45:19 [pool-1-thread-1] INFO  c.uet.server.network.ClientManager - Không có client nào đang xem auction: 1573672628
2026-05-31 07:45:20 [pool-1-thread-1] INFO  c.uet.server.network.ClientManager - Không có client nào đang xem auction: 1573672628
2026-05-31 07:45:22 [pool-1-thread-1] INFO  c.uet.server.network.ClientManager - Không có client nào đang xem auction: 1573672628
2026-05-31 07:45:23 [pool-1-thread-1] INFO  c.uet.server.network.ClientManager - Không có client nào đang xem auction: 1573672628
2026-05-31 07:45:25 [pool-1-thread-1] INFO  c.uet.server.network.ClientManager - Không có client nào đang xem auction: 1573672628
2026-05-31 07:45:26 [pool-1-thread-1] INFO  c.uet.server.network.ClientManager - Không có client nào đang xem auction: 1573672628
2026-05-31 07:45:28 [pool-1-thread-1] INFO  c.uet.server.network.ClientManager - Không có client nào đang xem auction: 1573672628
2026-05-31 07:45:29 [pool-1-thread-1] INFO  c.uet.server.network.ClientManager - Không có client nào đang xem auction: 1573672628
2026-05-31 07:45:31 [pool-1-thread-1] INFO  c.uet.server.network.ClientManager - Không có client nào đang xem auction: 1573672628
2026-05-31 07:45:32 [pool-1-thread-1] INFO  c.uet.server.network.ClientManager - Không có client nào đang xem auction: 1573672628
2026-05-31 07:45:34 [pool-1-thread-1] INFO  c.uet.server.network.ClientManager - Không có client nào đang xem auction: 1573672628
2026-05-31 07:45:35 [pool-1-thread-1] INFO  c.uet.server.network.ClientManager - Không có client nào đang xem auction: 1573672628
2026-05-31 07:45:37 [pool-1-thread-1] INFO  c.uet.server.network.ClientManager - Không có client nào đang xem auction: 1573672628
2026-05-31 07:45:38 [pool-1-thread-1] INFO  c.uet.server.network.ClientManager - Không có client nào đang xem auction: 1573672628
2026-05-31 07:45:40 [pool-1-thread-1] INFO  c.uet.server.network.ClientManager - Không có client nào đang xem auction: 1573672628
2026-05-31 07:45:41 [pool-1-thread-1] INFO  c.uet.server.network.ClientManager - Không có client nào đang xem auction: 1573672628
2026-05-31 07:45:43 [pool-1-thread-1] INFO  c.uet.server.network.ClientManager - Không có client nào đang xem auction: 1573672628
2026-05-31 07:45:44 [pool-1-thread-1] INFO  c.uet.server.network.ClientManager - Không có client nào đang xem auction: 1573672628
2026-05-31 07:45:46 [pool-1-thread-1] INFO  c.uet.server.network.ClientManager - Không có client nào đang xem auction: 1573672628
2026-05-31 07:45:47 [pool-1-thread-1] INFO  c.uet.server.network.ClientManager - Không có client nào đang xem auction: 1573672628
2026-05-31 07:45:49 [pool-1-thread-1] INFO  c.uet.server.network.ClientManager - Không có client nào đang xem auction: 1573672628
2026-05-31 07:45:50 [pool-1-thread-1] INFO  c.uet.server.network.ClientManager - Không có client nào đang xem auction: 1573672628
2026-05-31 07:45:52 [pool-1-thread-1] INFO  c.uet.server.network.ClientManager - Không có client nào đang xem auction: 1573672628
2026-05-31 07:45:53 [pool-1-thread-1] INFO  c.uet.server.network.ClientManager - Không có client nào đang xem auction: 1573672628
2026-05-31 07:45:55 [pool-1-thread-1] INFO  c.uet.server.network.ClientManager - Không có client nào đang xem auction: 1573672628
2026-05-31 07:45:56 [pool-1-thread-1] INFO  c.uet.server.network.ClientManager - Không có client nào đang xem auction: 1573672628
2026-05-31 07:45:58 [pool-1-thread-1] INFO  c.uet.server.network.ClientManager - Không có client nào đang xem auction: 1573672628
2026-05-31 07:45:59 [pool-1-thread-1] INFO  c.uet.server.network.ClientManager - Không có client nào đang xem auction: 1573672628
2026-05-31 07:46:01 [pool-1-thread-1] INFO  c.uet.server.network.ClientManager - Không có client nào đang xem auction: 1573672628
2026-05-31 07:46:02 [pool-1-thread-1] INFO  c.uet.server.network.ClientManager - Không có client nào đang xem auction: 1573672628
2026-05-31 07:46:04 [pool-1-thread-1] INFO  c.uet.server.network.ClientManager - Không có client nào đang xem auction: 1573672628
2026-05-31 07:46:05 [pool-1-thread-1] INFO  c.uet.server.network.ClientManager - Không có client nào đang xem auction: 1573672628
2026-05-31 07:46:07 [pool-1-thread-1] INFO  c.uet.server.network.ClientManager - Không có client nào đang xem auction: 1573672628
2026-05-31 07:46:08 [pool-1-thread-1] INFO  c.uet.server.network.ClientManager - Không có client nào đang xem auction: 1573672628
2026-05-31 07:46:10 [pool-1-thread-1] INFO  c.uet.server.network.ClientManager - Không có client nào đang xem auction: 1573672628
2026-05-31 07:46:11 [pool-1-thread-1] INFO  c.uet.server.network.ClientManager - Không có client nào đang xem auction: 1573672628
2026-05-31 07:46:13 [pool-1-thread-1] INFO  c.uet.server.network.ClientManager - Không có client nào đang xem auction: 1573672628
2026-05-31 07:46:14 [pool-1-thread-1] INFO  c.uet.server.network.ClientManager - Không có client nào đang xem auction: 1573672628
2026-05-31 07:46:16 [pool-1-thread-1] INFO  c.uet.server.network.ClientManager - Không có client nào đang xem auction: 1573672628
2026-05-31 07:46:17 [pool-1-thread-1] INFO  c.uet.server.network.ClientManager - Không có client nào đang xem auction: 1573672628
2026-05-31 07:46:19 [pool-1-thread-1] INFO  c.uet.server.network.ClientManager - Không có client nào đang xem auction: 1573672628
2026-05-31 07:46:20 [pool-1-thread-1] INFO  c.uet.server.network.ClientManager - Không có client nào đang xem auction: 1573672628
2026-05-31 07:46:22 [pool-1-thread-1] INFO  c.uet.server.network.ClientManager - Không có client nào đang xem auction: 1573672628
2026-05-31 07:46:23 [pool-1-thread-1] INFO  c.uet.server.network.ClientManager - Không có client nào đang xem auction: 1573672628
2026-05-31 07:46:25 [pool-1-thread-1] INFO  c.uet.server.network.ClientManager - Không có client nào đang xem auction: 1573672628
2026-05-31 07:46:26 [pool-1-thread-1] INFO  c.uet.server.network.ClientManager - Không có client nào đang xem auction: 1573672628
2026-05-31 07:46:28 [pool-1-thread-1] INFO  c.uet.server.network.ClientManager - Không có client nào đang xem auction: 1573672628
2026-05-31 07:46:29 [pool-1-thread-1] INFO  c.uet.server.network.ClientManager - Không có client nào đang xem auction: 1573672628
2026-05-31 07:46:31 [pool-1-thread-1] INFO  c.uet.server.network.ClientManager - Không có client nào đang xem auction: 1573672628
2026-05-31 07:46:32 [pool-1-thread-1] INFO  c.uet.server.network.ClientManager - Không có client nào đang xem auction: 1573672628
2026-05-31 07:46:34 [pool-1-thread-1] INFO  c.uet.server.network.ClientManager - Không có client nào đang xem auction: 1573672628
2026-05-31 07:46:35 [pool-1-thread-1] INFO  c.uet.server.network.ClientManager - Không có client nào đang xem auction: 1573672628
2026-05-31 07:46:37 [pool-1-thread-1] INFO  c.uet.server.network.ClientManager - Không có client nào đang xem auction: 1573672628
2026-05-31 07:46:38 [pool-1-thread-1] INFO  c.uet.server.network.ClientManager - Không có client nào đang xem auction: 1573672628
2026-05-31 07:46:40 [pool-1-thread-1] INFO  c.uet.server.network.ClientManager - Không có client nào đang xem auction: 1573672628
2026-05-31 07:46:41 [pool-1-thread-1] INFO  c.uet.server.network.ClientManager - Không có client nào đang xem auction: 1573672628
2026-05-31 07:46:43 [pool-1-thread-1] INFO  c.uet.server.network.ClientManager - Không có client nào đang xem auction: 1573672628
2026-05-31 07:46:44 [pool-1-thread-1] INFO  c.uet.server.network.ClientManager - Không có client nào đang xem auction: 1573672628
2026-05-31 07:46:46 [pool-1-thread-1] INFO  c.uet.server.network.ClientManager - Không có client nào đang xem auction: 1573672628
2026-05-31 07:46:47 [pool-1-thread-1] INFO  c.uet.server.network.ClientManager - Không có client nào đang xem auction: 1573672628
2026-05-31 07:46:49 [pool-1-thread-1] INFO  c.uet.server.network.ClientManager - Không có client nào đang xem auction: 1573672628
2026-05-31 07:46:50 [pool-1-thread-1] INFO  c.uet.server.network.ClientManager - Không có client nào đang xem auction: 1573672628
2026-05-31 07:46:52 [pool-1-thread-1] INFO  c.uet.server.network.ClientManager - Không có client nào đang xem auction: 1573672628
2026-05-31 07:46:53 [pool-1-thread-1] INFO  c.uet.server.network.ClientManager - Không có client nào đang xem auction: 1573672628
2026-05-31 07:46:55 [pool-1-thread-1] INFO  c.uet.server.network.ClientManager - Không có client nào đang xem auction: 1573672628
2026-05-31 07:46:56 [pool-1-thread-1] INFO  c.uet.server.network.ClientManager - Không có client nào đang xem auction: 1573672628
2026-05-31 07:46:58 [pool-1-thread-1] INFO  c.uet.server.network.ClientManager - Không có client nào đang xem auction: 1573672628
2026-05-31 07:46:59 [pool-1-thread-1] INFO  c.uet.server.network.ClientManager - Không có client nào đang xem auction: 1573672628
2026-05-31 07:47:01 [pool-1-thread-1] INFO  c.uet.server.network.ClientManager - Không có client nào đang xem auction: 1573672628
2026-05-31 07:47:02 [pool-1-thread-1] INFO  c.uet.server.network.ClientManager - Không có client nào đang xem auction: 1573672628
2026-05-31 07:47:04 [pool-1-thread-1] INFO  c.uet.server.network.ClientManager - Không có client nào đang xem auction: 1573672628
2026-05-31 07:47:05 [pool-1-thread-1] INFO  c.uet.server.network.ClientManager - Không có client nào đang xem auction: 1573672628
2026-05-31 07:47:07 [pool-1-thread-1] INFO  c.uet.server.network.ClientManager - Không có client nào đang xem auction: 1573672628
2026-05-31 07:47:08 [pool-1-thread-1] INFO  c.uet.server.network.ClientManager - Không có client nào đang xem auction: 1573672628
2026-05-31 07:47:10 [pool-1-thread-1] INFO  c.uet.server.network.ClientManager - Không có client nào đang xem auction: 1573672628
2026-05-31 07:47:11 [pool-1-thread-1] INFO  c.uet.server.network.ClientManager - Không có client nào đang xem auction: 1573672628
2026-05-31 07:47:13 [pool-1-thread-1] INFO  c.uet.server.network.ClientManager - Không có client nào đang xem auction: 1573672628
2026-05-31 07:47:14 [pool-1-thread-1] INFO  c.uet.server.network.ClientManager - Không có client nào đang xem auction: 1573672628
2026-05-31 07:47:16 [pool-1-thread-1] INFO  c.uet.server.network.ClientManager - Không có client nào đang xem auction: 1573672628
2026-05-31 07:47:17 [pool-1-thread-1] INFO  c.uet.server.network.ClientManager - Không có client nào đang xem auction: 1573672628
2026-05-31 07:47:19 [pool-1-thread-1] INFO  c.uet.server.network.ClientManager - Không có client nào đang xem auction: 1573672628
2026-05-31 07:47:20 [pool-1-thread-1] INFO  c.uet.server.network.ClientManager - Không có client nào đang xem auction: 1573672628
2026-05-31 07:47:22 [pool-1-thread-1] INFO  c.uet.server.network.ClientManager - Không có client nào đang xem auction: 1573672628
2026-05-31 07:47:23 [pool-1-thread-1] INFO  c.uet.server.network.ClientManager - Không có client nào đang xem auction: 1573672628
2026-05-31 07:47:25 [pool-1-thread-1] INFO  c.uet.server.network.ClientManager - Không có client nào đang xem auction: 1573672628
2026-05-31 07:47:26 [pool-1-thread-1] INFO  c.uet.server.network.ClientManager - Không có client nào đang xem auction: 1573672628
2026-05-31 07:47:28 [pool-1-thread-1] INFO  c.uet.server.network.ClientManager - Không có client nào đang xem auction: 1573672628
2026-05-31 07:47:29 [pool-1-thread-1] INFO  c.uet.server.network.ClientManager - Không có client nào đang xem auction: 1573672628
2026-05-31 07:47:31 [pool-1-thread-1] INFO  c.uet.server.network.ClientManager - Không có client nào đang xem auction: 1573672628
2026-05-31 07:47:32 [pool-1-thread-1] INFO  c.uet.server.network.ClientManager - Không có client nào đang xem auction: 1573672628
2026-05-31 07:47:34 [pool-1-thread-1] INFO  c.uet.server.network.ClientManager - Không có client nào đang xem auction: 1573672628
2026-05-31 07:47:35 [pool-1-thread-1] INFO  c.uet.server.network.ClientManager - Không có client nào đang xem auction: 1573672628
2026-05-31 07:47:37 [pool-1-thread-1] INFO  c.uet.server.network.ClientManager - Không có client nào đang xem auction: 1573672628
2026-05-31 07:47:38 [pool-1-thread-1] INFO  c.uet.server.network.ClientManager - Không có client nào đang xem auction: 1573672628
2026-05-31 07:47:40 [pool-1-thread-1] INFO  c.uet.server.network.ClientManager - Không có client nào đang xem auction: 1573672628
2026-05-31 07:47:41 [pool-1-thread-1] INFO  c.uet.server.network.ClientManager - Không có client nào đang xem auction: 1573672628
2026-05-31 07:47:43 [pool-1-thread-1] INFO  c.uet.server.network.ClientManager - Không có client nào đang xem auction: 1573672628
2026-05-31 07:47:44 [pool-1-thread-1] INFO  c.uet.server.network.ClientManager - Không có client nào đang xem auction: 1573672628
2026-05-31 07:47:46 [pool-1-thread-1] INFO  c.uet.server.network.ClientManager - Không có client nào đang xem auction: 1573672628
2026-05-31 07:47:47 [pool-1-thread-1] INFO  c.uet.server.network.ClientManager - Không có client nào đang xem auction: 1573672628
2026-05-31 07:47:49 [pool-1-thread-1] INFO  c.uet.server.network.ClientManager - Không có client nào đang xem auction: 1573672628
2026-05-31 07:47:50 [pool-1-thread-1] INFO  c.uet.server.network.ClientManager - Không có client nào đang xem auction: 1573672628
2026-05-31 07:47:52 [pool-1-thread-1] INFO  c.uet.server.network.ClientManager - Không có client nào đang xem auction: 1573672628
2026-05-31 07:47:53 [pool-1-thread-1] INFO  c.uet.server.network.ClientManager - Không có client nào đang xem auction: 1573672628
2026-05-31 07:47:55 [pool-1-thread-1] INFO  c.uet.server.network.ClientManager - Không có client nào đang xem auction: 1573672628
2026-05-31 07:47:56 [pool-1-thread-1] INFO  c.uet.server.network.ClientManager - Không có client nào đang xem auction: 1573672628
2026-05-31 07:47:58 [pool-1-thread-1] INFO  c.uet.server.network.ClientManager - Không có client nào đang xem auction: 1573672628
2026-05-31 07:47:59 [pool-1-thread-1] INFO  c.uet.server.network.ClientManager - Không có client nào đang xem auction: 1573672628
2026-05-31 07:48:01 [pool-1-thread-1] INFO  c.uet.server.network.ClientManager - Không có client nào đang xem auction: 1573672628
2026-05-31 07:48:02 [pool-1-thread-1] INFO  c.uet.server.network.ClientManager - Không có client nào đang xem auction: 1573672628
2026-05-31 07:48:04 [pool-1-thread-1] INFO  c.uet.server.network.ClientManager - Không có client nào đang xem auction: 1573672628
2026-05-31 07:48:05 [pool-1-thread-1] INFO  c.uet.server.network.ClientManager - Không có client nào đang xem auction: 1573672628
2026-05-31 07:48:07 [pool-1-thread-1] INFO  c.uet.server.network.ClientManager - Không có client nào đang xem auction: 1573672628
2026-05-31 07:48:08 [pool-1-thread-1] INFO  c.uet.server.network.ClientManager - Không có client nào đang xem auction: 1573672628
2026-05-31 07:48:10 [pool-1-thread-1] INFO  c.uet.server.network.ClientManager - Không có client nào đang xem auction: 1573672628
2026-05-31 07:48:11 [pool-1-thread-1] INFO  c.uet.server.network.ClientManager - Không có client nào đang xem auction: 1573672628
2026-05-31 07:48:13 [pool-1-thread-1] INFO  c.uet.server.network.ClientManager - Không có client nào đang xem auction: 1573672628
2026-05-31 07:48:14 [pool-1-thread-1] INFO  c.uet.server.network.ClientManager - Không có client nào đang xem auction: 1573672628
2026-05-31 07:48:16 [pool-1-thread-1] INFO  c.uet.server.network.ClientManager - Không có client nào đang xem auction: 1573672628
2026-05-31 07:48:17 [pool-1-thread-1] INFO  c.uet.server.network.ClientManager - Không có client nào đang xem auction: 1573672628
2026-05-31 07:48:19 [pool-1-thread-1] INFO  c.uet.server.network.ClientManager - Không có client nào đang xem auction: 1573672628
2026-05-31 07:48:20 [pool-1-thread-1] INFO  c.uet.server.network.ClientManager - Không có client nào đang xem auction: 1573672628
2026-05-31 07:48:22 [pool-1-thread-1] INFO  c.uet.server.network.ClientManager - Không có client nào đang xem auction: 1573672628
2026-05-31 07:48:23 [pool-1-thread-1] INFO  c.uet.server.network.ClientManager - Không có client nào đang xem auction: 1573672628
2026-05-31 07:48:25 [pool-1-thread-1] INFO  c.uet.server.network.ClientManager - Không có client nào đang xem auction: 1573672628
2026-05-31 07:48:26 [pool-1-thread-1] INFO  c.uet.server.network.ClientManager - Không có client nào đang xem auction: 1573672628
2026-05-31 07:48:28 [pool-1-thread-1] INFO  c.uet.server.network.ClientManager - Không có client nào đang xem auction: 1573672628
2026-05-31 07:48:29 [pool-1-thread-1] INFO  c.uet.server.network.ClientManager - Không có client nào đang xem auction: 1573672628
2026-05-31 07:48:31 [pool-1-thread-1] INFO  c.uet.server.network.ClientManager - Không có client nào đang xem auction: 1573672628
2026-05-31 07:48:32 [pool-1-thread-1] INFO  c.uet.server.network.ClientManager - Không có client nào đang xem auction: 1573672628
2026-05-31 07:48:34 [pool-1-thread-1] INFO  c.uet.server.network.ClientManager - Không có client nào đang xem auction: 1573672628
2026-05-31 07:48:35 [pool-1-thread-1] INFO  c.uet.server.network.ClientManager - Không có client nào đang xem auction: 1573672628
2026-05-31 07:48:37 [pool-1-thread-1] INFO  c.uet.server.network.ClientManager - Không có client nào đang xem auction: 1573672628
2026-05-31 07:48:38 [pool-1-thread-1] INFO  c.uet.server.network.ClientManager - Không có client nào đang xem auction: 1573672628
2026-05-31 07:48:40 [pool-1-thread-1] INFO  c.uet.server.network.ClientManager - Không có client nào đang xem auction: 1573672628
2026-05-31 07:48:41 [pool-1-thread-1] INFO  c.uet.server.network.ClientManager - Không có client nào đang xem auction: 1573672628
2026-05-31 07:48:43 [pool-1-thread-1] INFO  c.uet.server.network.ClientManager - Không có client nào đang xem auction: 1573672628
2026-05-31 07:48:44 [pool-1-thread-1] INFO  c.uet.server.network.ClientManager - Không có client nào đang xem auction: 1573672628
2026-05-31 07:48:46 [pool-1-thread-1] INFO  c.uet.server.network.ClientManager - Không có client nào đang xem auction: 1573672628
2026-05-31 07:48:47 [pool-1-thread-1] INFO  c.uet.server.network.ClientManager - Không có client nào đang xem auction: 1573672628
2026-05-31 07:48:49 [pool-1-thread-1] INFO  c.uet.server.network.ClientManager - Không có client nào đang xem auction: 1573672628
2026-05-31 07:48:50 [pool-1-thread-1] INFO  c.uet.server.network.ClientManager - Không có client nào đang xem auction: 1573672628
2026-05-31 07:48:52 [pool-1-thread-1] INFO  c.uet.server.network.ClientManager - Không có client nào đang xem auction: 1573672628
2026-05-31 07:48:53 [pool-1-thread-1] INFO  c.uet.server.network.ClientManager - Không có client nào đang xem auction: 1573672628
2026-05-31 07:48:55 [pool-1-thread-1] INFO  c.uet.server.network.ClientManager - Không có client nào đang xem auction: 1573672628
2026-05-31 07:48:56 [pool-1-thread-1] INFO  c.uet.server.network.ClientManager - Không có client nào đang xem auction: 1573672628
2026-05-31 07:48:58 [pool-1-thread-1] INFO  c.uet.server.network.ClientManager - Không có client nào đang xem auction: 1573672628
2026-05-31 07:48:59 [pool-1-thread-1] INFO  c.uet.server.network.ClientManager - Không có client nào đang xem auction: 1573672628
2026-05-31 07:49:01 [pool-1-thread-1] INFO  c.uet.server.network.ClientManager - Không có client nào đang xem auction: 1573672628
2026-05-31 07:49:02 [pool-1-thread-1] INFO  c.uet.server.network.ClientManager - Không có client nào đang xem auction: 1573672628
2026-05-31 07:49:04 [pool-1-thread-1] INFO  c.uet.server.network.ClientManager - Không có client nào đang xem auction: 1573672628
2026-05-31 07:49:05 [pool-1-thread-1] INFO  c.uet.server.network.ClientManager - Không có client nào đang xem auction: 1573672628
2026-05-31 07:49:07 [pool-1-thread-1] INFO  c.uet.server.network.ClientManager - Không có client nào đang xem auction: 1573672628
2026-05-31 07:49:08 [pool-1-thread-1] INFO  c.uet.server.network.ClientManager - Không có client nào đang xem auction: 1573672628
2026-05-31 07:49:10 [pool-1-thread-1] INFO  c.uet.server.network.ClientManager - Không có client nào đang xem auction: 1573672628
2026-05-31 07:49:11 [pool-1-thread-1] INFO  c.uet.server.network.ClientManager - Không có client nào đang xem auction: 1573672628
2026-05-31 07:49:13 [pool-1-thread-1] INFO  c.uet.server.network.ClientManager - Không có client nào đang xem auction: 1573672628
2026-05-31 07:49:14 [pool-1-thread-1] INFO  c.uet.server.network.ClientManager - Không có client nào đang xem auction: 1573672628
2026-05-31 07:49:16 [pool-1-thread-1] INFO  c.uet.server.network.ClientManager - Không có client nào đang xem auction: 1573672628
2026-05-31 07:49:17 [pool-1-thread-1] INFO  c.uet.server.network.ClientManager - Không có client nào đang xem auction: 1573672628
2026-05-31 07:49:19 [pool-1-thread-1] INFO  c.uet.server.network.ClientManager - Không có client nào đang xem auction: 1573672628
2026-05-31 07:49:20 [pool-1-thread-1] INFO  c.uet.server.network.ClientManager - Không có client nào đang xem auction: 1573672628
2026-05-31 07:49:22 [pool-1-thread-1] INFO  c.uet.server.network.ClientManager - Không có client nào đang xem auction: 1573672628
2026-05-31 07:49:23 [pool-1-thread-1] INFO  c.uet.server.network.ClientManager - Không có client nào đang xem auction: 1573672628
2026-05-31 07:49:25 [pool-1-thread-1] INFO  c.uet.server.network.ClientManager - Không có client nào đang xem auction: 1573672628
2026-05-31 07:49:26 [pool-1-thread-1] INFO  c.uet.server.network.ClientManager - Không có client nào đang xem auction: 1573672628
2026-05-31 07:49:28 [pool-1-thread-1] INFO  c.uet.server.network.ClientManager - Không có client nào đang xem auction: 1573672628
2026-05-31 07:49:29 [pool-1-thread-1] INFO  c.uet.server.network.ClientManager - Không có client nào đang xem auction: 1573672628
2026-05-31 07:49:31 [pool-1-thread-1] INFO  c.uet.server.network.ClientManager - Không có client nào đang xem auction: 1573672628
2026-05-31 07:49:32 [pool-1-thread-1] INFO  c.uet.server.network.ClientManager - Không có client nào đang xem auction: 1573672628
2026-05-31 07:49:34 [pool-1-thread-1] INFO  c.uet.server.network.ClientManager - Không có client nào đang xem auction: 1573672628
2026-05-31 07:49:35 [pool-1-thread-1] INFO  c.uet.server.network.ClientManager - Không có client nào đang xem auction: 1573672628
2026-05-31 07:49:37 [pool-1-thread-1] INFO  c.uet.server.network.ClientManager - Không có client nào đang xem auction: 1573672628
2026-05-31 07:49:38 [pool-1-thread-1] INFO  c.uet.server.network.ClientManager - Không có client nào đang xem auction: 1573672628
2026-05-31 07:49:40 [pool-1-thread-1] INFO  c.uet.server.network.ClientManager - Không có client nào đang xem auction: 1573672628
2026-05-31 07:49:41 [pool-1-thread-1] INFO  c.uet.server.network.ClientManager - Không có client nào đang xem auction: 1573672628
2026-05-31 07:49:43 [pool-1-thread-1] INFO  c.uet.server.network.ClientManager - Không có client nào đang xem auction: 1573672628
2026-05-31 07:49:44 [pool-1-thread-1] INFO  c.uet.server.network.ClientManager - Không có client nào đang xem auction: 1573672628
2026-05-31 07:49:46 [pool-1-thread-1] INFO  c.uet.server.network.ClientManager - Không có client nào đang xem auction: 1573672628
2026-05-31 07:49:47 [pool-1-thread-1] INFO  c.uet.server.network.ClientManager - Không có client nào đang xem auction: 1573672628
2026-05-31 07:49:49 [pool-1-thread-1] INFO  c.uet.server.network.ClientManager - Không có client nào đang xem auction: 1573672628
2026-05-31 07:49:50 [pool-1-thread-1] INFO  c.uet.server.network.ClientManager - Không có client nào đang xem auction: 1573672628
2026-05-31 07:49:52 [pool-1-thread-1] INFO  c.uet.server.network.ClientManager - Không có client nào đang xem auction: 1573672628
2026-05-31 07:49:53 [pool-1-thread-1] INFO  c.uet.server.network.ClientManager - Không có client nào đang xem auction: 1573672628
2026-05-31 07:49:55 [pool-1-thread-1] INFO  c.uet.server.network.ClientManager - Không có client nào đang xem auction: 1573672628
2026-05-31 07:49:56 [pool-1-thread-1] INFO  c.uet.server.network.ClientManager - Không có client nào đang xem auction: 1573672628
2026-05-31 07:49:58 [pool-1-thread-1] INFO  c.uet.server.network.ClientManager - Không có client nào đang xem auction: 1573672628
2026-05-31 07:49:59 [pool-1-thread-1] INFO  c.uet.server.network.ClientManager - Không có client nào đang xem auction: 1573672628
2026-05-31 07:50:01 [pool-1-thread-1] INFO  c.uet.server.network.ClientManager - Không có client nào đang xem auction: 1573672628
2026-05-31 07:50:02 [pool-1-thread-1] INFO  c.uet.server.network.ClientManager - Không có client nào đang xem auction: 1573672628
2026-05-31 07:50:04 [pool-1-thread-1] INFO  c.uet.server.network.ClientManager - Không có client nào đang xem auction: 1573672628
2026-05-31 07:50:05 [pool-1-thread-1] INFO  c.uet.server.network.ClientManager - Không có client nào đang xem auction: 1573672628
2026-05-31 07:50:07 [pool-1-thread-1] INFO  c.uet.server.network.ClientManager - Không có client nào đang xem auction: 1573672628
2026-05-31 07:50:08 [pool-1-thread-1] INFO  c.uet.server.network.ClientManager - Không có client nào đang xem auction: 1573672628
2026-05-31 07:50:10 [pool-1-thread-1] INFO  c.uet.server.network.ClientManager - Không có client nào đang xem auction: 1573672628
2026-05-31 07:50:11 [pool-1-thread-1] INFO  c.uet.server.network.ClientManager - Không có client nào đang xem auction: 1573672628
2026-05-31 07:50:13 [pool-1-thread-1] INFO  c.uet.server.network.ClientManager - Không có client nào đang xem auction: 1573672628
2026-05-31 07:50:14 [pool-1-thread-1] INFO  c.uet.server.network.ClientManager - Không có client nào đang xem auction: 1573672628
2026-05-31 07:50:16 [pool-1-thread-1] INFO  c.uet.server.network.ClientManager - Không có client nào đang xem auction: 1573672628
2026-05-31 07:50:17 [pool-1-thread-1] INFO  c.uet.server.network.ClientManager - Không có client nào đang xem auction: 1573672628
2026-05-31 07:50:19 [pool-1-thread-1] INFO  c.uet.server.network.ClientManager - Không có client nào đang xem auction: 1573672628
2026-05-31 07:50:20 [pool-1-thread-1] INFO  c.uet.server.network.ClientManager - Không có client nào đang xem auction: 1573672628
2026-05-31 07:50:22 [pool-1-thread-1] INFO  c.uet.server.network.ClientManager - Không có client nào đang xem auction: 1573672628
2026-05-31 07:50:23 [pool-1-thread-1] INFO  c.uet.server.network.ClientManager - Không có client nào đang xem auction: 1573672628
2026-05-31 07:50:25 [pool-1-thread-1] INFO  c.uet.server.network.ClientManager - Không có client nào đang xem auction: 1573672628
2026-05-31 07:50:26 [pool-1-thread-1] INFO  c.uet.server.network.ClientManager - Không có client nào đang xem auction: 1573672628
2026-05-31 07:50:28 [pool-1-thread-1] INFO  c.uet.server.network.ClientManager - Không có client nào đang xem auction: 1573672628
2026-05-31 07:50:29 [pool-1-thread-1] INFO  c.uet.server.network.ClientManager - Không có client nào đang xem auction: 1573672628
2026-05-31 07:50:31 [pool-1-thread-1] INFO  c.uet.server.network.ClientManager - Không có client nào đang xem auction: 1573672628
2026-05-31 07:50:32 [pool-1-thread-1] INFO  c.uet.server.network.ClientManager - Không có client nào đang xem auction: 1573672628
2026-05-31 07:50:34 [pool-1-thread-1] INFO  c.uet.server.network.ClientManager - Không có client nào đang xem auction: 1573672628
2026-05-31 07:50:35 [pool-1-thread-1] INFO  c.uet.server.network.ClientManager - Không có client nào đang xem auction: 1573672628
2026-05-31 07:50:37 [pool-1-thread-1] INFO  c.uet.server.network.ClientManager - Không có client nào đang xem auction: 1573672628
2026-05-31 07:50:38 [pool-1-thread-1] INFO  c.uet.server.network.ClientManager - Không có client nào đang xem auction: 1573672628
2026-05-31 07:50:40 [pool-1-thread-1] INFO  c.uet.server.network.ClientManager - Không có client nào đang xem auction: 1573672628
2026-05-31 07:50:41 [pool-1-thread-1] INFO  c.uet.server.network.ClientManager - Không có client nào đang xem auction: 1573672628
2026-05-31 07:50:43 [pool-1-thread-1] INFO  c.uet.server.network.ClientManager - Không có client nào đang xem auction: 1573672628
2026-05-31 07:50:44 [pool-1-thread-1] INFO  c.uet.server.network.ClientManager - Không có client nào đang xem auction: 1573672628
2026-05-31 07:50:46 [pool-1-thread-1] INFO  c.uet.server.network.ClientManager - Không có client nào đang xem auction: 1573672628
2026-05-31 07:50:47 [pool-1-thread-1] INFO  c.uet.server.network.ClientManager - Không có client nào đang xem auction: 1573672628
2026-05-31 07:50:49 [pool-1-thread-1] INFO  c.uet.server.network.ClientManager - Không có client nào đang xem auction: 1573672628
2026-05-31 07:50:50 [pool-1-thread-1] INFO  c.uet.server.network.ClientManager - Không có client nào đang xem auction: 1573672628
2026-05-31 07:50:52 [pool-1-thread-1] INFO  c.uet.server.network.ClientManager - Không có client nào đang xem auction: 1573672628
2026-05-31 07:50:53 [pool-1-thread-1] INFO  c.uet.server.network.ClientManager - Không có client nào đang xem auction: 1573672628
2026-05-31 07:50:55 [pool-1-thread-1] INFO  c.uet.server.network.ClientManager - Không có client nào đang xem auction: 1573672628
2026-05-31 07:50:56 [pool-1-thread-1] INFO  c.uet.server.network.ClientManager - Không có client nào đang xem auction: 1573672628
2026-05-31 07:50:58 [pool-1-thread-1] INFO  c.uet.server.network.ClientManager - Không có client nào đang xem auction: 1573672628
2026-05-31 07:50:59 [pool-1-thread-1] INFO  c.uet.server.network.ClientManager - Không có client nào đang xem auction: 1573672628
2026-05-31 07:51:01 [pool-1-thread-1] INFO  c.uet.server.network.ClientManager - Không có client nào đang xem auction: 1573672628
2026-05-31 07:51:02 [pool-1-thread-1] INFO  c.uet.server.network.ClientManager - Không có client nào đang xem auction: 1573672628
2026-05-31 07:51:04 [pool-1-thread-1] INFO  c.uet.server.network.ClientManager - Không có client nào đang xem auction: 1573672628
2026-05-31 07:51:05 [pool-1-thread-1] INFO  c.uet.server.network.ClientManager - Không có client nào đang xem auction: 1573672628
2026-05-31 07:51:07 [pool-1-thread-1] INFO  c.uet.server.network.ClientManager - Không có client nào đang xem auction: 1573672628
2026-05-31 07:51:08 [pool-1-thread-1] INFO  c.uet.server.network.ClientManager - Không có client nào đang xem auction: 1573672628
2026-05-31 07:51:10 [pool-1-thread-1] INFO  c.uet.server.network.ClientManager - Không có client nào đang xem auction: 1573672628
2026-05-31 07:51:11 [pool-1-thread-1] INFO  c.uet.server.network.ClientManager - Không có client nào đang xem auction: 1573672628
2026-05-31 07:51:13 [pool-1-thread-1] INFO  c.uet.server.network.ClientManager - Không có client nào đang xem auction: 1573672628
2026-05-31 07:51:14 [pool-1-thread-1] INFO  c.uet.server.network.ClientManager - Không có client nào đang xem auction: 1573672628
2026-05-31 07:51:16 [pool-1-thread-1] INFO  c.uet.server.network.ClientManager - Không có client nào đang xem auction: 1573672628
2026-05-31 07:51:17 [pool-1-thread-1] INFO  c.uet.server.network.ClientManager - Không có client nào đang xem auction: 1573672628
2026-05-31 07:51:19 [pool-1-thread-1] INFO  c.uet.server.network.ClientManager - Không có client nào đang xem auction: 1573672628
2026-05-31 07:51:20 [pool-1-thread-1] INFO  c.uet.server.network.ClientManager - Không có client nào đang xem auction: 1573672628
2026-05-31 07:51:22 [pool-1-thread-1] INFO  c.uet.server.network.ClientManager - Không có client nào đang xem auction: 1573672628
2026-05-31 07:51:23 [pool-1-thread-1] INFO  c.uet.server.network.ClientManager - Không có client nào đang xem auction: 1573672628
2026-05-31 07:51:25 [pool-1-thread-1] INFO  c.uet.server.network.ClientManager - Không có client nào đang xem auction: 1573672628
2026-05-31 07:51:26 [pool-1-thread-1] INFO  c.uet.server.network.ClientManager - Không có client nào đang xem auction: 1573672628
2026-05-31 07:51:28 [pool-1-thread-1] INFO  c.uet.server.network.ClientManager - Không có client nào đang xem auction: 1573672628
2026-05-31 07:51:29 [pool-1-thread-1] INFO  c.uet.server.network.ClientManager - Không có client nào đang xem auction: 1573672628
2026-05-31 07:51:31 [pool-1-thread-1] INFO  c.uet.server.network.ClientManager - Không có client nào đang xem auction: 1573672628
2026-05-31 07:51:32 [pool-1-thread-1] INFO  c.uet.server.network.ClientManager - Không có client nào đang xem auction: 1573672628
2026-05-31 07:51:34 [pool-1-thread-1] INFO  c.uet.server.network.ClientManager - Không có client nào đang xem auction: 1573672628
2026-05-31 07:51:35 [pool-1-thread-1] INFO  c.uet.server.network.ClientManager - Không có client nào đang xem auction: 1573672628
2026-05-31 07:51:37 [pool-1-thread-1] INFO  c.uet.server.network.ClientManager - Không có client nào đang xem auction: 1573672628
2026-05-31 07:51:38 [pool-1-thread-1] INFO  c.uet.server.network.ClientManager - Không có client nào đang xem auction: 1573672628
2026-05-31 07:51:40 [pool-1-thread-1] INFO  c.uet.server.network.ClientManager - Không có client nào đang xem auction: 1573672628
2026-05-31 07:51:41 [pool-1-thread-1] INFO  c.uet.server.network.ClientManager - Không có client nào đang xem auction: 1573672628
2026-05-31 07:51:43 [pool-1-thread-1] INFO  c.uet.server.network.ClientManager - Không có client nào đang xem auction: 1573672628
2026-05-31 07:51:44 [pool-1-thread-1] INFO  c.uet.server.network.ClientManager - Không có client nào đang xem auction: 1573672628
2026-05-31 07:51:46 [pool-1-thread-1] INFO  c.uet.server.network.ClientManager - Không có client nào đang xem auction: 1573672628
2026-05-31 07:51:47 [pool-1-thread-1] INFO  c.uet.server.network.ClientManager - Không có client nào đang xem auction: 1573672628
2026-05-31 07:51:49 [pool-1-thread-1] INFO  c.uet.server.network.ClientManager - Không có client nào đang xem auction: 1573672628
2026-05-31 07:51:50 [pool-1-thread-1] INFO  c.uet.server.network.ClientManager - Không có client nào đang xem auction: 1573672628
2026-05-31 07:51:52 [pool-1-thread-1] INFO  c.uet.server.network.ClientManager - Không có client nào đang xem auction: 1573672628
2026-05-31 07:51:53 [pool-1-thread-1] INFO  c.uet.server.network.ClientManager - Không có client nào đang xem auction: 1573672628
2026-05-31 07:51:55 [pool-1-thread-1] INFO  c.uet.server.network.ClientManager - Không có client nào đang xem auction: 1573672628
2026-05-31 07:51:56 [pool-1-thread-1] INFO  c.uet.server.network.ClientManager - Không có client nào đang xem auction: 1573672628
2026-05-31 07:51:58 [pool-1-thread-1] INFO  c.uet.server.network.ClientManager - Không có client nào đang xem auction: 1573672628
2026-05-31 07:51:59 [pool-1-thread-1] INFO  c.uet.server.network.ClientManager - Không có client nào đang xem auction: 1573672628
2026-05-31 07:52:01 [pool-1-thread-1] INFO  c.uet.server.network.ClientManager - Không có client nào đang xem auction: 1573672628
2026-05-31 07:52:02 [pool-1-thread-1] INFO  c.uet.server.network.ClientManager - Không có client nào đang xem auction: 1573672628
2026-05-31 07:52:04 [pool-1-thread-1] INFO  c.uet.server.network.ClientManager - Không có client nào đang xem auction: 1573672628
2026-05-31 07:52:05 [pool-1-thread-1] INFO  c.uet.server.network.ClientManager - Không có client nào đang xem auction: 1573672628
2026-05-31 07:52:07 [pool-1-thread-1] INFO  c.uet.server.network.ClientManager - Không có client nào đang xem auction: 1573672628
2026-05-31 07:52:08 [pool-1-thread-1] INFO  c.uet.server.network.ClientManager - Không có client nào đang xem auction: 1573672628
2026-05-31 07:52:10 [pool-1-thread-1] INFO  c.uet.server.network.ClientManager - Không có client nào đang xem auction: 1573672628
2026-05-31 07:52:11 [pool-1-thread-1] INFO  c.uet.server.network.ClientManager - Không có client nào đang xem auction: 1573672628
2026-05-31 07:52:13 [pool-1-thread-1] INFO  c.uet.server.network.ClientManager - Không có client nào đang xem auction: 1573672628
2026-05-31 07:52:14 [pool-1-thread-1] INFO  c.uet.server.network.ClientManager - Không có client nào đang xem auction: 1573672628
2026-05-31 07:52:16 [pool-1-thread-1] INFO  c.uet.server.network.ClientManager - Không có client nào đang xem auction: 1573672628
2026-05-31 07:52:17 [pool-1-thread-1] INFO  c.uet.server.network.ClientManager - Không có client nào đang xem auction: 1573672628
2026-05-31 07:52:19 [pool-1-thread-1] INFO  c.uet.server.network.ClientManager - Không có client nào đang xem auction: 1573672628
2026-05-31 07:52:20 [pool-1-thread-1] INFO  c.uet.server.network.ClientManager - Không có client nào đang xem auction: 1573672628
2026-05-31 07:52:22 [pool-1-thread-1] INFO  c.uet.server.network.ClientManager - Không có client nào đang xem auction: 1573672628
2026-05-31 07:52:23 [pool-1-thread-1] INFO  c.uet.server.network.ClientManager - Không có client nào đang xem auction: 1573672628
2026-05-31 07:52:25 [pool-1-thread-1] INFO  c.uet.server.network.ClientManager - Không có client nào đang xem auction: 1573672628
2026-05-31 07:52:26 [pool-1-thread-1] INFO  c.uet.server.network.ClientManager - Không có client nào đang xem auction: 1573672628
2026-05-31 07:52:28 [pool-1-thread-1] INFO  c.uet.server.network.ClientManager - Không có client nào đang xem auction: 1573672628
2026-05-31 07:52:29 [pool-1-thread-1] INFO  c.uet.server.network.ClientManager - Không có client nào đang xem auction: 1573672628
2026-05-31 07:52:31 [pool-1-thread-1] INFO  c.uet.server.network.ClientManager - Không có client nào đang xem auction: 1573672628
2026-05-31 07:52:32 [pool-1-thread-1] INFO  c.uet.server.network.ClientManager - Không có client nào đang xem auction: 1573672628
2026-05-31 07:52:34 [pool-1-thread-1] INFO  c.uet.server.network.ClientManager - Không có client nào đang xem auction: 1573672628
2026-05-31 07:52:35 [pool-1-thread-1] INFO  c.uet.server.network.ClientManager - Không có client nào đang xem auction: 1573672628
2026-05-31 07:52:37 [pool-1-thread-1] INFO  c.uet.server.network.ClientManager - Không có client nào đang xem auction: 1573672628
2026-05-31 07:52:38 [pool-1-thread-1] INFO  c.uet.server.network.ClientManager - Không có client nào đang xem auction: 1573672628
2026-05-31 07:52:40 [pool-1-thread-1] INFO  c.uet.server.network.ClientManager - Không có client nào đang xem auction: 1573672628
2026-05-31 07:52:41 [pool-1-thread-1] INFO  c.uet.server.network.ClientManager - Không có client nào đang xem auction: 1573672628
2026-05-31 07:52:43 [pool-1-thread-1] INFO  c.uet.server.network.ClientManager - Không có client nào đang xem auction: 1573672628
2026-05-31 07:52:44 [pool-1-thread-1] INFO  c.uet.server.network.ClientManager - Không có client nào đang xem auction: 1573672628
2026-05-31 07:52:46 [pool-1-thread-1] INFO  c.uet.server.network.ClientManager - Không có client nào đang xem auction: 1573672628
2026-05-31 07:52:47 [pool-1-thread-1] INFO  c.uet.server.network.ClientManager - Không có client nào đang xem auction: 1573672628
2026-05-31 07:52:49 [pool-1-thread-1] INFO  c.uet.server.network.ClientManager - Không có client nào đang xem auction: 1573672628
2026-05-31 07:52:50 [pool-1-thread-1] INFO  c.uet.server.network.ClientManager - Không có client nào đang xem auction: 1573672628
2026-05-31 07:52:52 [pool-1-thread-1] INFO  c.uet.server.network.ClientManager - Không có client nào đang xem auction: 1573672628
2026-05-31 07:52:53 [pool-1-thread-1] INFO  c.uet.server.network.ClientManager - Không có client nào đang xem auction: 1573672628
2026-05-31 07:52:55 [pool-1-thread-1] INFO  c.uet.server.network.ClientManager - Không có client nào đang xem auction: 1573672628
2026-05-31 07:52:56 [pool-1-thread-1] INFO  c.uet.server.network.ClientManager - Không có client nào đang xem auction: 1573672628
2026-05-31 07:52:58 [pool-1-thread-1] INFO  c.uet.server.network.ClientManager - Không có client nào đang xem auction: 1573672628
2026-05-31 07:52:59 [pool-1-thread-1] INFO  c.uet.server.network.ClientManager - Không có client nào đang xem auction: 1573672628
2026-05-31 07:53:01 [pool-1-thread-1] INFO  c.uet.server.network.ClientManager - Không có client nào đang xem auction: 1573672628
2026-05-31 07:53:02 [pool-1-thread-1] INFO  c.uet.server.network.ClientManager - Không có client nào đang xem auction: 1573672628
2026-05-31 07:53:04 [pool-1-thread-1] INFO  c.uet.server.network.ClientManager - Không có client nào đang xem auction: 1573672628
2026-05-31 07:53:05 [pool-1-thread-1] INFO  c.uet.server.network.ClientManager - Không có client nào đang xem auction: 1573672628
2026-05-31 07:53:07 [pool-1-thread-1] INFO  c.uet.server.network.ClientManager - Không có client nào đang xem auction: 1573672628
2026-05-31 07:53:08 [pool-1-thread-1] INFO  c.uet.server.network.ClientManager - Không có client nào đang xem auction: 1573672628
2026-05-31 07:53:10 [pool-1-thread-1] INFO  c.uet.server.network.ClientManager - Không có client nào đang xem auction: 1573672628
2026-05-31 07:53:11 [pool-1-thread-1] INFO  c.uet.server.network.ClientManager - Không có client nào đang xem auction: 1573672628
2026-05-31 07:53:13 [pool-1-thread-1] INFO  c.uet.server.network.ClientManager - Không có client nào đang xem auction: 1573672628
2026-05-31 07:53:14 [pool-1-thread-1] INFO  c.uet.server.network.ClientManager - Không có client nào đang xem auction: 1573672628
2026-05-31 07:53:16 [pool-1-thread-1] INFO  c.uet.server.network.ClientManager - Không có client nào đang xem auction: 1573672628
2026-05-31 07:53:17 [pool-1-thread-1] INFO  c.uet.server.network.ClientManager - Không có client nào đang xem auction: 1573672628
2026-05-31 07:53:19 [pool-1-thread-1] INFO  c.uet.server.network.ClientManager - Không có client nào đang xem auction: 1573672628
2026-05-31 07:53:20 [pool-1-thread-1] INFO  c.uet.server.network.ClientManager - Không có client nào đang xem auction: 1573672628
2026-05-31 07:53:22 [pool-1-thread-1] INFO  c.uet.server.network.ClientManager - Không có client nào đang xem auction: 1573672628
2026-05-31 07:53:23 [pool-1-thread-1] INFO  c.uet.server.network.ClientManager - Không có client nào đang xem auction: 1573672628
2026-05-31 07:53:25 [pool-1-thread-1] INFO  c.uet.server.network.ClientManager - Không có client nào đang xem auction: 1573672628
2026-05-31 07:53:26 [pool-1-thread-1] INFO  c.uet.server.network.ClientManager - Không có client nào đang xem auction: 1573672628
2026-05-31 07:53:28 [pool-1-thread-1] INFO  c.uet.server.network.ClientManager - Không có client nào đang xem auction: 1573672628
2026-05-31 07:53:29 [pool-1-thread-1] INFO  c.uet.server.network.ClientManager - Không có client nào đang xem auction: 1573672628
2026-05-31 07:53:31 [pool-1-thread-1] INFO  c.uet.server.network.ClientManager - Không có client nào đang xem auction: 1573672628
2026-05-31 07:53:32 [pool-1-thread-1] INFO  c.uet.server.network.ClientManager - Không có client nào đang xem auction: 1573672628
2026-05-31 07:53:34 [pool-1-thread-1] INFO  c.uet.server.network.ClientManager - Không có client nào đang xem auction: 1573672628
2026-05-31 07:53:35 [pool-1-thread-1] INFO  c.uet.server.network.ClientManager - Không có client nào đang xem auction: 1573672628
2026-05-31 07:53:37 [pool-1-thread-1] INFO  c.uet.server.network.ClientManager - Không có client nào đang xem auction: 1573672628
2026-05-31 07:53:38 [pool-1-thread-1] INFO  c.uet.server.network.ClientManager - Không có client nào đang xem auction: 1573672628
2026-05-31 07:53:40 [pool-1-thread-1] INFO  c.uet.server.network.ClientManager - Không có client nào đang xem auction: 1573672628
2026-05-31 07:53:41 [pool-1-thread-1] INFO  c.uet.server.network.ClientManager - Không có client nào đang xem auction: 1573672628
2026-05-31 07:53:43 [pool-1-thread-1] INFO  c.uet.server.network.ClientManager - Không có client nào đang xem auction: 1573672628
2026-05-31 07:53:44 [pool-1-thread-1] INFO  c.uet.server.network.ClientManager - Không có client nào đang xem auction: 1573672628
2026-05-31 07:53:46 [pool-1-thread-1] INFO  c.uet.server.network.ClientManager - Không có client nào đang xem auction: 1573672628
2026-05-31 07:53:47 [pool-1-thread-1] INFO  c.uet.server.network.ClientManager - Không có client nào đang xem auction: 1573672628
2026-05-31 07:53:49 [pool-1-thread-1] INFO  c.uet.server.network.ClientManager - Không có client nào đang xem auction: 1573672628
2026-05-31 07:53:50 [pool-1-thread-1] INFO  c.uet.server.network.ClientManager - Không có client nào đang xem auction: 1573672628
2026-05-31 07:53:52 [pool-1-thread-1] INFO  c.uet.server.network.ClientManager - Không có client nào đang xem auction: 1573672628
2026-05-31 07:53:53 [pool-1-thread-1] INFO  c.uet.server.network.ClientManager - Không có client nào đang xem auction: 1573672628
2026-05-31 07:53:55 [pool-1-thread-1] INFO  c.uet.server.network.ClientManager - Không có client nào đang xem auction: 1573672628
2026-05-31 07:53:56 [pool-1-thread-1] INFO  c.uet.server.network.ClientManager - Không có client nào đang xem auction: 1573672628
2026-05-31 07:53:58 [pool-1-thread-1] INFO  c.uet.server.network.ClientManager - Không có client nào đang xem auction: 1573672628
2026-05-31 07:53:59 [pool-1-thread-1] INFO  c.uet.server.network.ClientManager - Không có client nào đang xem auction: 1573672628
2026-05-31 07:54:01 [pool-1-thread-1] INFO  c.uet.server.network.ClientManager - Không có client nào đang xem auction: 1573672628
2026-05-31 07:54:02 [pool-1-thread-1] INFO  c.uet.server.network.ClientManager - Không có client nào đang xem auction: 1573672628
2026-05-31 07:54:04 [pool-1-thread-1] INFO  c.uet.server.network.ClientManager - Không có client nào đang xem auction: 1573672628
2026-05-31 07:54:05 [pool-1-thread-1] INFO  c.uet.server.network.ClientManager - Không có client nào đang xem auction: 1573672628
2026-05-31 07:54:07 [pool-1-thread-1] INFO  c.uet.server.network.ClientManager - Không có client nào đang xem auction: 1573672628
2026-05-31 07:54:08 [pool-1-thread-1] INFO  c.uet.server.network.ClientManager - Không có client nào đang xem auction: 1573672628
2026-05-31 07:54:10 [pool-1-thread-1] INFO  c.uet.server.network.ClientManager - Không có client nào đang xem auction: 1573672628
2026-05-31 07:54:11 [pool-1-thread-1] INFO  c.uet.server.network.ClientManager - Không có client nào đang xem auction: 1573672628
2026-05-31 07:54:13 [pool-1-thread-1] INFO  c.uet.server.network.ClientManager - Không có client nào đang xem auction: 1573672628
2026-05-31 07:54:14 [pool-1-thread-1] INFO  c.uet.server.network.ClientManager - Không có client nào đang xem auction: 1573672628
2026-05-31 07:54:16 [pool-1-thread-1] INFO  c.uet.server.network.ClientManager - Không có client nào đang xem auction: 1573672628
2026-05-31 07:54:17 [pool-1-thread-1] INFO  c.uet.server.network.ClientManager - Không có client nào đang xem auction: 1573672628
2026-05-31 07:54:19 [pool-1-thread-1] INFO  c.uet.server.network.ClientManager - Không có client nào đang xem auction: 1573672628
2026-05-31 07:54:20 [pool-1-thread-1] INFO  c.uet.server.network.ClientManager - Không có client nào đang xem auction: 1573672628
2026-05-31 07:54:22 [pool-1-thread-1] INFO  c.uet.server.network.ClientManager - Không có client nào đang xem auction: 1573672628
2026-05-31 07:54:23 [pool-1-thread-1] INFO  c.uet.server.network.ClientManager - Không có client nào đang xem auction: 1573672628
2026-05-31 07:54:25 [pool-1-thread-1] INFO  c.uet.server.network.ClientManager - Không có client nào đang xem auction: 1573672628
2026-05-31 07:54:26 [pool-1-thread-1] INFO  c.uet.server.network.ClientManager - Không có client nào đang xem auction: 1573672628
2026-05-31 07:54:28 [pool-1-thread-1] INFO  c.uet.server.network.ClientManager - Không có client nào đang xem auction: 1573672628
2026-05-31 07:54:29 [pool-1-thread-1] INFO  c.uet.server.network.ClientManager - Không có client nào đang xem auction: 1573672628
2026-05-31 07:54:31 [pool-1-thread-1] INFO  c.uet.server.network.ClientManager - Không có client nào đang xem auction: 1573672628
2026-05-31 07:54:32 [pool-1-thread-1] INFO  c.uet.server.network.ClientManager - Không có client nào đang xem auction: 1573672628
2026-05-31 07:54:34 [pool-1-thread-1] INFO  c.uet.server.network.ClientManager - Không có client nào đang xem auction: 1573672628
2026-05-31 07:54:35 [pool-1-thread-1] INFO  c.uet.server.network.ClientManager - Không có client nào đang xem auction: 1573672628
2026-05-31 07:54:37 [pool-1-thread-1] INFO  c.uet.server.network.ClientManager - Không có client nào đang xem auction: 1573672628
2026-05-31 07:54:38 [pool-1-thread-1] INFO  c.uet.server.network.ClientManager - Không có client nào đang xem auction: 1573672628
2026-05-31 07:54:40 [pool-1-thread-1] INFO  c.uet.server.network.ClientManager - Không có client nào đang xem auction: 1573672628
2026-05-31 07:54:41 [pool-1-thread-1] INFO  c.uet.server.network.ClientManager - Không có client nào đang xem auction: 1573672628
2026-05-31 07:54:43 [pool-1-thread-1] INFO  c.uet.server.network.ClientManager - Không có client nào đang xem auction: 1573672628
2026-05-31 07:54:44 [pool-1-thread-1] INFO  c.uet.server.network.ClientManager - Không có client nào đang xem auction: 1573672628
2026-05-31 07:54:46 [pool-1-thread-1] INFO  c.uet.server.network.ClientManager - Không có client nào đang xem auction: 1573672628
2026-05-31 07:54:47 [pool-1-thread-1] INFO  c.uet.server.network.ClientManager - Không có client nào đang xem auction: 1573672628
2026-05-31 07:54:49 [pool-1-thread-1] INFO  c.uet.server.network.ClientManager - Không có client nào đang xem auction: 1573672628
2026-05-31 07:54:50 [pool-1-thread-1] INFO  c.uet.server.network.ClientManager - Không có client nào đang xem auction: 1573672628
2026-05-31 07:54:52 [pool-1-thread-1] INFO  c.uet.server.network.ClientManager - Không có client nào đang xem auction: 1573672628
2026-05-31 07:54:53 [pool-1-thread-1] INFO  c.uet.server.network.ClientManager - Không có client nào đang xem auction: 1573672628
2026-05-31 07:54:55 [pool-1-thread-1] INFO  c.uet.server.network.ClientManager - Không có client nào đang xem auction: 1573672628
2026-05-31 07:54:56 [pool-1-thread-1] INFO  c.uet.server.network.ClientManager - Không có client nào đang xem auction: 1573672628
2026-05-31 07:54:58 [pool-1-thread-1] INFO  c.uet.server.network.ClientManager - Không có client nào đang xem auction: 1573672628
2026-05-31 07:54:59 [pool-1-thread-1] INFO  c.uet.server.network.ClientManager - Không có client nào đang xem auction: 1573672628
2026-05-31 07:55:01 [pool-1-thread-1] INFO  c.uet.server.network.ClientManager - Không có client nào đang xem auction: 1573672628
2026-05-31 07:55:02 [pool-1-thread-1] INFO  c.uet.server.network.ClientManager - Không có client nào đang xem auction: 1573672628
2026-05-31 07:55:04 [pool-1-thread-1] INFO  c.uet.server.network.ClientManager - Không có client nào đang xem auction: 1573672628
2026-05-31 07:55:05 [pool-1-thread-1] INFO  c.uet.server.network.ClientManager - Không có client nào đang xem auction: 1573672628
2026-05-31 07:55:07 [pool-1-thread-1] INFO  c.uet.server.network.ClientManager - Không có client nào đang xem auction: 1573672628
2026-05-31 07:55:08 [pool-1-thread-1] INFO  c.uet.server.network.ClientManager - Không có client nào đang xem auction: 1573672628
2026-05-31 07:55:10 [pool-1-thread-1] INFO  c.uet.server.network.ClientManager - Không có client nào đang xem auction: 1573672628
2026-05-31 07:55:11 [pool-1-thread-1] INFO  c.uet.server.network.ClientManager - Không có client nào đang xem auction: 1573672628
2026-05-31 07:55:13 [pool-1-thread-1] INFO  c.uet.server.network.ClientManager - Không có client nào đang xem auction: 1573672628
2026-05-31 07:55:14 [pool-1-thread-1] INFO  c.uet.server.network.ClientManager - Không có client nào đang xem auction: 1573672628
2026-05-31 07:55:16 [pool-1-thread-1] INFO  c.uet.server.network.ClientManager - Không có client nào đang xem auction: 1573672628
2026-05-31 07:55:17 [pool-1-thread-1] INFO  c.uet.server.network.ClientManager - Không có client nào đang xem auction: 1573672628
2026-05-31 07:55:19 [pool-1-thread-1] INFO  c.uet.server.network.ClientManager - Không có client nào đang xem auction: 1573672628
2026-05-31 07:55:20 [pool-1-thread-1] INFO  c.uet.server.network.ClientManager - Không có client nào đang xem auction: 1573672628
2026-05-31 07:55:22 [pool-1-thread-1] INFO  c.uet.server.network.ClientManager - Không có client nào đang xem auction: 1573672628
2026-05-31 07:55:23 [pool-1-thread-1] INFO  c.uet.server.network.ClientManager - Không có client nào đang xem auction: 1573672628
2026-05-31 07:55:25 [pool-1-thread-1] INFO  c.uet.server.network.ClientManager - Không có client nào đang xem auction: 1573672628
2026-05-31 07:55:26 [pool-1-thread-1] INFO  c.uet.server.network.ClientManager - Không có client nào đang xem auction: 1573672628
2026-05-31 07:55:28 [pool-1-thread-1] INFO  c.uet.server.network.ClientManager - Không có client nào đang xem auction: 1573672628
2026-05-31 07:55:29 [pool-1-thread-1] INFO  c.uet.server.network.ClientManager - Không có client nào đang xem auction: 1573672628
2026-05-31 07:55:31 [pool-1-thread-1] INFO  c.uet.server.network.ClientManager - Không có client nào đang xem auction: 1573672628
2026-05-31 07:55:32 [pool-1-thread-1] INFO  c.uet.server.network.ClientManager - Không có client nào đang xem auction: 1573672628
2026-05-31 07:55:34 [pool-1-thread-1] INFO  c.uet.server.network.ClientManager - Không có client nào đang xem auction: 1573672628
2026-05-31 07:55:35 [pool-1-thread-1] INFO  c.uet.server.network.ClientManager - Không có client nào đang xem auction: 1573672628
2026-05-31 07:55:37 [pool-1-thread-1] INFO  c.uet.server.network.ClientManager - Không có client nào đang xem auction: 1573672628
2026-05-31 07:55:38 [pool-1-thread-1] INFO  c.uet.server.network.ClientManager - Không có client nào đang xem auction: 1573672628
2026-05-31 07:55:40 [pool-1-thread-1] INFO  c.uet.server.network.ClientManager - Không có client nào đang xem auction: 1573672628
2026-05-31 07:55:41 [pool-1-thread-1] INFO  c.uet.server.network.ClientManager - Không có client nào đang xem auction: 1573672628
2026-05-31 07:55:43 [pool-1-thread-1] INFO  c.uet.server.network.ClientManager - Không có client nào đang xem auction: 1573672628
2026-05-31 07:55:44 [pool-1-thread-1] INFO  c.uet.server.network.ClientManager - Không có client nào đang xem auction: 1573672628
2026-05-31 07:55:46 [pool-1-thread-1] INFO  c.uet.server.network.ClientManager - Không có client nào đang xem auction: 1573672628
2026-05-31 07:55:47 [pool-1-thread-1] INFO  c.uet.server.network.ClientManager - Không có client nào đang xem auction: 1573672628
2026-05-31 07:55:49 [pool-1-thread-1] INFO  c.uet.server.network.ClientManager - Không có client nào đang xem auction: 1573672628
2026-05-31 07:55:50 [pool-1-thread-1] INFO  c.uet.server.network.ClientManager - Không có client nào đang xem auction: 1573672628
2026-05-31 07:55:52 [pool-1-thread-1] INFO  c.uet.server.network.ClientManager - Không có client nào đang xem auction: 1573672628
2026-05-31 07:55:53 [pool-1-thread-1] INFO  c.uet.server.network.ClientManager - Không có client nào đang xem auction: 1573672628
2026-05-31 07:55:55 [pool-1-thread-1] INFO  c.uet.server.network.ClientManager - Không có client nào đang xem auction: 1573672628
2026-05-31 07:55:56 [pool-1-thread-1] INFO  c.uet.server.network.ClientManager - Không có client nào đang xem auction: 1573672628
2026-05-31 07:55:58 [pool-1-thread-1] INFO  c.uet.server.network.ClientManager - Không có client nào đang xem auction: 1573672628
2026-05-31 07:55:59 [pool-1-thread-1] INFO  c.uet.server.network.ClientManager - Không có client nào đang xem auction: 1573672628
2026-05-31 07:56:01 [pool-1-thread-1] INFO  c.uet.server.network.ClientManager - Không có client nào đang xem auction: 1573672628
2026-05-31 07:56:02 [pool-1-thread-1] INFO  c.uet.server.network.ClientManager - Không có client nào đang xem auction: 1573672628
2026-05-31 07:56:04 [pool-1-thread-1] INFO  c.uet.server.network.ClientManager - Không có client nào đang xem auction: 1573672628
2026-05-31 07:56:05 [pool-1-thread-1] INFO  c.uet.server.network.ClientManager - Không có client nào đang xem auction: 1573672628
2026-05-31 07:56:07 [pool-1-thread-1] INFO  c.uet.server.network.ClientManager - Không có client nào đang xem auction: 1573672628
2026-05-31 07:56:08 [pool-1-thread-1] INFO  c.uet.server.network.ClientManager - Không có client nào đang xem auction: 1573672628
2026-05-31 07:56:10 [pool-1-thread-1] INFO  c.uet.server.network.ClientManager - Không có client nào đang xem auction: 1573672628
2026-05-31 07:56:11 [pool-1-thread-1] INFO  c.uet.server.network.ClientManager - Không có client nào đang xem auction: 1573672628
2026-05-31 07:56:13 [pool-1-thread-1] INFO  c.uet.server.network.ClientManager - Không có client nào đang xem auction: 1573672628
2026-05-31 07:56:14 [pool-1-thread-1] INFO  c.uet.server.network.ClientManager - Không có client nào đang xem auction: 1573672628
2026-05-31 07:56:16 [pool-1-thread-1] INFO  c.uet.server.network.ClientManager - Không có client nào đang xem auction: 1573672628
2026-05-31 07:56:17 [pool-1-thread-1] INFO  c.uet.server.network.ClientManager - Không có client nào đang xem auction: 1573672628
2026-05-31 07:56:19 [pool-1-thread-1] INFO  c.uet.server.network.ClientManager - Không có client nào đang xem auction: 1573672628
2026-05-31 07:56:20 [pool-1-thread-1] INFO  c.uet.server.network.ClientManager - Không có client nào đang xem auction: 1573672628
2026-05-31 07:56:22 [pool-1-thread-1] INFO  c.uet.server.network.ClientManager - Không có client nào đang xem auction: 1573672628
2026-05-31 07:56:23 [pool-1-thread-1] INFO  c.uet.server.network.ClientManager - Không có client nào đang xem auction: 1573672628
2026-05-31 07:56:25 [pool-1-thread-1] INFO  c.uet.server.network.ClientManager - Không có client nào đang xem auction: 1573672628
2026-05-31 07:56:26 [pool-1-thread-1] INFO  c.uet.server.network.ClientManager - Không có client nào đang xem auction: 1573672628
2026-05-31 07:56:28 [pool-1-thread-1] INFO  c.uet.server.network.ClientManager - Không có client nào đang xem auction: 1573672628
2026-05-31 07:56:29 [pool-1-thread-1] INFO  c.uet.server.network.ClientManager - Không có client nào đang xem auction: 1573672628
2026-05-31 07:56:31 [pool-1-thread-1] INFO  c.uet.server.network.ClientManager - Không có client nào đang xem auction: 1573672628
2026-05-31 07:56:32 [pool-1-thread-1] INFO  c.uet.server.network.ClientManager - Không có client nào đang xem auction: 1573672628
2026-05-31 07:56:34 [pool-1-thread-1] INFO  c.uet.server.network.ClientManager - Không có client nào đang xem auction: 1573672628
2026-05-31 07:56:35 [pool-1-thread-1] INFO  c.uet.server.network.ClientManager - Không có client nào đang xem auction: 1573672628
2026-05-31 07:56:37 [pool-1-thread-1] INFO  c.uet.server.network.ClientManager - Không có client nào đang xem auction: 1573672628
2026-05-31 07:56:38 [pool-1-thread-1] INFO  c.uet.server.network.ClientManager - Không có client nào đang xem auction: 1573672628
2026-05-31 07:56:40 [pool-1-thread-1] INFO  c.uet.server.network.ClientManager - Không có client nào đang xem auction: 1573672628
2026-05-31 07:56:41 [pool-1-thread-1] INFO  c.uet.server.network.ClientManager - Không có client nào đang xem auction: 1573672628
2026-05-31 07:56:43 [pool-1-thread-1] INFO  c.uet.server.network.ClientManager - Không có client nào đang xem auction: 1573672628
2026-05-31 07:56:44 [pool-1-thread-1] INFO  c.uet.server.network.ClientManager - Không có client nào đang xem auction: 1573672628
2026-05-31 07:56:46 [pool-1-thread-1] INFO  c.uet.server.network.ClientManager - Không có client nào đang xem auction: 1573672628
2026-05-31 07:56:47 [pool-1-thread-1] INFO  c.uet.server.network.ClientManager - Không có client nào đang xem auction: 1573672628
2026-05-31 07:56:49 [pool-1-thread-1] INFO  c.uet.server.network.ClientManager - Không có client nào đang xem auction: 1573672628
2026-05-31 07:56:50 [pool-1-thread-1] INFO  c.uet.server.network.ClientManager - Không có client nào đang xem auction: 1573672628
2026-05-31 07:56:52 [pool-1-thread-1] INFO  c.uet.server.network.ClientManager - Không có client nào đang xem auction: 1573672628
2026-05-31 07:56:53 [pool-1-thread-1] INFO  c.uet.server.network.ClientManager - Không có client nào đang xem auction: 1573672628
2026-05-31 07:56:55 [pool-1-thread-1] INFO  c.uet.server.network.ClientManager - Không có client nào đang xem auction: 1573672628
2026-05-31 07:56:56 [pool-1-thread-1] INFO  c.uet.server.network.ClientManager - Không có client nào đang xem auction: 1573672628
2026-05-31 07:56:58 [pool-1-thread-1] INFO  c.uet.server.network.ClientManager - Không có client nào đang xem auction: 1573672628
2026-05-31 07:56:59 [pool-1-thread-1] INFO  c.uet.server.network.ClientManager - Không có client nào đang xem auction: 1573672628
2026-05-31 07:57:01 [pool-1-thread-1] INFO  c.uet.server.network.ClientManager - Không có client nào đang xem auction: 1573672628
2026-05-31 07:57:02 [pool-1-thread-1] INFO  c.uet.server.network.ClientManager - Không có client nào đang xem auction: 1573672628
2026-05-31 07:57:04 [pool-1-thread-1] INFO  c.uet.server.network.ClientManager - Không có client nào đang xem auction: 1573672628
2026-05-31 07:57:05 [pool-1-thread-1] INFO  c.uet.server.network.ClientManager - Không có client nào đang xem auction: 1573672628
2026-05-31 07:57:07 [pool-1-thread-1] INFO  c.uet.server.network.ClientManager - Không có client nào đang xem auction: 1573672628
2026-05-31 07:57:08 [pool-1-thread-1] INFO  c.uet.server.network.ClientManager - Không có client nào đang xem auction: 1573672628
2026-05-31 07:57:10 [pool-1-thread-1] INFO  c.uet.server.network.ClientManager - Không có client nào đang xem auction: 1573672628
2026-05-31 07:57:11 [pool-1-thread-1] INFO  c.uet.server.network.ClientManager - Không có client nào đang xem auction: 1573672628
2026-05-31 07:57:13 [pool-1-thread-1] INFO  c.uet.server.network.ClientManager - Không có client nào đang xem auction: 1573672628
2026-05-31 07:57:14 [pool-1-thread-1] INFO  c.uet.server.network.ClientManager - Không có client nào đang xem auction: 1573672628
2026-05-31 07:57:16 [pool-1-thread-1] INFO  c.uet.server.network.ClientManager - Không có client nào đang xem auction: 1573672628
2026-05-31 07:57:17 [pool-1-thread-1] INFO  c.uet.server.network.ClientManager - Không có client nào đang xem auction: 1573672628
2026-05-31 07:57:19 [pool-1-thread-1] INFO  c.uet.server.network.ClientManager - Không có client nào đang xem auction: 1573672628
2026-05-31 07:57:20 [pool-1-thread-1] INFO  c.uet.server.network.ClientManager - Không có client nào đang xem auction: 1573672628
2026-05-31 07:57:22 [pool-1-thread-1] INFO  c.uet.server.network.ClientManager - Không có client nào đang xem auction: 1573672628
2026-05-31 07:57:23 [pool-1-thread-1] INFO  c.uet.server.network.ClientManager - Không có client nào đang xem auction: 1573672628
2026-05-31 07:57:25 [pool-1-thread-1] INFO  c.uet.server.network.ClientManager - Không có client nào đang xem auction: 1573672628
2026-05-31 07:57:26 [pool-1-thread-1] INFO  c.uet.server.network.ClientManager - Không có client nào đang xem auction: 1573672628
2026-05-31 07:57:28 [pool-1-thread-1] INFO  c.uet.server.network.ClientManager - Không có client nào đang xem auction: 1573672628
2026-05-31 07:57:29 [pool-1-thread-1] INFO  c.uet.server.network.ClientManager - Không có client nào đang xem auction: 1573672628
2026-05-31 07:57:31 [pool-1-thread-1] INFO  c.uet.server.network.ClientManager - Không có client nào đang xem auction: 1573672628
2026-05-31 07:57:32 [pool-1-thread-1] INFO  c.uet.server.network.ClientManager - Không có client nào đang xem auction: 1573672628
2026-05-31 07:57:34 [pool-1-thread-1] INFO  c.uet.server.network.ClientManager - Không có client nào đang xem auction: 1573672628
2026-05-31 07:57:35 [pool-1-thread-1] INFO  c.uet.server.network.ClientManager - Không có client nào đang xem auction: 1573672628
2026-05-31 07:57:37 [pool-1-thread-1] INFO  c.uet.server.network.ClientManager - Không có client nào đang xem auction: 1573672628
2026-05-31 07:57:38 [pool-1-thread-1] INFO  c.uet.server.network.ClientManager - Không có client nào đang xem auction: 1573672628
2026-05-31 07:57:40 [pool-1-thread-1] INFO  c.uet.server.network.ClientManager - Không có client nào đang xem auction: 1573672628
2026-05-31 07:57:41 [pool-1-thread-1] INFO  c.uet.server.network.ClientManager - Không có client nào đang xem auction: 1573672628
2026-05-31 07:57:43 [pool-1-thread-1] INFO  c.uet.server.network.ClientManager - Không có client nào đang xem auction: 1573672628
2026-05-31 07:57:44 [pool-1-thread-1] INFO  c.uet.server.network.ClientManager - Không có client nào đang xem auction: 1573672628
2026-05-31 07:57:46 [pool-1-thread-1] INFO  c.uet.server.network.ClientManager - Không có client nào đang xem auction: 1573672628
2026-05-31 07:57:47 [pool-1-thread-1] INFO  c.uet.server.network.ClientManager - Không có client nào đang xem auction: 1573672628
2026-05-31 07:57:49 [pool-1-thread-1] INFO  c.uet.server.network.ClientManager - Không có client nào đang xem auction: 1573672628
2026-05-31 07:57:50 [pool-1-thread-1] INFO  c.uet.server.network.ClientManager - Không có client nào đang xem auction: 1573672628
2026-05-31 07:57:52 [pool-1-thread-1] INFO  c.uet.server.network.ClientManager - Không có client nào đang xem auction: 1573672628
2026-05-31 07:57:53 [pool-1-thread-1] INFO  c.uet.server.network.ClientManager - Không có client nào đang xem auction: 1573672628
2026-05-31 07:57:55 [pool-1-thread-1] INFO  c.uet.server.network.ClientManager - Không có client nào đang xem auction: 1573672628
2026-05-31 07:57:56 [pool-1-thread-1] INFO  c.uet.server.network.ClientManager - Không có client nào đang xem auction: 1573672628
2026-05-31 07:57:58 [pool-1-thread-1] INFO  c.uet.server.network.ClientManager - Không có client nào đang xem auction: 1573672628
2026-05-31 07:57:59 [pool-1-thread-1] INFO  c.uet.server.network.ClientManager - Không có client nào đang xem auction: 1573672628
2026-05-31 07:58:01 [pool-1-thread-1] INFO  c.uet.server.network.ClientManager - Không có client nào đang xem auction: 1573672628
2026-05-31 07:58:02 [pool-1-thread-1] INFO  c.uet.server.network.ClientManager - Không có client nào đang xem auction: 1573672628
2026-05-31 07:58:04 [pool-1-thread-1] INFO  c.uet.server.network.ClientManager - Không có client nào đang xem auction: 1573672628
2026-05-31 07:58:05 [pool-1-thread-1] INFO  c.uet.server.network.ClientManager - Không có client nào đang xem auction: 1573672628
2026-05-31 07:58:07 [pool-1-thread-1] INFO  c.uet.server.network.ClientManager - Không có client nào đang xem auction: 1573672628
2026-05-31 07:58:08 [pool-1-thread-1] INFO  c.uet.server.network.ClientManager - Không có client nào đang xem auction: 1573672628
2026-05-31 07:58:10 [pool-1-thread-1] INFO  c.uet.server.network.ClientManager - Không có client nào đang xem auction: 1573672628
2026-05-31 07:58:11 [pool-1-thread-1] INFO  c.uet.server.network.ClientManager - Không có client nào đang xem auction: 1573672628
2026-05-31 07:58:13 [pool-1-thread-1] INFO  c.uet.server.network.ClientManager - Không có client nào đang xem auction: 1573672628
2026-05-31 07:58:14 [pool-1-thread-1] INFO  c.uet.server.network.ClientManager - Không có client nào đang xem auction: 1573672628
2026-05-31 07:58:16 [pool-1-thread-1] INFO  c.uet.server.network.ClientManager - Không có client nào đang xem auction: 1573672628
2026-05-31 07:58:17 [pool-1-thread-1] INFO  c.uet.server.network.ClientManager - Không có client nào đang xem auction: 1573672628
2026-05-31 07:58:19 [pool-1-thread-1] INFO  c.uet.server.network.ClientManager - Không có client nào đang xem auction: 1573672628
2026-05-31 07:58:20 [pool-1-thread-1] INFO  c.uet.server.network.ClientManager - Không có client nào đang xem auction: 1573672628
2026-05-31 07:58:22 [pool-1-thread-1] INFO  c.uet.server.network.ClientManager - Không có client nào đang xem auction: 1573672628
2026-05-31 07:58:23 [pool-1-thread-1] INFO  c.uet.server.network.ClientManager - Không có client nào đang xem auction: 1573672628
2026-05-31 07:58:25 [pool-1-thread-1] INFO  c.uet.server.network.ClientManager - Không có client nào đang xem auction: 1573672628
2026-05-31 07:58:26 [pool-1-thread-1] INFO  c.uet.server.network.ClientManager - Không có client nào đang xem auction: 1573672628
2026-05-31 07:58:28 [pool-1-thread-1] INFO  c.uet.server.network.ClientManager - Không có client nào đang xem auction: 1573672628
2026-05-31 07:58:29 [pool-1-thread-1] INFO  c.uet.server.network.ClientManager - Không có client nào đang xem auction: 1573672628
2026-05-31 07:58:31 [pool-1-thread-1] INFO  c.uet.server.network.ClientManager - Không có client nào đang xem auction: 1573672628
2026-05-31 07:58:32 [pool-1-thread-1] INFO  c.uet.server.network.ClientManager - Không có client nào đang xem auction: 1573672628
2026-05-31 07:58:34 [pool-1-thread-1] INFO  c.uet.server.network.ClientManager - Không có client nào đang xem auction: 1573672628
2026-05-31 07:58:35 [pool-1-thread-1] INFO  c.uet.server.network.ClientManager - Không có client nào đang xem auction: 1573672628
2026-05-31 07:58:37 [pool-1-thread-1] INFO  c.uet.server.network.ClientManager - Không có client nào đang xem auction: 1573672628
2026-05-31 07:58:38 [pool-1-thread-1] INFO  c.uet.server.network.ClientManager - Không có client nào đang xem auction: 1573672628
2026-05-31 07:58:40 [pool-1-thread-1] INFO  c.uet.server.network.ClientManager - Không có client nào đang xem auction: 1573672628
2026-05-31 07:58:41 [pool-1-thread-1] INFO  c.uet.server.network.ClientManager - Không có client nào đang xem auction: 1573672628
2026-05-31 07:58:43 [pool-1-thread-1] INFO  c.uet.server.network.ClientManager - Không có client nào đang xem auction: 1573672628
2026-05-31 07:58:44 [pool-1-thread-1] INFO  c.uet.server.network.ClientManager - Không có client nào đang xem auction: 1573672628
2026-05-31 07:58:46 [pool-1-thread-1] INFO  c.uet.server.network.ClientManager - Không có client nào đang xem auction: 1573672628
2026-05-31 07:58:47 [pool-1-thread-1] INFO  c.uet.server.network.ClientManager - Không có client nào đang xem auction: 1573672628
2026-05-31 07:58:49 [pool-1-thread-1] INFO  c.uet.server.network.ClientManager - Không có client nào đang xem auction: 1573672628
2026-05-31 07:58:50 [pool-1-thread-1] INFO  c.uet.server.network.ClientManager - Không có client nào đang xem auction: 1573672628
2026-05-31 07:58:52 [pool-1-thread-1] INFO  c.uet.server.network.ClientManager - Không có client nào đang xem auction: 1573672628
2026-05-31 07:58:53 [pool-1-thread-1] INFO  c.uet.server.network.ClientManager - Không có client nào đang xem auction: 1573672628
2026-05-31 07:58:55 [pool-1-thread-1] INFO  c.uet.server.network.ClientManager - Không có client nào đang xem auction: 1573672628
2026-05-31 07:58:56 [pool-1-thread-1] INFO  c.uet.server.network.ClientManager - Không có client nào đang xem auction: 1573672628
2026-05-31 07:58:58 [pool-1-thread-1] INFO  c.uet.server.network.ClientManager - Không có client nào đang xem auction: 1573672628
2026-05-31 07:58:59 [pool-1-thread-1] INFO  c.uet.server.network.ClientManager - Không có client nào đang xem auction: 1573672628
2026-05-31 07:59:01 [pool-1-thread-1] INFO  c.uet.server.network.ClientManager - Không có client nào đang xem auction: 1573672628
2026-05-31 07:59:02 [pool-1-thread-1] INFO  c.uet.server.network.ClientManager - Không có client nào đang xem auction: 1573672628
2026-05-31 07:59:04 [pool-1-thread-1] INFO  c.uet.server.network.ClientManager - Không có client nào đang xem auction: 1573672628
2026-05-31 07:59:05 [pool-1-thread-1] INFO  c.uet.server.network.ClientManager - Không có client nào đang xem auction: 1573672628
2026-05-31 07:59:07 [pool-1-thread-1] INFO  c.uet.server.network.ClientManager - Không có client nào đang xem auction: 1573672628
2026-05-31 07:59:08 [pool-1-thread-1] INFO  c.uet.server.network.ClientManager - Không có client nào đang xem auction: 1573672628
2026-05-31 07:59:10 [pool-1-thread-1] INFO  c.uet.server.network.ClientManager - Không có client nào đang xem auction: 1573672628
2026-05-31 07:59:11 [pool-1-thread-1] INFO  c.uet.server.network.ClientManager - Không có client nào đang xem auction: 1573672628
2026-05-31 07:59:13 [pool-1-thread-1] INFO  c.uet.server.network.ClientManager - Không có client nào đang xem auction: 1573672628
2026-05-31 07:59:14 [pool-1-thread-1] INFO  c.uet.server.network.ClientManager - Không có client nào đang xem auction: 1573672628
2026-05-31 07:59:16 [pool-1-thread-1] INFO  c.uet.server.network.ClientManager - Không có client nào đang xem auction: 1573672628
2026-05-31 07:59:17 [pool-1-thread-1] INFO  c.uet.server.network.ClientManager - Không có client nào đang xem auction: 1573672628
2026-05-31 07:59:19 [pool-1-thread-1] INFO  c.uet.server.network.ClientManager - Không có client nào đang xem auction: 1573672628
2026-05-31 07:59:20 [pool-1-thread-1] INFO  c.uet.server.network.ClientManager - Không có client nào đang xem auction: 1573672628
2026-05-31 07:59:22 [pool-1-thread-1] INFO  c.uet.server.network.ClientManager - Không có client nào đang xem auction: 1573672628
2026-05-31 07:59:23 [pool-1-thread-1] INFO  c.uet.server.network.ClientManager - Không có client nào đang xem auction: 1573672628
2026-05-31 07:59:25 [pool-1-thread-1] INFO  c.uet.server.network.ClientManager - Không có client nào đang xem auction: 1573672628
2026-05-31 07:59:26 [pool-1-thread-1] INFO  c.uet.server.network.ClientManager - Không có client nào đang xem auction: 1573672628
2026-05-31 07:59:28 [pool-1-thread-1] INFO  c.uet.server.network.ClientManager - Không có client nào đang xem auction: 1573672628
2026-05-31 07:59:29 [pool-1-thread-1] INFO  c.uet.server.network.ClientManager - Không có client nào đang xem auction: 1573672628
2026-05-31 07:59:31 [pool-1-thread-1] INFO  c.uet.server.network.ClientManager - Không có client nào đang xem auction: 1573672628
2026-05-31 07:59:32 [pool-1-thread-1] INFO  c.uet.server.network.ClientManager - Không có client nào đang xem auction: 1573672628
2026-05-31 07:59:34 [pool-1-thread-1] INFO  c.uet.server.network.ClientManager - Không có client nào đang xem auction: 1573672628
2026-05-31 07:59:35 [pool-1-thread-1] INFO  c.uet.server.network.ClientManager - Không có client nào đang xem auction: 1573672628
2026-05-31 07:59:37 [pool-1-thread-1] INFO  c.uet.server.network.ClientManager - Không có client nào đang xem auction: 1573672628
2026-05-31 07:59:38 [pool-1-thread-1] INFO  c.uet.server.network.ClientManager - Không có client nào đang xem auction: 1573672628
2026-05-31 07:59:40 [pool-1-thread-1] INFO  c.uet.server.network.ClientManager - Không có client nào đang xem auction: 1573672628
2026-05-31 07:59:41 [pool-1-thread-1] INFO  c.uet.server.network.ClientManager - Không có client nào đang xem auction: 1573672628
2026-05-31 07:59:43 [pool-1-thread-1] INFO  c.uet.server.network.ClientManager - Không có client nào đang xem auction: 1573672628
2026-05-31 07:59:44 [pool-1-thread-1] INFO  c.uet.server.network.ClientManager - Không có client nào đang xem auction: 1573672628
2026-05-31 07:59:46 [pool-1-thread-1] INFO  c.uet.server.network.ClientManager - Không có client nào đang xem auction: 1573672628
2026-05-31 07:59:47 [pool-1-thread-1] INFO  c.uet.server.network.ClientManager - Không có client nào đang xem auction: 1573672628
2026-05-31 07:59:49 [pool-1-thread-1] INFO  c.uet.server.network.ClientManager - Không có client nào đang xem auction: 1573672628
2026-05-31 07:59:50 [pool-1-thread-1] INFO  c.uet.server.network.ClientManager - Không có client nào đang xem auction: 1573672628
2026-05-31 07:59:52 [pool-1-thread-1] INFO  c.uet.server.network.ClientManager - Không có client nào đang xem auction: 1573672628
2026-05-31 07:59:53 [pool-1-thread-1] INFO  c.uet.server.network.ClientManager - Không có client nào đang xem auction: 1573672628
2026-05-31 07:59:55 [pool-1-thread-1] INFO  c.uet.server.network.ClientManager - Không có client nào đang xem auction: 1573672628
2026-05-31 07:59:56 [pool-1-thread-1] INFO  c.uet.server.network.ClientManager - Không có client nào đang xem auction: 1573672628
2026-05-31 07:59:58 [pool-1-thread-1] INFO  c.uet.server.network.ClientManager - Không có client nào đang xem auction: 1573672628
2026-05-31 07:59:59 [pool-1-thread-1] INFO  c.uet.server.network.ClientManager - Không có client nào đang xem auction: 1573672628
2026-05-31 08:00:01 [pool-1-thread-1] INFO  c.uet.server.network.ClientManager - Không có client nào đang xem auction: 1573672628
2026-05-31 08:00:02 [pool-1-thread-1] INFO  c.uet.server.network.ClientManager - Không có client nào đang xem auction: 1573672628
2026-05-31 08:00:04 [pool-1-thread-1] INFO  c.uet.server.network.ClientManager - Không có client nào đang xem auction: 1573672628
2026-05-31 08:00:05 [pool-1-thread-1] INFO  c.uet.server.network.ClientManager - Không có client nào đang xem auction: 1573672628
2026-05-31 08:00:07 [pool-1-thread-1] INFO  c.uet.server.network.ClientManager - Không có client nào đang xem auction: 1573672628
2026-05-31 08:00:08 [pool-1-thread-1] INFO  c.uet.server.network.ClientManager - Không có client nào đang xem auction: 1573672628
2026-05-31 08:00:10 [pool-1-thread-1] INFO  c.uet.server.network.ClientManager - Không có client nào đang xem auction: 1573672628
2026-05-31 08:00:11 [pool-1-thread-1] INFO  c.uet.server.network.ClientManager - Không có client nào đang xem auction: 1573672628
2026-05-31 08:00:13 [pool-1-thread-1] INFO  c.uet.server.network.ClientManager - Không có client nào đang xem auction: 1573672628
2026-05-31 08:00:14 [pool-1-thread-1] INFO  c.uet.server.network.ClientManager - Không có client nào đang xem auction: 1573672628
2026-05-31 08:00:16 [pool-1-thread-1] INFO  c.uet.server.network.ClientManager - Không có client nào đang xem auction: 1573672628
2026-05-31 08:00:17 [pool-1-thread-1] INFO  c.uet.server.network.ClientManager - Không có client nào đang xem auction: 1573672628
2026-05-31 08:00:19 [pool-1-thread-1] INFO  c.uet.server.network.ClientManager - Không có client nào đang xem auction: 1573672628
2026-05-31 08:00:20 [pool-1-thread-1] INFO  c.uet.server.network.ClientManager - Không có client nào đang xem auction: 1573672628
2026-05-31 08:00:22 [pool-1-thread-1] INFO  c.uet.server.network.ClientManager - Không có client nào đang xem auction: 1573672628
2026-05-31 08:00:23 [pool-1-thread-1] INFO  c.uet.server.network.ClientManager - Không có client nào đang xem auction: 1573672628
2026-05-31 08:00:25 [pool-1-thread-1] INFO  c.uet.server.network.ClientManager - Không có client nào đang xem auction: 1573672628
2026-05-31 08:00:26 [pool-1-thread-1] INFO  c.uet.server.network.ClientManager - Không có client nào đang xem auction: 1573672628
2026-05-31 08:00:28 [pool-1-thread-1] INFO  c.uet.server.network.ClientManager - Không có client nào đang xem auction: 1573672628
2026-05-31 08:00:29 [pool-1-thread-1] INFO  c.uet.server.network.ClientManager - Không có client nào đang xem auction: 1573672628
2026-05-31 08:00:31 [pool-1-thread-1] INFO  c.uet.server.network.ClientManager - Không có client nào đang xem auction: 1573672628
2026-05-31 08:00:32 [pool-1-thread-1] INFO  c.uet.server.network.ClientManager - Không có client nào đang xem auction: 1573672628
2026-05-31 08:00:34 [pool-1-thread-1] INFO  c.uet.server.network.ClientManager - Không có client nào đang xem auction: 1573672628
2026-05-31 08:00:35 [pool-1-thread-1] INFO  c.uet.server.network.ClientManager - Không có client nào đang xem auction: 1573672628
2026-05-31 08:00:37 [pool-1-thread-1] INFO  c.uet.server.network.ClientManager - Không có client nào đang xem auction: 1573672628
2026-05-31 08:00:38 [pool-1-thread-1] INFO  c.uet.server.network.ClientManager - Không có client nào đang xem auction: 1573672628
2026-05-31 08:00:40 [pool-1-thread-1] INFO  c.uet.server.network.ClientManager - Không có client nào đang xem auction: 1573672628
2026-05-31 08:00:41 [pool-1-thread-1] INFO  c.uet.server.network.ClientManager - Không có client nào đang xem auction: 1573672628
2026-05-31 08:00:43 [pool-1-thread-1] INFO  c.uet.server.network.ClientManager - Không có client nào đang xem auction: 1573672628
2026-05-31 08:00:44 [pool-1-thread-1] INFO  c.uet.server.network.ClientManager - Không có client nào đang xem auction: 1573672628
2026-05-31 08:00:46 [pool-1-thread-1] INFO  c.uet.server.network.ClientManager - Không có client nào đang xem auction: 1573672628
2026-05-31 08:00:47 [pool-1-thread-1] INFO  c.uet.server.network.ClientManager - Không có client nào đang xem auction: 1573672628
2026-05-31 08:00:49 [pool-1-thread-1] INFO  c.uet.server.network.ClientManager - Không có client nào đang xem auction: 1573672628
2026-05-31 08:00:50 [pool-1-thread-1] INFO  c.uet.server.network.ClientManager - Không có client nào đang xem auction: 1573672628
2026-05-31 08:00:52 [pool-1-thread-1] INFO  c.uet.server.network.ClientManager - Không có client nào đang xem auction: 1573672628
2026-05-31 08:00:53 [pool-1-thread-1] INFO  c.uet.server.network.ClientManager - Không có client nào đang xem auction: 1573672628
2026-05-31 08:00:55 [pool-1-thread-1] INFO  c.uet.server.network.ClientManager - Không có client nào đang xem auction: 1573672628
2026-05-31 08:00:56 [pool-1-thread-1] INFO  c.uet.server.network.ClientManager - Không có client nào đang xem auction: 1573672628
2026-05-31 08:00:58 [pool-1-thread-1] INFO  c.uet.server.network.ClientManager - Không có client nào đang xem auction: 1573672628
2026-05-31 08:00:59 [pool-1-thread-1] INFO  c.uet.server.network.ClientManager - Không có client nào đang xem auction: 1573672628
2026-05-31 08:01:01 [pool-1-thread-1] INFO  c.uet.server.network.ClientManager - Không có client nào đang xem auction: 1573672628
2026-05-31 08:01:02 [pool-1-thread-1] INFO  c.uet.server.network.ClientManager - Không có client nào đang xem auction: 1573672628
2026-05-31 08:01:04 [pool-1-thread-1] INFO  c.uet.server.network.ClientManager - Không có client nào đang xem auction: 1573672628
2026-05-31 08:01:05 [pool-1-thread-1] INFO  c.uet.server.network.ClientManager - Không có client nào đang xem auction: 1573672628
2026-05-31 08:01:07 [pool-1-thread-1] INFO  c.uet.server.network.ClientManager - Không có client nào đang xem auction: 1573672628
2026-05-31 08:01:08 [pool-1-thread-1] INFO  c.uet.server.network.ClientManager - Không có client nào đang xem auction: 1573672628
2026-05-31 08:01:10 [pool-1-thread-1] INFO  c.uet.server.network.ClientManager - Không có client nào đang xem auction: 1573672628
2026-05-31 08:01:11 [pool-1-thread-1] INFO  c.uet.server.network.ClientManager - Không có client nào đang xem auction: 1573672628
2026-05-31 08:01:13 [pool-1-thread-1] INFO  c.uet.server.network.ClientManager - Không có client nào đang xem auction: 1573672628
2026-05-31 08:01:14 [pool-1-thread-1] INFO  c.uet.server.network.ClientManager - Không có client nào đang xem auction: 1573672628
2026-05-31 08:01:16 [pool-1-thread-1] INFO  c.uet.server.network.ClientManager - Không có client nào đang xem auction: 1573672628
2026-05-31 08:01:17 [pool-1-thread-1] INFO  c.uet.server.network.ClientManager - Không có client nào đang xem auction: 1573672628
2026-05-31 08:01:19 [pool-1-thread-1] INFO  c.uet.server.network.ClientManager - Không có client nào đang xem auction: 1573672628
2026-05-31 08:01:20 [pool-1-thread-1] INFO  c.uet.server.network.ClientManager - Không có client nào đang xem auction: 1573672628
2026-05-31 08:01:22 [pool-1-thread-1] INFO  c.uet.server.network.ClientManager - Không có client nào đang xem auction: 1573672628
2026-05-31 08:01:23 [pool-1-thread-1] INFO  c.uet.server.network.ClientManager - Không có client nào đang xem auction: 1573672628
2026-05-31 08:01:25 [pool-1-thread-1] INFO  c.uet.server.network.ClientManager - Không có client nào đang xem auction: 1573672628
2026-05-31 08:01:26 [pool-1-thread-1] INFO  c.uet.server.network.ClientManager - Không có client nào đang xem auction: 1573672628
2026-05-31 08:01:28 [pool-1-thread-1] INFO  c.uet.server.network.ClientManager - Không có client nào đang xem auction: 1573672628
2026-05-31 08:01:29 [pool-1-thread-1] INFO  c.uet.server.network.ClientManager - Không có client nào đang xem auction: 1573672628
2026-05-31 08:01:31 [pool-1-thread-1] INFO  c.uet.server.network.ClientManager - Không có client nào đang xem auction: 1573672628
2026-05-31 08:01:32 [pool-1-thread-1] INFO  c.uet.server.network.ClientManager - Không có client nào đang xem auction: 1573672628
2026-05-31 08:01:34 [pool-1-thread-1] INFO  c.uet.server.network.ClientManager - Không có client nào đang xem auction: 1573672628
2026-05-31 08:01:35 [pool-1-thread-1] INFO  c.uet.server.network.ClientManager - Không có client nào đang xem auction: 1573672628
2026-05-31 08:01:37 [pool-1-thread-1] INFO  c.uet.server.network.ClientManager - Không có client nào đang xem auction: 1573672628
2026-05-31 08:01:38 [pool-1-thread-1] INFO  c.uet.server.network.ClientManager - Không có client nào đang xem auction: 1573672628
2026-05-31 08:01:40 [pool-1-thread-1] INFO  c.uet.server.network.ClientManager - Không có client nào đang xem auction: 1573672628
2026-05-31 08:01:41 [pool-1-thread-1] INFO  c.uet.server.network.ClientManager - Không có client nào đang xem auction: 1573672628
2026-05-31 08:01:43 [pool-1-thread-1] INFO  c.uet.server.network.ClientManager - Không có client nào đang xem auction: 1573672628
2026-05-31 08:01:44 [pool-1-thread-1] INFO  c.uet.server.network.ClientManager - Không có client nào đang xem auction: 1573672628
2026-05-31 08:01:46 [pool-1-thread-1] INFO  c.uet.server.network.ClientManager - Không có client nào đang xem auction: 1573672628
2026-05-31 08:01:47 [pool-1-thread-1] INFO  c.uet.server.network.ClientManager - Không có client nào đang xem auction: 1573672628
2026-05-31 08:01:49 [pool-1-thread-1] INFO  c.uet.server.network.ClientManager - Không có client nào đang xem auction: 1573672628
2026-05-31 08:01:50 [pool-1-thread-1] INFO  c.uet.server.network.ClientManager - Không có client nào đang xem auction: 1573672628
2026-05-31 08:01:52 [pool-1-thread-1] INFO  c.uet.server.network.ClientManager - Không có client nào đang xem auction: 1573672628
2026-05-31 08:01:53 [pool-1-thread-1] INFO  c.uet.server.network.ClientManager - Không có client nào đang xem auction: 1573672628
2026-05-31 08:01:55 [pool-1-thread-1] INFO  c.uet.server.network.ClientManager - Không có client nào đang xem auction: 1573672628
2026-05-31 08:01:56 [pool-1-thread-1] INFO  c.uet.server.network.ClientManager - Không có client nào đang xem auction: 1573672628
2026-05-31 08:01:58 [pool-1-thread-1] INFO  c.uet.server.network.ClientManager - Không có client nào đang xem auction: 1573672628
2026-05-31 08:01:59 [pool-1-thread-1] INFO  c.uet.server.network.ClientManager - Không có client nào đang xem auction: 1573672628
2026-05-31 08:02:01 [pool-1-thread-1] INFO  c.uet.server.network.ClientManager - Không có client nào đang xem auction: 1573672628
2026-05-31 08:02:02 [pool-1-thread-1] INFO  c.uet.server.network.ClientManager - Không có client nào đang xem auction: 1573672628
2026-05-31 08:02:04 [pool-1-thread-1] INFO  c.uet.server.network.ClientManager - Không có client nào đang xem auction: 1573672628
2026-05-31 08:02:05 [pool-1-thread-1] INFO  c.uet.server.network.ClientManager - Không có client nào đang xem auction: 1573672628
2026-05-31 08:02:07 [pool-1-thread-1] INFO  c.uet.server.network.ClientManager - Không có client nào đang xem auction: 1573672628
2026-05-31 08:02:08 [pool-1-thread-1] INFO  c.uet.server.network.ClientManager - Không có client nào đang xem auction: 1573672628
2026-05-31 08:02:10 [pool-1-thread-1] INFO  c.uet.server.network.ClientManager - Không có client nào đang xem auction: 1573672628
2026-05-31 08:02:11 [pool-1-thread-1] INFO  c.uet.server.network.ClientManager - Không có client nào đang xem auction: 1573672628
2026-05-31 08:02:13 [pool-1-thread-1] INFO  c.uet.server.network.ClientManager - Không có client nào đang xem auction: 1573672628
2026-05-31 08:02:14 [pool-1-thread-1] INFO  c.uet.server.network.ClientManager - Không có client nào đang xem auction: 1573672628
2026-05-31 08:02:16 [pool-1-thread-1] INFO  c.uet.server.network.ClientManager - Không có client nào đang xem auction: 1573672628
2026-05-31 08:02:17 [pool-1-thread-1] INFO  c.uet.server.network.ClientManager - Không có client nào đang xem auction: 1573672628
2026-05-31 08:02:19 [pool-1-thread-1] INFO  c.uet.server.network.ClientManager - Không có client nào đang xem auction: 1573672628
2026-05-31 08:02:20 [pool-1-thread-1] INFO  c.uet.server.network.ClientManager - Không có client nào đang xem auction: 1573672628
2026-05-31 08:02:22 [pool-1-thread-1] INFO  c.uet.server.network.ClientManager - Không có client nào đang xem auction: 1573672628
2026-05-31 08:02:23 [pool-1-thread-1] INFO  c.uet.server.network.ClientManager - Không có client nào đang xem auction: 1573672628
2026-05-31 08:02:25 [pool-1-thread-1] INFO  c.uet.server.network.ClientManager - Không có client nào đang xem auction: 1573672628
2026-05-31 08:02:26 [pool-1-thread-1] INFO  c.uet.server.network.ClientManager - Không có client nào đang xem auction: 1573672628
2026-05-31 08:02:28 [pool-1-thread-1] INFO  c.uet.server.network.ClientManager - Không có client nào đang xem auction: 1573672628
2026-05-31 08:02:29 [pool-1-thread-1] INFO  c.uet.server.network.ClientManager - Không có client nào đang xem auction: 1573672628
2026-05-31 08:02:31 [pool-1-thread-1] INFO  c.uet.server.network.ClientManager - Không có client nào đang xem auction: 1573672628
2026-05-31 08:02:32 [pool-1-thread-1] INFO  c.uet.server.network.ClientManager - Không có client nào đang xem auction: 1573672628
2026-05-31 08:02:34 [pool-1-thread-1] INFO  c.uet.server.network.ClientManager - Không có client nào đang xem auction: 1573672628
2026-05-31 08:02:35 [pool-1-thread-1] INFO  c.uet.server.network.ClientManager - Không có client nào đang xem auction: 1573672628
2026-05-31 08:02:37 [pool-1-thread-1] INFO  c.uet.server.network.ClientManager - Không có client nào đang xem auction: 1573672628
2026-05-31 08:02:38 [pool-1-thread-1] INFO  c.uet.server.network.ClientManager - Không có client nào đang xem auction: 1573672628
2026-05-31 08:02:40 [pool-1-thread-1] INFO  c.uet.server.network.ClientManager - Không có client nào đang xem auction: 1573672628
2026-05-31 08:02:41 [pool-1-thread-1] INFO  c.uet.server.network.ClientManager - Không có client nào đang xem auction: 1573672628
2026-05-31 08:02:43 [pool-1-thread-1] INFO  c.uet.server.network.ClientManager - Không có client nào đang xem auction: 1573672628
2026-05-31 08:02:44 [pool-1-thread-1] INFO  c.uet.server.network.ClientManager - Không có client nào đang xem auction: 1573672628
2026-05-31 08:02:46 [pool-1-thread-1] INFO  c.uet.server.network.ClientManager - Không có client nào đang xem auction: 1573672628
2026-05-31 08:02:47 [pool-1-thread-1] INFO  c.uet.server.network.ClientManager - Không có client nào đang xem auction: 1573672628
2026-05-31 08:02:49 [pool-1-thread-1] INFO  c.uet.server.network.ClientManager - Không có client nào đang xem auction: 1573672628
2026-05-31 08:02:50 [pool-1-thread-1] INFO  c.uet.server.network.ClientManager - Không có client nào đang xem auction: 1573672628
2026-05-31 08:02:52 [pool-1-thread-1] INFO  c.uet.server.network.ClientManager - Không có client nào đang xem auction: 1573672628
2026-05-31 08:02:53 [pool-1-thread-1] INFO  c.uet.server.network.ClientManager - Không có client nào đang xem auction: 1573672628
2026-05-31 08:02:55 [pool-1-thread-1] INFO  c.uet.server.network.ClientManager - Không có client nào đang xem auction: 1573672628
2026-05-31 08:02:56 [pool-1-thread-1] INFO  c.uet.server.network.ClientManager - Không có client nào đang xem auction: 1573672628
2026-05-31 08:02:58 [pool-1-thread-1] INFO  c.uet.server.network.ClientManager - Không có client nào đang xem auction: 1573672628
2026-05-31 08:02:59 [pool-1-thread-1] INFO  c.uet.server.network.ClientManager - Không có client nào đang xem auction: 1573672628
2026-05-31 08:03:01 [pool-1-thread-1] INFO  c.uet.server.network.ClientManager - Không có client nào đang xem auction: 1573672628
2026-05-31 08:03:02 [pool-1-thread-1] INFO  c.uet.server.network.ClientManager - Không có client nào đang xem auction: 1573672628
2026-05-31 08:03:04 [pool-1-thread-1] INFO  c.uet.server.network.ClientManager - Không có client nào đang xem auction: 1573672628
2026-05-31 08:03:05 [pool-1-thread-1] INFO  c.uet.server.network.ClientManager - Không có client nào đang xem auction: 1573672628
2026-05-31 08:03:07 [pool-1-thread-1] INFO  c.uet.server.network.ClientManager - Không có client nào đang xem auction: 1573672628
2026-05-31 08:03:08 [pool-1-thread-1] INFO  c.uet.server.network.ClientManager - Không có client nào đang xem auction: 1573672628
2026-05-31 08:03:10 [pool-1-thread-1] INFO  c.uet.server.network.ClientManager - Không có client nào đang xem auction: 1573672628
2026-05-31 08:03:11 [pool-1-thread-1] INFO  c.uet.server.network.ClientManager - Không có client nào đang xem auction: 1573672628
2026-05-31 08:03:13 [pool-1-thread-1] INFO  c.uet.server.network.ClientManager - Không có client nào đang xem auction: 1573672628
2026-05-31 08:03:14 [pool-1-thread-1] INFO  c.uet.server.network.ClientManager - Không có client nào đang xem auction: 1573672628
2026-05-31 08:03:16 [pool-1-thread-1] INFO  c.uet.server.network.ClientManager - Không có client nào đang xem auction: 1573672628
2026-05-31 08:03:17 [pool-1-thread-1] INFO  c.uet.server.network.ClientManager - Không có client nào đang xem auction: 1573672628
2026-05-31 08:03:19 [pool-1-thread-1] INFO  c.uet.server.network.ClientManager - Không có client nào đang xem auction: 1573672628
2026-05-31 08:03:20 [pool-1-thread-1] INFO  c.uet.server.network.ClientManager - Không có client nào đang xem auction: 1573672628
2026-05-31 08:03:22 [pool-1-thread-1] INFO  c.uet.server.network.ClientManager - Không có client nào đang xem auction: 1573672628
2026-05-31 08:03:23 [pool-1-thread-1] INFO  c.uet.server.network.ClientManager - Không có client nào đang xem auction: 1573672628
2026-05-31 08:03:25 [pool-1-thread-1] INFO  c.uet.server.network.ClientManager - Không có client nào đang xem auction: 1573672628
2026-05-31 08:03:26 [pool-1-thread-1] INFO  c.uet.server.network.ClientManager - Không có client nào đang xem auction: 1573672628
2026-05-31 08:03:28 [pool-1-thread-1] INFO  c.uet.server.network.ClientManager - Không có client nào đang xem auction: 1573672628
2026-05-31 08:03:29 [pool-1-thread-1] INFO  c.uet.server.network.ClientManager - Không có client nào đang xem auction: 1573672628
2026-05-31 08:03:31 [pool-1-thread-1] INFO  c.uet.server.network.ClientManager - Không có client nào đang xem auction: 1573672628
2026-05-31 08:03:32 [pool-1-thread-1] INFO  c.uet.server.network.ClientManager - Không có client nào đang xem auction: 1573672628
2026-05-31 08:03:34 [pool-1-thread-1] INFO  c.uet.server.network.ClientManager - Không có client nào đang xem auction: 1573672628
2026-05-31 08:03:35 [pool-1-thread-1] INFO  c.uet.server.network.ClientManager - Không có client nào đang xem auction: 1573672628
2026-05-31 08:03:37 [pool-1-thread-1] INFO  c.uet.server.network.ClientManager - Không có client nào đang xem auction: 1573672628
2026-05-31 08:03:38 [pool-1-thread-1] INFO  c.uet.server.network.ClientManager - Không có client nào đang xem auction: 1573672628
2026-05-31 08:03:40 [pool-1-thread-1] INFO  c.uet.server.network.ClientManager - Không có client nào đang xem auction: 1573672628
2026-05-31 08:03:41 [pool-1-thread-1] INFO  c.uet.server.network.ClientManager - Không có client nào đang xem auction: 1573672628
2026-05-31 08:03:43 [pool-1-thread-1] INFO  c.uet.server.network.ClientManager - Không có client nào đang xem auction: 1573672628
2026-05-31 08:03:44 [pool-1-thread-1] INFO  c.uet.server.network.ClientManager - Không có client nào đang xem auction: 1573672628
2026-05-31 08:03:46 [pool-1-thread-1] INFO  c.uet.server.network.ClientManager - Không có client nào đang xem auction: 1573672628
2026-05-31 08:03:47 [pool-1-thread-1] INFO  c.uet.server.network.ClientManager - Không có client nào đang xem auction: 1573672628
2026-05-31 08:03:49 [pool-1-thread-1] INFO  c.uet.server.network.ClientManager - Không có client nào đang xem auction: 1573672628
2026-05-31 08:03:50 [pool-1-thread-1] INFO  c.uet.server.network.ClientManager - Không có client nào đang xem auction: 1573672628
2026-05-31 08:03:52 [pool-1-thread-1] INFO  c.uet.server.network.ClientManager - Không có client nào đang xem auction: 1573672628
2026-05-31 08:03:53 [pool-1-thread-1] INFO  c.uet.server.network.ClientManager - Không có client nào đang xem auction: 1573672628
2026-05-31 08:03:55 [pool-1-thread-1] INFO  c.uet.server.network.ClientManager - Không có client nào đang xem auction: 1573672628
2026-05-31 08:03:56 [pool-1-thread-1] INFO  c.uet.server.network.ClientManager - Không có client nào đang xem auction: 1573672628
2026-05-31 08:03:58 [pool-1-thread-1] INFO  c.uet.server.network.ClientManager - Không có client nào đang xem auction: 1573672628
2026-05-31 08:03:59 [pool-1-thread-1] INFO  c.uet.server.network.ClientManager - Không có client nào đang xem auction: 1573672628
2026-05-31 08:04:01 [pool-1-thread-1] INFO  c.uet.server.network.ClientManager - Không có client nào đang xem auction: 1573672628
2026-05-31 08:04:02 [pool-1-thread-1] INFO  c.uet.server.network.ClientManager - Không có client nào đang xem auction: 1573672628
2026-05-31 08:04:04 [pool-1-thread-1] INFO  c.uet.server.network.ClientManager - Không có client nào đang xem auction: 1573672628
2026-05-31 08:04:05 [pool-1-thread-1] INFO  c.uet.server.network.ClientManager - Không có client nào đang xem auction: 1573672628
2026-05-31 08:04:07 [pool-1-thread-1] INFO  c.uet.server.network.ClientManager - Không có client nào đang xem auction: 1573672628
2026-05-31 08:04:08 [pool-1-thread-1] INFO  c.uet.server.network.ClientManager - Không có client nào đang xem auction: 1573672628
2026-05-31 08:04:10 [pool-1-thread-1] INFO  c.uet.server.network.ClientManager - Không có client nào đang xem auction: 1573672628
2026-05-31 08:04:11 [pool-1-thread-1] INFO  c.uet.server.network.ClientManager - Không có client nào đang xem auction: 1573672628
2026-05-31 08:04:13 [pool-1-thread-1] INFO  c.uet.server.network.ClientManager - Không có client nào đang xem auction: 1573672628
2026-05-31 08:04:14 [pool-1-thread-1] INFO  c.uet.server.network.ClientManager - Không có client nào đang xem auction: 1573672628
2026-05-31 08:04:16 [pool-1-thread-1] INFO  c.uet.server.network.ClientManager - Không có client nào đang xem auction: 1573672628
2026-05-31 08:04:17 [pool-1-thread-1] INFO  c.uet.server.network.ClientManager - Không có client nào đang xem auction: 1573672628
2026-05-31 08:04:19 [pool-1-thread-1] INFO  c.uet.server.network.ClientManager - Không có client nào đang xem auction: 1573672628
2026-05-31 08:04:20 [pool-1-thread-1] INFO  c.uet.server.network.ClientManager - Không có client nào đang xem auction: 1573672628
2026-05-31 08:04:22 [pool-1-thread-1] INFO  c.uet.server.network.ClientManager - Không có client nào đang xem auction: 1573672628
2026-05-31 08:04:23 [pool-1-thread-1] INFO  c.uet.server.network.ClientManager - Không có client nào đang xem auction: 1573672628
2026-05-31 08:04:25 [pool-1-thread-1] INFO  c.uet.server.network.ClientManager - Không có client nào đang xem auction: 1573672628
2026-05-31 08:04:26 [pool-1-thread-1] INFO  c.uet.server.network.ClientManager - Không có client nào đang xem auction: 1573672628
2026-05-31 08:04:28 [pool-1-thread-1] INFO  c.uet.server.network.ClientManager - Không có client nào đang xem auction: 1573672628
2026-05-31 08:04:29 [pool-1-thread-1] INFO  c.uet.server.network.ClientManager - Không có client nào đang xem auction: 1573672628
2026-05-31 08:04:31 [pool-1-thread-1] INFO  c.uet.server.network.ClientManager - Không có client nào đang xem auction: 1573672628
2026-05-31 08:04:32 [pool-1-thread-1] INFO  c.uet.server.network.ClientManager - Không có client nào đang xem auction: 1573672628
2026-05-31 08:04:34 [pool-1-thread-1] INFO  c.uet.server.network.ClientManager - Không có client nào đang xem auction: 1573672628
2026-05-31 08:04:35 [pool-1-thread-1] INFO  c.uet.server.network.ClientManager - Không có client nào đang xem auction: 1573672628
2026-05-31 08:04:37 [pool-1-thread-1] INFO  c.uet.server.network.ClientManager - Không có client nào đang xem auction: 1573672628
2026-05-31 08:04:38 [pool-1-thread-1] INFO  c.uet.server.network.ClientManager - Không có client nào đang xem auction: 1573672628
2026-05-31 08:04:40 [pool-1-thread-1] INFO  c.uet.server.network.ClientManager - Không có client nào đang xem auction: 1573672628
2026-05-31 08:04:41 [pool-1-thread-1] INFO  c.uet.server.network.ClientManager - Không có client nào đang xem auction: 1573672628
2026-05-31 08:04:43 [pool-1-thread-1] INFO  c.uet.server.network.ClientManager - Không có client nào đang xem auction: 1573672628
2026-05-31 08:04:44 [pool-1-thread-1] INFO  c.uet.server.network.ClientManager - Không có client nào đang xem auction: 1573672628
2026-05-31 08:04:46 [pool-1-thread-1] INFO  c.uet.server.network.ClientManager - Không có client nào đang xem auction: 1573672628
2026-05-31 08:04:47 [pool-1-thread-1] INFO  c.uet.server.network.ClientManager - Không có client nào đang xem auction: 1573672628
2026-05-31 08:04:49 [pool-1-thread-1] INFO  c.uet.server.network.ClientManager - Không có client nào đang xem auction: 1573672628
2026-05-31 08:04:50 [pool-1-thread-1] INFO  c.uet.server.network.ClientManager - Không có client nào đang xem auction: 1573672628
2026-05-31 08:04:52 [pool-1-thread-1] INFO  c.uet.server.network.ClientManager - Không có client nào đang xem auction: 1573672628
2026-05-31 08:04:53 [pool-1-thread-1] INFO  c.uet.server.network.ClientManager - Không có client nào đang xem auction: 1573672628
2026-05-31 08:04:55 [pool-1-thread-1] INFO  c.uet.server.network.ClientManager - Không có client nào đang xem auction: 1573672628
2026-05-31 08:04:56 [pool-1-thread-1] INFO  c.uet.server.network.ClientManager - Không có client nào đang xem auction: 1573672628
2026-05-31 08:04:58 [pool-1-thread-1] INFO  c.uet.server.network.ClientManager - Không có client nào đang xem auction: 1573672628
2026-05-31 08:04:59 [pool-1-thread-1] INFO  c.uet.server.network.ClientManager - Không có client nào đang xem auction: 1573672628
2026-05-31 08:05:01 [pool-1-thread-1] INFO  c.uet.server.network.ClientManager - Không có client nào đang xem auction: 1573672628
2026-05-31 08:05:02 [pool-1-thread-1] INFO  c.uet.server.network.ClientManager - Không có client nào đang xem auction: 1573672628
2026-05-31 08:05:04 [pool-1-thread-1] INFO  c.uet.server.network.ClientManager - Không có client nào đang xem auction: 1573672628
2026-05-31 08:05:05 [pool-1-thread-1] INFO  c.uet.server.network.ClientManager - Không có client nào đang xem auction: 1573672628
2026-05-31 08:05:07 [pool-1-thread-1] INFO  c.uet.server.network.ClientManager - Không có client nào đang xem auction: 1573672628
2026-05-31 08:05:08 [pool-1-thread-1] INFO  c.uet.server.network.ClientManager - Không có client nào đang xem auction: 1573672628
2026-05-31 08:05:10 [pool-1-thread-1] INFO  c.uet.server.network.ClientManager - Không có client nào đang xem auction: 1573672628
2026-05-31 08:05:11 [pool-1-thread-1] INFO  c.uet.server.network.ClientManager - Không có client nào đang xem auction: 1573672628
2026-05-31 08:05:13 [pool-1-thread-1] INFO  c.uet.server.network.ClientManager - Không có client nào đang xem auction: 1573672628
2026-05-31 08:05:14 [pool-1-thread-1] INFO  c.uet.server.network.ClientManager - Không có client nào đang xem auction: 1573672628
2026-05-31 08:05:16 [pool-1-thread-1] INFO  c.uet.server.network.ClientManager - Không có client nào đang xem auction: 1573672628
2026-05-31 08:05:17 [pool-1-thread-1] INFO  c.uet.server.network.ClientManager - Không có client nào đang xem auction: 1573672628
2026-05-31 08:05:19 [pool-1-thread-1] INFO  c.uet.server.network.ClientManager - Không có client nào đang xem auction: 1573672628
2026-05-31 08:05:20 [pool-1-thread-1] INFO  c.uet.server.network.ClientManager - Không có client nào đang xem auction: 1573672628
2026-05-31 08:05:22 [pool-1-thread-1] INFO  c.uet.server.network.ClientManager - Không có client nào đang xem auction: 1573672628
2026-05-31 08:05:23 [pool-1-thread-1] INFO  c.uet.server.network.ClientManager - Không có client nào đang xem auction: 1573672628
2026-05-31 08:05:25 [pool-1-thread-1] INFO  c.uet.server.network.ClientManager - Không có client nào đang xem auction: 1573672628
2026-05-31 08:05:26 [pool-1-thread-1] INFO  c.uet.server.network.ClientManager - Không có client nào đang xem auction: 1573672628
2026-05-31 08:05:28 [pool-1-thread-1] INFO  c.uet.server.network.ClientManager - Không có client nào đang xem auction: 1573672628
2026-05-31 08:05:29 [pool-1-thread-1] INFO  c.uet.server.network.ClientManager - Không có client nào đang xem auction: 1573672628
2026-05-31 08:05:31 [pool-1-thread-1] INFO  c.uet.server.network.ClientManager - Không có client nào đang xem auction: 1573672628
2026-05-31 08:05:32 [pool-1-thread-1] INFO  c.uet.server.network.ClientManager - Không có client nào đang xem auction: 1573672628
2026-05-31 08:05:34 [pool-1-thread-1] INFO  c.uet.server.network.ClientManager - Không có client nào đang xem auction: 1573672628
2026-05-31 08:05:35 [pool-1-thread-1] INFO  c.uet.server.network.ClientManager - Không có client nào đang xem auction: 1573672628
2026-05-31 08:05:37 [pool-1-thread-1] INFO  c.uet.server.network.ClientManager - Không có client nào đang xem auction: 1573672628
2026-05-31 08:05:38 [pool-1-thread-1] INFO  c.uet.server.network.ClientManager - Không có client nào đang xem auction: 1573672628
2026-05-31 08:05:40 [pool-1-thread-1] INFO  c.uet.server.network.ClientManager - Không có client nào đang xem auction: 1573672628
2026-05-31 08:05:41 [pool-1-thread-1] INFO  c.uet.server.network.ClientManager - Không có client nào đang xem auction: 1573672628
2026-05-31 08:05:43 [pool-1-thread-1] INFO  c.uet.server.network.ClientManager - Không có client nào đang xem auction: 1573672628
2026-05-31 08:05:44 [pool-1-thread-1] INFO  c.uet.server.network.ClientManager - Không có client nào đang xem auction: 1573672628
2026-05-31 08:05:46 [pool-1-thread-1] INFO  c.uet.server.network.ClientManager - Không có client nào đang xem auction: 1573672628
2026-05-31 08:05:47 [pool-1-thread-1] INFO  c.uet.server.network.ClientManager - Không có client nào đang xem auction: 1573672628
2026-05-31 08:05:49 [pool-1-thread-1] INFO  c.uet.server.network.ClientManager - Không có client nào đang xem auction: 1573672628
2026-05-31 08:05:50 [pool-1-thread-1] INFO  c.uet.server.network.ClientManager - Không có client nào đang xem auction: 1573672628
2026-05-31 08:05:52 [pool-1-thread-1] INFO  c.uet.server.network.ClientManager - Không có client nào đang xem auction: 1573672628
2026-05-31 08:05:53 [pool-1-thread-1] INFO  c.uet.server.network.ClientManager - Không có client nào đang xem auction: 1573672628
2026-05-31 08:05:55 [pool-1-thread-1] INFO  c.uet.server.network.ClientManager - Không có client nào đang xem auction: 1573672628
2026-05-31 08:05:56 [pool-1-thread-1] INFO  c.uet.server.network.ClientManager - Không có client nào đang xem auction: 1573672628
2026-05-31 08:05:58 [pool-1-thread-1] INFO  c.uet.server.network.ClientManager - Không có client nào đang xem auction: 1573672628
2026-05-31 08:05:59 [pool-1-thread-1] INFO  c.uet.server.network.ClientManager - Không có client nào đang xem auction: 1573672628
2026-05-31 08:06:01 [pool-1-thread-1] INFO  c.uet.server.network.ClientManager - Không có client nào đang xem auction: 1573672628
2026-05-31 08:06:02 [pool-1-thread-1] INFO  c.uet.server.network.ClientManager - Không có client nào đang xem auction: 1573672628
2026-05-31 08:06:04 [pool-1-thread-1] INFO  c.uet.server.network.ClientManager - Không có client nào đang xem auction: 1573672628
2026-05-31 08:06:05 [pool-1-thread-1] INFO  c.uet.server.network.ClientManager - Không có client nào đang xem auction: 1573672628
2026-05-31 08:06:07 [pool-1-thread-1] INFO  c.uet.server.network.ClientManager - Không có client nào đang xem auction: 1573672628
2026-05-31 08:06:08 [pool-1-thread-1] INFO  c.uet.server.network.ClientManager - Không có client nào đang xem auction: 1573672628
2026-05-31 08:06:10 [pool-1-thread-1] INFO  c.uet.server.network.ClientManager - Không có client nào đang xem auction: 1573672628
2026-05-31 08:06:11 [pool-1-thread-1] INFO  c.uet.server.network.ClientManager - Không có client nào đang xem auction: 1573672628
2026-05-31 08:06:13 [pool-1-thread-1] INFO  c.uet.server.network.ClientManager - Không có client nào đang xem auction: 1573672628
2026-05-31 08:06:14 [pool-1-thread-1] INFO  c.uet.server.network.ClientManager - Không có client nào đang xem auction: 1573672628
2026-05-31 08:06:16 [pool-1-thread-1] INFO  c.uet.server.network.ClientManager - Không có client nào đang xem auction: 1573672628
2026-05-31 08:06:17 [pool-1-thread-1] INFO  c.uet.server.network.ClientManager - Không có client nào đang xem auction: 1573672628
2026-05-31 08:06:19 [pool-1-thread-1] INFO  c.uet.server.network.ClientManager - Không có client nào đang xem auction: 1573672628
2026-05-31 08:06:20 [pool-1-thread-1] INFO  c.uet.server.network.ClientManager - Không có client nào đang xem auction: 1573672628
2026-05-31 08:06:22 [pool-1-thread-1] INFO  c.uet.server.network.ClientManager - Không có client nào đang xem auction: 1573672628
2026-05-31 08:06:23 [pool-1-thread-1] INFO  c.uet.server.network.ClientManager - Không có client nào đang xem auction: 1573672628
2026-05-31 08:06:25 [pool-1-thread-1] INFO  c.uet.server.network.ClientManager - Không có client nào đang xem auction: 1573672628
2026-05-31 08:06:26 [pool-1-thread-1] INFO  c.uet.server.network.ClientManager - Không có client nào đang xem auction: 1573672628
2026-05-31 08:06:28 [pool-1-thread-1] INFO  c.uet.server.network.ClientManager - Không có client nào đang xem auction: 1573672628
2026-05-31 08:06:29 [pool-1-thread-1] INFO  c.uet.server.network.ClientManager - Không có client nào đang xem auction: 1573672628
2026-05-31 08:06:31 [pool-1-thread-1] INFO  c.uet.server.network.ClientManager - Không có client nào đang xem auction: 1573672628
2026-05-31 08:06:32 [pool-1-thread-1] INFO  c.uet.server.network.ClientManager - Không có client nào đang xem auction: 1573672628
2026-05-31 08:06:34 [pool-1-thread-1] INFO  c.uet.server.network.ClientManager - Không có client nào đang xem auction: 1573672628
2026-05-31 08:06:35 [pool-1-thread-1] INFO  c.uet.server.network.ClientManager - Không có client nào đang xem auction: 1573672628
2026-05-31 08:06:37 [pool-1-thread-1] INFO  c.uet.server.network.ClientManager - Không có client nào đang xem auction: 1573672628
2026-05-31 08:06:38 [pool-1-thread-1] INFO  c.uet.server.network.ClientManager - Không có client nào đang xem auction: 1573672628
2026-05-31 08:06:40 [pool-1-thread-1] INFO  c.uet.server.network.ClientManager - Không có client nào đang xem auction: 1573672628
2026-05-31 08:06:41 [pool-1-thread-1] INFO  c.uet.server.network.ClientManager - Không có client nào đang xem auction: 1573672628
2026-05-31 08:06:43 [pool-1-thread-1] INFO  c.uet.server.network.ClientManager - Không có client nào đang xem auction: 1573672628
2026-05-31 08:06:44 [pool-1-thread-1] INFO  c.uet.server.network.ClientManager - Không có client nào đang xem auction: 1573672628
2026-05-31 08:06:46 [pool-1-thread-1] INFO  c.uet.server.network.ClientManager - Không có client nào đang xem auction: 1573672628
2026-05-31 08:06:47 [pool-1-thread-1] INFO  c.uet.server.network.ClientManager - Không có client nào đang xem auction: 1573672628
2026-05-31 08:06:49 [pool-1-thread-1] INFO  c.uet.server.network.ClientManager - Không có client nào đang xem auction: 1573672628
2026-05-31 08:06:50 [pool-1-thread-1] INFO  c.uet.server.network.ClientManager - Không có client nào đang xem auction: 1573672628
2026-05-31 08:06:52 [pool-1-thread-1] INFO  c.uet.server.network.ClientManager - Không có client nào đang xem auction: 1573672628
2026-05-31 08:06:53 [pool-1-thread-1] INFO  c.uet.server.network.ClientManager - Không có client nào đang xem auction: 1573672628
2026-05-31 08:06:55 [pool-1-thread-1] INFO  c.uet.server.network.ClientManager - Không có client nào đang xem auction: 1573672628
2026-05-31 08:06:56 [pool-1-thread-1] INFO  c.uet.server.network.ClientManager - Không có client nào đang xem auction: 1573672628
2026-05-31 08:06:58 [pool-1-thread-1] INFO  c.uet.server.network.ClientManager - Không có client nào đang xem auction: 1573672628
2026-05-31 08:06:59 [pool-1-thread-1] INFO  c.uet.server.network.ClientManager - Không có client nào đang xem auction: 1573672628
2026-05-31 08:07:01 [pool-1-thread-1] INFO  c.uet.server.network.ClientManager - Không có client nào đang xem auction: 1573672628
2026-05-31 08:07:02 [pool-1-thread-1] INFO  c.uet.server.network.ClientManager - Không có client nào đang xem auction: 1573672628
2026-05-31 08:07:04 [pool-1-thread-1] INFO  c.uet.server.network.ClientManager - Không có client nào đang xem auction: 1573672628
2026-05-31 08:07:05 [pool-1-thread-1] INFO  c.uet.server.network.ClientManager - Không có client nào đang xem auction: 1573672628
2026-05-31 08:07:07 [pool-1-thread-1] INFO  c.uet.server.network.ClientManager - Không có client nào đang xem auction: 1573672628
2026-05-31 08:07:08 [pool-1-thread-1] INFO  c.uet.server.network.ClientManager - Không có client nào đang xem auction: 1573672628
2026-05-31 08:07:10 [pool-1-thread-1] INFO  c.uet.server.network.ClientManager - Không có client nào đang xem auction: 1573672628
2026-05-31 08:07:11 [pool-1-thread-1] INFO  c.uet.server.network.ClientManager - Không có client nào đang xem auction: 1573672628
2026-05-31 08:07:13 [pool-1-thread-1] INFO  c.uet.server.network.ClientManager - Không có client nào đang xem auction: 1573672628
2026-05-31 08:07:14 [pool-1-thread-1] INFO  c.uet.server.network.ClientManager - Không có client nào đang xem auction: 1573672628
2026-05-31 08:07:16 [pool-1-thread-1] INFO  c.uet.server.network.ClientManager - Không có client nào đang xem auction: 1573672628
2026-05-31 08:07:17 [pool-1-thread-1] INFO  c.uet.server.network.ClientManager - Không có client nào đang xem auction: 1573672628
2026-05-31 08:07:19 [pool-1-thread-1] INFO  c.uet.server.network.ClientManager - Không có client nào đang xem auction: 1573672628
2026-05-31 08:07:20 [pool-1-thread-1] INFO  c.uet.server.network.ClientManager - Không có client nào đang xem auction: 1573672628
2026-05-31 08:07:22 [pool-1-thread-1] INFO  c.uet.server.network.ClientManager - Không có client nào đang xem auction: 1573672628
2026-05-31 08:07:23 [pool-1-thread-1] INFO  c.uet.server.network.ClientManager - Không có client nào đang xem auction: 1573672628
2026-05-31 08:07:25 [pool-1-thread-1] INFO  c.uet.server.network.ClientManager - Không có client nào đang xem auction: 1573672628
2026-05-31 08:07:26 [pool-1-thread-1] INFO  c.uet.server.network.ClientManager - Không có client nào đang xem auction: 1573672628
2026-05-31 08:07:28 [pool-1-thread-1] INFO  c.uet.server.network.ClientManager - Không có client nào đang xem auction: 1573672628
2026-05-31 08:07:29 [pool-1-thread-1] INFO  c.uet.server.network.ClientManager - Không có client nào đang xem auction: 1573672628
2026-05-31 08:07:31 [pool-1-thread-1] INFO  c.uet.server.network.ClientManager - Không có client nào đang xem auction: 1573672628
2026-05-31 08:07:32 [pool-1-thread-1] INFO  c.uet.server.network.ClientManager - Không có client nào đang xem auction: 1573672628
2026-05-31 08:07:34 [pool-1-thread-1] INFO  c.uet.server.network.ClientManager - Không có client nào đang xem auction: 1573672628
2026-05-31 08:07:35 [pool-1-thread-1] INFO  c.uet.server.network.ClientManager - Không có client nào đang xem auction: 1573672628
2026-05-31 08:07:37 [pool-1-thread-1] INFO  c.uet.server.network.ClientManager - Không có client nào đang xem auction: 1573672628
2026-05-31 08:07:38 [pool-1-thread-1] INFO  c.uet.server.network.ClientManager - Không có client nào đang xem auction: 1573672628
2026-05-31 08:07:40 [pool-1-thread-1] INFO  c.uet.server.network.ClientManager - Không có client nào đang xem auction: 1573672628
2026-05-31 08:07:41 [pool-1-thread-1] INFO  c.uet.server.network.ClientManager - Không có client nào đang xem auction: 1573672628
2026-05-31 08:07:43 [pool-1-thread-1] INFO  c.uet.server.network.ClientManager - Không có client nào đang xem auction: 1573672628
2026-05-31 08:07:44 [pool-1-thread-1] INFO  c.uet.server.network.ClientManager - Không có client nào đang xem auction: 1573672628
2026-05-31 08:07:46 [pool-1-thread-1] INFO  c.uet.server.network.ClientManager - Không có client nào đang xem auction: 1573672628
2026-05-31 08:07:47 [pool-1-thread-1] INFO  c.uet.server.network.ClientManager - Không có client nào đang xem auction: 1573672628
2026-05-31 08:07:49 [pool-1-thread-1] INFO  c.uet.server.network.ClientManager - Không có client nào đang xem auction: 1573672628
2026-05-31 08:07:50 [pool-1-thread-1] INFO  c.uet.server.network.ClientManager - Không có client nào đang xem auction: 1573672628
2026-05-31 08:07:52 [pool-1-thread-1] INFO  c.uet.server.network.ClientManager - Không có client nào đang xem auction: 1573672628
2026-05-31 08:07:53 [pool-1-thread-1] INFO  c.uet.server.network.ClientManager - Không có client nào đang xem auction: 1573672628
2026-05-31 08:07:55 [pool-1-thread-1] INFO  c.uet.server.network.ClientManager - Không có client nào đang xem auction: 1573672628
2026-05-31 08:07:56 [pool-1-thread-1] INFO  c.uet.server.network.ClientManager - Không có client nào đang xem auction: 1573672628
2026-05-31 08:07:58 [pool-1-thread-1] INFO  c.uet.server.network.ClientManager - Không có client nào đang xem auction: 1573672628
2026-05-31 08:07:59 [pool-1-thread-1] INFO  c.uet.server.network.ClientManager - Không có client nào đang xem auction: 1573672628
2026-05-31 08:08:01 [pool-1-thread-1] INFO  c.uet.server.network.ClientManager - Không có client nào đang xem auction: 1573672628
2026-05-31 08:08:02 [pool-1-thread-1] INFO  c.uet.server.network.ClientManager - Không có client nào đang xem auction: 1573672628
2026-05-31 08:08:04 [pool-1-thread-1] INFO  c.uet.server.network.ClientManager - Không có client nào đang xem auction: 1573672628
2026-05-31 08:08:05 [pool-1-thread-1] INFO  c.uet.server.network.ClientManager - Không có client nào đang xem auction: 1573672628
2026-05-31 08:08:07 [pool-1-thread-1] INFO  c.uet.server.network.ClientManager - Không có client nào đang xem auction: 1573672628
2026-05-31 08:08:08 [pool-1-thread-1] INFO  c.uet.server.network.ClientManager - Không có client nào đang xem auction: 1573672628
2026-05-31 08:08:10 [pool-1-thread-1] INFO  c.uet.server.network.ClientManager - Không có client nào đang xem auction: 1573672628
2026-05-31 08:08:11 [pool-1-thread-1] INFO  c.uet.server.network.ClientManager - Không có client nào đang xem auction: 1573672628
2026-05-31 08:08:13 [pool-1-thread-1] INFO  c.uet.server.network.ClientManager - Không có client nào đang xem auction: 1573672628
2026-05-31 08:08:14 [pool-1-thread-1] INFO  c.uet.server.network.ClientManager - Không có client nào đang xem auction: 1573672628
2026-05-31 08:08:16 [pool-1-thread-1] INFO  c.uet.server.network.ClientManager - Không có client nào đang xem auction: 1573672628
2026-05-31 08:08:17 [pool-1-thread-1] INFO  c.uet.server.network.ClientManager - Không có client nào đang xem auction: 1573672628
2026-05-31 08:08:19 [pool-1-thread-1] INFO  c.uet.server.network.ClientManager - Không có client nào đang xem auction: 1573672628
2026-05-31 08:08:20 [pool-1-thread-1] INFO  c.uet.server.network.ClientManager - Không có client nào đang xem auction: 1573672628
2026-05-31 08:08:22 [pool-1-thread-1] INFO  c.uet.server.network.ClientManager - Không có client nào đang xem auction: 1573672628
2026-05-31 08:08:23 [pool-1-thread-1] INFO  c.uet.server.network.ClientManager - Không có client nào đang xem auction: 1573672628
2026-05-31 08:08:25 [pool-1-thread-1] INFO  c.uet.server.network.ClientManager - Không có client nào đang xem auction: 1573672628
2026-05-31 08:08:26 [pool-1-thread-1] INFO  c.uet.server.network.ClientManager - Không có client nào đang xem auction: 1573672628
2026-05-31 08:08:28 [pool-1-thread-1] INFO  c.uet.server.network.ClientManager - Không có client nào đang xem auction: 1573672628
2026-05-31 08:08:29 [pool-1-thread-1] INFO  c.uet.server.network.ClientManager - Không có client nào đang xem auction: 1573672628
2026-05-31 08:08:31 [pool-1-thread-1] INFO  c.uet.server.network.ClientManager - Không có client nào đang xem auction: 1573672628
2026-05-31 08:08:32 [pool-1-thread-1] INFO  c.uet.server.network.ClientManager - Không có client nào đang xem auction: 1573672628
2026-05-31 08:08:34 [pool-1-thread-1] INFO  c.uet.server.network.ClientManager - Không có client nào đang xem auction: 1573672628
2026-05-31 08:08:35 [pool-1-thread-1] INFO  c.uet.server.network.ClientManager - Không có client nào đang xem auction: 1573672628
2026-05-31 08:08:37 [pool-1-thread-1] INFO  c.uet.server.network.ClientManager - Không có client nào đang xem auction: 1573672628
2026-05-31 08:08:38 [pool-1-thread-1] INFO  c.uet.server.network.ClientManager - Không có client nào đang xem auction: 1573672628
2026-05-31 08:08:40 [pool-1-thread-1] INFO  c.uet.server.network.ClientManager - Không có client nào đang xem auction: 1573672628
2026-05-31 08:08:41 [pool-1-thread-1] INFO  c.uet.server.network.ClientManager - Không có client nào đang xem auction: 1573672628
2026-05-31 08:08:43 [pool-1-thread-1] INFO  c.uet.server.network.ClientManager - Không có client nào đang xem auction: 1573672628
2026-05-31 08:08:44 [pool-1-thread-1] INFO  c.uet.server.network.ClientManager - Không có client nào đang xem auction: 1573672628
2026-05-31 08:08:46 [pool-1-thread-1] INFO  c.uet.server.network.ClientManager - Không có client nào đang xem auction: 1573672628
2026-05-31 08:08:47 [pool-1-thread-1] INFO  c.uet.server.network.ClientManager - Không có client nào đang xem auction: 1573672628
2026-05-31 08:08:49 [pool-1-thread-1] INFO  c.uet.server.network.ClientManager - Không có client nào đang xem auction: 1573672628
2026-05-31 08:08:50 [pool-1-thread-1] INFO  c.uet.server.network.ClientManager - Không có client nào đang xem auction: 1573672628
2026-05-31 08:08:52 [pool-1-thread-1] INFO  c.uet.server.network.ClientManager - Không có client nào đang xem auction: 1573672628
2026-05-31 08:08:53 [pool-1-thread-1] INFO  c.uet.server.network.ClientManager - Không có client nào đang xem auction: 1573672628
2026-05-31 08:08:55 [pool-1-thread-1] INFO  c.uet.server.network.ClientManager - Không có client nào đang xem auction: 1573672628
2026-05-31 08:08:56 [pool-1-thread-1] INFO  c.uet.server.network.ClientManager - Không có client nào đang xem auction: 1573672628
2026-05-31 08:08:58 [pool-1-thread-1] INFO  c.uet.server.network.ClientManager - Không có client nào đang xem auction: 1573672628
2026-05-31 08:08:59 [pool-1-thread-1] INFO  c.uet.server.network.ClientManager - Không có client nào đang xem auction: 1573672628
2026-05-31 08:09:01 [pool-1-thread-1] INFO  c.uet.server.network.ClientManager - Không có client nào đang xem auction: 1573672628
2026-05-31 08:09:02 [pool-1-thread-1] INFO  c.uet.server.network.ClientManager - Không có client nào đang xem auction: 1573672628
2026-05-31 08:09:04 [pool-1-thread-1] INFO  c.uet.server.network.ClientManager - Không có client nào đang xem auction: 1573672628
2026-05-31 08:09:05 [pool-1-thread-1] INFO  c.uet.server.network.ClientManager - Không có client nào đang xem auction: 1573672628
2026-05-31 08:09:07 [pool-1-thread-1] INFO  c.uet.server.network.ClientManager - Không có client nào đang xem auction: 1573672628
2026-05-31 08:09:08 [pool-1-thread-1] INFO  c.uet.server.network.ClientManager - Không có client nào đang xem auction: 1573672628
2026-05-31 08:09:10 [pool-1-thread-1] INFO  c.uet.server.network.ClientManager - Không có client nào đang xem auction: 1573672628
2026-05-31 08:09:11 [pool-1-thread-1] INFO  c.uet.server.network.ClientManager - Không có client nào đang xem auction: 1573672628
2026-05-31 08:09:13 [pool-1-thread-1] INFO  c.uet.server.network.ClientManager - Không có client nào đang xem auction: 1573672628
2026-05-31 08:09:14 [pool-1-thread-1] INFO  c.uet.server.network.ClientManager - Không có client nào đang xem auction: 1573672628
2026-05-31 08:09:16 [pool-1-thread-1] INFO  c.uet.server.network.ClientManager - Không có client nào đang xem auction: 1573672628
2026-05-31 08:09:17 [pool-1-thread-1] INFO  c.uet.server.network.ClientManager - Không có client nào đang xem auction: 1573672628
2026-05-31 08:09:19 [pool-1-thread-1] INFO  c.uet.server.network.ClientManager - Không có client nào đang xem auction: 1573672628
2026-05-31 08:09:20 [pool-1-thread-1] INFO  c.uet.server.network.ClientManager - Không có client nào đang xem auction: 1573672628
2026-05-31 08:09:22 [pool-1-thread-1] INFO  c.uet.server.network.ClientManager - Không có client nào đang xem auction: 1573672628
2026-05-31 08:09:23 [pool-1-thread-1] INFO  c.uet.server.network.ClientManager - Không có client nào đang xem auction: 1573672628
2026-05-31 08:09:25 [pool-1-thread-1] INFO  c.uet.server.network.ClientManager - Không có client nào đang xem auction: 1573672628
2026-05-31 08:09:26 [pool-1-thread-1] INFO  c.uet.server.network.ClientManager - Không có client nào đang xem auction: 1573672628
2026-05-31 08:09:28 [pool-1-thread-1] INFO  c.uet.server.network.ClientManager - Không có client nào đang xem auction: 1573672628
2026-05-31 08:09:29 [pool-1-thread-1] INFO  c.uet.server.network.ClientManager - Không có client nào đang xem auction: 1573672628
2026-05-31 08:09:31 [pool-1-thread-1] INFO  c.uet.server.network.ClientManager - Không có client nào đang xem auction: 1573672628
2026-05-31 08:09:32 [pool-1-thread-1] INFO  c.uet.server.network.ClientManager - Không có client nào đang xem auction: 1573672628
2026-05-31 08:09:34 [pool-1-thread-1] INFO  c.uet.server.network.ClientManager - Không có client nào đang xem auction: 1573672628
2026-05-31 08:09:35 [pool-1-thread-1] INFO  c.uet.server.network.ClientManager - Không có client nào đang xem auction: 1573672628
2026-05-31 08:09:37 [pool-1-thread-1] INFO  c.uet.server.network.ClientManager - Không có client nào đang xem auction: 1573672628
2026-05-31 08:09:38 [pool-1-thread-1] INFO  c.uet.server.network.ClientManager - Không có client nào đang xem auction: 1573672628
2026-05-31 08:09:40 [pool-1-thread-1] INFO  c.uet.server.network.ClientManager - Không có client nào đang xem auction: 1573672628
2026-05-31 08:09:41 [pool-1-thread-1] INFO  c.uet.server.network.ClientManager - Không có client nào đang xem auction: 1573672628
2026-05-31 08:09:43 [pool-1-thread-1] INFO  c.uet.server.network.ClientManager - Không có client nào đang xem auction: 1573672628
2026-05-31 08:09:44 [pool-1-thread-1] INFO  c.uet.server.network.ClientManager - Không có client nào đang xem auction: 1573672628
2026-05-31 08:09:46 [pool-1-thread-1] INFO  c.uet.server.network.ClientManager - Không có client nào đang xem auction: 1573672628
2026-05-31 08:09:47 [pool-1-thread-1] INFO  c.uet.server.network.ClientManager - Không có client nào đang xem auction: 1573672628
2026-05-31 08:09:49 [pool-1-thread-1] INFO  c.uet.server.network.ClientManager - Không có client nào đang xem auction: 1573672628
2026-05-31 08:09:50 [pool-1-thread-1] INFO  c.uet.server.network.ClientManager - Không có client nào đang xem auction: 1573672628
2026-05-31 08:09:52 [pool-1-thread-1] INFO  c.uet.server.network.ClientManager - Không có client nào đang xem auction: 1573672628
2026-05-31 08:09:53 [pool-1-thread-1] INFO  c.uet.server.network.ClientManager - Không có client nào đang xem auction: 1573672628
2026-05-31 08:09:55 [pool-1-thread-1] INFO  c.uet.server.network.ClientManager - Không có client nào đang xem auction: 1573672628
2026-05-31 08:09:56 [pool-1-thread-1] INFO  c.uet.server.network.ClientManager - Không có client nào đang xem auction: 1573672628
2026-05-31 08:09:58 [pool-1-thread-1] INFO  c.uet.server.network.ClientManager - Không có client nào đang xem auction: 1573672628
2026-05-31 08:09:59 [pool-1-thread-1] INFO  c.uet.server.network.ClientManager - Không có client nào đang xem auction: 1573672628
2026-05-31 08:10:01 [pool-1-thread-1] INFO  c.uet.server.network.ClientManager - Không có client nào đang xem auction: 1573672628
2026-05-31 08:10:02 [pool-1-thread-1] INFO  c.uet.server.network.ClientManager - Không có client nào đang xem auction: 1573672628
2026-05-31 08:10:04 [pool-1-thread-1] INFO  c.uet.server.network.ClientManager - Không có client nào đang xem auction: 1573672628
2026-05-31 08:10:05 [pool-1-thread-1] INFO  c.uet.server.network.ClientManager - Không có client nào đang xem auction: 1573672628
2026-05-31 08:10:07 [pool-1-thread-1] INFO  c.uet.server.network.ClientManager - Không có client nào đang xem auction: 1573672628
2026-05-31 08:10:08 [pool-1-thread-1] INFO  c.uet.server.network.ClientManager - Không có client nào đang xem auction: 1573672628
2026-05-31 08:10:10 [pool-1-thread-1] INFO  c.uet.server.network.ClientManager - Không có client nào đang xem auction: 1573672628
2026-05-31 08:10:11 [pool-1-thread-1] INFO  c.uet.server.network.ClientManager - Không có client nào đang xem auction: 1573672628
2026-05-31 08:10:13 [pool-1-thread-1] INFO  c.uet.server.network.ClientManager - Không có client nào đang xem auction: 1573672628
2026-05-31 08:10:14 [pool-1-thread-1] INFO  c.uet.server.network.ClientManager - Không có client nào đang xem auction: 1573672628
2026-05-31 08:10:16 [pool-1-thread-1] INFO  c.uet.server.network.ClientManager - Không có client nào đang xem auction: 1573672628
2026-05-31 08:10:17 [pool-1-thread-1] INFO  c.uet.server.network.ClientManager - Không có client nào đang xem auction: 1573672628
2026-05-31 08:10:19 [pool-1-thread-1] INFO  c.uet.server.network.ClientManager - Không có client nào đang xem auction: 1573672628
2026-05-31 08:10:20 [pool-1-thread-1] INFO  c.uet.server.network.ClientManager - Không có client nào đang xem auction: 1573672628
2026-05-31 08:10:22 [pool-1-thread-1] INFO  c.uet.server.network.ClientManager - Không có client nào đang xem auction: 1573672628
2026-05-31 08:10:23 [pool-1-thread-1] INFO  c.uet.server.network.ClientManager - Không có client nào đang xem auction: 1573672628
2026-05-31 08:10:25 [pool-1-thread-1] INFO  c.uet.server.network.ClientManager - Không có client nào đang xem auction: 1573672628
2026-05-31 08:10:26 [pool-1-thread-1] INFO  c.uet.server.network.ClientManager - Không có client nào đang xem auction: 1573672628
2026-05-31 08:10:28 [pool-1-thread-1] INFO  c.uet.server.network.ClientManager - Không có client nào đang xem auction: 1573672628
2026-05-31 08:10:29 [pool-1-thread-1] INFO  c.uet.server.network.ClientManager - Không có client nào đang xem auction: 1573672628
2026-05-31 08:10:31 [pool-1-thread-1] INFO  c.uet.server.network.ClientManager - Không có client nào đang xem auction: 1573672628
2026-05-31 08:10:32 [pool-1-thread-1] INFO  c.uet.server.network.ClientManager - Không có client nào đang xem auction: 1573672628
2026-05-31 08:10:34 [pool-1-thread-1] INFO  c.uet.server.network.ClientManager - Không có client nào đang xem auction: 1573672628
2026-05-31 08:10:35 [pool-1-thread-1] INFO  c.uet.server.network.ClientManager - Không có client nào đang xem auction: 1573672628
2026-05-31 08:10:37 [pool-1-thread-1] INFO  c.uet.server.network.ClientManager - Không có client nào đang xem auction: 1573672628
2026-05-31 08:10:38 [pool-1-thread-1] INFO  c.uet.server.network.ClientManager - Không có client nào đang xem auction: 1573672628
2026-05-31 08:10:40 [pool-1-thread-1] INFO  c.uet.server.network.ClientManager - Không có client nào đang xem auction: 1573672628
2026-05-31 08:10:41 [pool-1-thread-1] INFO  c.uet.server.network.ClientManager - Không có client nào đang xem auction: 1573672628
2026-05-31 08:10:43 [pool-1-thread-1] INFO  c.uet.server.network.ClientManager - Không có client nào đang xem auction: 1573672628
2026-05-31 08:10:44 [pool-1-thread-1] INFO  c.uet.server.network.ClientManager - Không có client nào đang xem auction: 1573672628
2026-05-31 08:10:46 [pool-1-thread-1] INFO  c.uet.server.network.ClientManager - Không có client nào đang xem auction: 1573672628
2026-05-31 08:10:47 [pool-1-thread-1] INFO  c.uet.server.network.ClientManager - Không có client nào đang xem auction: 1573672628
2026-05-31 08:10:49 [pool-1-thread-1] INFO  c.uet.server.network.ClientManager - Không có client nào đang xem auction: 1573672628
2026-05-31 08:10:50 [pool-1-thread-1] INFO  c.uet.server.network.ClientManager - Không có client nào đang xem auction: 1573672628
2026-05-31 08:10:52 [pool-1-thread-1] INFO  c.uet.server.network.ClientManager - Không có client nào đang xem auction: 1573672628
2026-05-31 08:10:53 [pool-1-thread-1] INFO  c.uet.server.network.ClientManager - Không có client nào đang xem auction: 1573672628
2026-05-31 08:10:55 [pool-1-thread-1] INFO  c.uet.server.network.ClientManager - Không có client nào đang xem auction: 1573672628
2026-05-31 08:10:56 [pool-1-thread-1] INFO  c.uet.server.network.ClientManager - Không có client nào đang xem auction: 1573672628
2026-05-31 08:10:58 [pool-1-thread-1] INFO  c.uet.server.network.ClientManager - Không có client nào đang xem auction: 1573672628
2026-05-31 08:10:59 [pool-1-thread-1] INFO  c.uet.server.network.ClientManager - Không có client nào đang xem auction: 1573672628
2026-05-31 08:11:01 [pool-1-thread-1] INFO  c.uet.server.network.ClientManager - Không có client nào đang xem auction: 1573672628
2026-05-31 08:11:02 [pool-1-thread-1] INFO  c.uet.server.network.ClientManager - Không có client nào đang xem auction: 1573672628
2026-05-31 08:11:04 [pool-1-thread-1] INFO  c.uet.server.network.ClientManager - Không có client nào đang xem auction: 1573672628
2026-05-31 08:11:05 [pool-1-thread-1] INFO  c.uet.server.network.ClientManager - Không có client nào đang xem auction: 1573672628
2026-05-31 08:11:07 [pool-1-thread-1] INFO  c.uet.server.network.ClientManager - Không có client nào đang xem auction: 1573672628
2026-05-31 08:11:08 [pool-1-thread-1] INFO  c.uet.server.network.ClientManager - Không có client nào đang xem auction: 1573672628
2026-05-31 08:11:10 [pool-1-thread-1] INFO  c.uet.server.network.ClientManager - Không có client nào đang xem auction: 1573672628
2026-05-31 08:11:11 [pool-1-thread-1] INFO  c.uet.server.network.ClientManager - Không có client nào đang xem auction: 1573672628
2026-05-31 08:11:13 [pool-1-thread-1] INFO  c.uet.server.network.ClientManager - Không có client nào đang xem auction: 1573672628
2026-05-31 08:11:14 [pool-1-thread-1] INFO  c.uet.server.network.ClientManager - Không có client nào đang xem auction: 1573672628
2026-05-31 08:11:16 [pool-1-thread-1] INFO  c.uet.server.network.ClientManager - Không có client nào đang xem auction: 1573672628
2026-05-31 08:11:17 [pool-1-thread-1] INFO  c.uet.server.network.ClientManager - Không có client nào đang xem auction: 1573672628
2026-05-31 08:11:19 [pool-1-thread-1] INFO  c.uet.server.network.ClientManager - Không có client nào đang xem auction: 1573672628
2026-05-31 08:11:20 [pool-1-thread-1] INFO  c.uet.server.network.ClientManager - Không có client nào đang xem auction: 1573672628
2026-05-31 08:11:22 [pool-1-thread-1] INFO  c.uet.server.network.ClientManager - Không có client nào đang xem auction: 1573672628
2026-05-31 08:11:23 [pool-1-thread-1] INFO  c.uet.server.network.ClientManager - Không có client nào đang xem auction: 1573672628
2026-05-31 08:11:25 [pool-1-thread-1] INFO  c.uet.server.network.ClientManager - Không có client nào đang xem auction: 1573672628
2026-05-31 08:11:26 [pool-1-thread-1] INFO  c.uet.server.network.ClientManager - Không có client nào đang xem auction: 1573672628
2026-05-31 08:11:28 [pool-1-thread-1] INFO  c.uet.server.network.ClientManager - Không có client nào đang xem auction: 1573672628
2026-05-31 08:11:29 [pool-1-thread-1] INFO  c.uet.server.network.ClientManager - Không có client nào đang xem auction: 1573672628
2026-05-31 08:11:31 [pool-1-thread-1] INFO  c.uet.server.network.ClientManager - Không có client nào đang xem auction: 1573672628
2026-05-31 08:11:32 [pool-1-thread-1] INFO  c.uet.server.network.ClientManager - Không có client nào đang xem auction: 1573672628
2026-05-31 08:11:34 [pool-1-thread-1] INFO  c.uet.server.network.ClientManager - Không có client nào đang xem auction: 1573672628
2026-05-31 08:11:35 [pool-1-thread-1] INFO  c.uet.server.network.ClientManager - Không có client nào đang xem auction: 1573672628
2026-05-31 08:11:37 [pool-1-thread-1] INFO  c.uet.server.network.ClientManager - Không có client nào đang xem auction: 1573672628
2026-05-31 08:11:38 [pool-1-thread-1] INFO  c.uet.server.network.ClientManager - Không có client nào đang xem auction: 1573672628
2026-05-31 08:11:40 [pool-1-thread-1] INFO  c.uet.server.network.ClientManager - Không có client nào đang xem auction: 1573672628
2026-05-31 08:11:41 [pool-1-thread-1] INFO  c.uet.server.network.ClientManager - Không có client nào đang xem auction: 1573672628
2026-05-31 08:11:43 [pool-1-thread-1] INFO  c.uet.server.network.ClientManager - Không có client nào đang xem auction: 1573672628
2026-05-31 08:11:44 [pool-1-thread-1] INFO  c.uet.server.network.ClientManager - Không có client nào đang xem auction: 1573672628
2026-05-31 08:11:46 [pool-1-thread-1] INFO  c.uet.server.network.ClientManager - Không có client nào đang xem auction: 1573672628
2026-05-31 08:11:47 [pool-1-thread-1] INFO  c.uet.server.network.ClientManager - Không có client nào đang xem auction: 1573672628
2026-05-31 08:11:49 [pool-1-thread-1] INFO  c.uet.server.network.ClientManager - Không có client nào đang xem auction: 1573672628
2026-05-31 08:11:50 [pool-1-thread-1] INFO  c.uet.server.network.ClientManager - Không có client nào đang xem auction: 1573672628
2026-05-31 08:11:52 [pool-1-thread-1] INFO  c.uet.server.network.ClientManager - Không có client nào đang xem auction: 1573672628
2026-05-31 08:11:53 [pool-1-thread-1] INFO  c.uet.server.network.ClientManager - Không có client nào đang xem auction: 1573672628
2026-05-31 08:11:55 [pool-1-thread-1] INFO  c.uet.server.network.ClientManager - Không có client nào đang xem auction: 1573672628
2026-05-31 08:11:56 [pool-1-thread-1] INFO  c.uet.server.network.ClientManager - Không có client nào đang xem auction: 1573672628
2026-05-31 08:11:58 [pool-1-thread-1] INFO  c.uet.server.network.ClientManager - Không có client nào đang xem auction: 1573672628
2026-05-31 08:11:59 [pool-1-thread-1] INFO  c.uet.server.network.ClientManager - Không có client nào đang xem auction: 1573672628
2026-05-31 08:12:01 [pool-1-thread-1] INFO  c.uet.server.network.ClientManager - Không có client nào đang xem auction: 1573672628
2026-05-31 08:12:02 [pool-1-thread-1] INFO  c.uet.server.network.ClientManager - Không có client nào đang xem auction: 1573672628
2026-05-31 08:12:04 [pool-1-thread-1] INFO  c.uet.server.network.ClientManager - Không có client nào đang xem auction: 1573672628
2026-05-31 08:12:05 [pool-1-thread-1] INFO  c.uet.server.network.ClientManager - Không có client nào đang xem auction: 1573672628
2026-05-31 08:12:07 [pool-1-thread-1] INFO  c.uet.server.network.ClientManager - Không có client nào đang xem auction: 1573672628
2026-05-31 08:12:08 [pool-1-thread-1] INFO  c.uet.server.network.ClientManager - Không có client nào đang xem auction: 1573672628
2026-05-31 08:12:10 [pool-1-thread-1] INFO  c.uet.server.network.ClientManager - Không có client nào đang xem auction: 1573672628
2026-05-31 08:12:11 [pool-1-thread-1] INFO  c.uet.server.network.ClientManager - Không có client nào đang xem auction: 1573672628
2026-05-31 08:12:13 [pool-1-thread-1] INFO  c.uet.server.network.ClientManager - Không có client nào đang xem auction: 1573672628
2026-05-31 08:12:14 [pool-1-thread-1] INFO  c.uet.server.network.ClientManager - Không có client nào đang xem auction: 1573672628
2026-05-31 08:12:16 [pool-1-thread-1] INFO  c.uet.server.network.ClientManager - Không có client nào đang xem auction: 1573672628
2026-05-31 08:12:17 [pool-1-thread-1] INFO  c.uet.server.network.ClientManager - Không có client nào đang xem auction: 1573672628
2026-05-31 08:12:19 [pool-1-thread-1] INFO  c.uet.server.network.ClientManager - Không có client nào đang xem auction: 1573672628
2026-05-31 08:12:20 [pool-1-thread-1] INFO  c.uet.server.network.ClientManager - Không có client nào đang xem auction: 1573672628
2026-05-31 08:12:22 [pool-1-thread-1] INFO  c.uet.server.network.ClientManager - Không có client nào đang xem auction: 1573672628
2026-05-31 08:12:23 [pool-1-thread-1] INFO  c.uet.server.network.ClientManager - Không có client nào đang xem auction: 1573672628
2026-05-31 08:12:25 [pool-1-thread-1] INFO  c.uet.server.network.ClientManager - Không có client nào đang xem auction: 1573672628
2026-05-31 08:12:26 [pool-1-thread-1] INFO  c.uet.server.network.ClientManager - Không có client nào đang xem auction: 1573672628
2026-05-31 08:12:28 [pool-1-thread-1] INFO  c.uet.server.network.ClientManager - Không có client nào đang xem auction: 1573672628
2026-05-31 08:12:29 [pool-1-thread-1] INFO  c.uet.server.network.ClientManager - Không có client nào đang xem auction: 1573672628
2026-05-31 08:12:31 [pool-1-thread-1] INFO  c.uet.server.network.ClientManager - Không có client nào đang xem auction: 1573672628
2026-05-31 08:12:32 [pool-1-thread-1] INFO  c.uet.server.network.ClientManager - Không có client nào đang xem auction: 1573672628
2026-05-31 08:12:34 [pool-1-thread-1] INFO  c.uet.server.network.ClientManager - Không có client nào đang xem auction: 1573672628
2026-05-31 08:12:35 [pool-1-thread-1] INFO  c.uet.server.network.ClientManager - Không có client nào đang xem auction: 1573672628
2026-05-31 08:12:37 [pool-1-thread-1] INFO  c.uet.server.network.ClientManager - Không có client nào đang xem auction: 1573672628
2026-05-31 08:12:38 [pool-1-thread-1] INFO  c.uet.server.network.ClientManager - Không có client nào đang xem auction: 1573672628
2026-05-31 08:12:40 [pool-1-thread-1] INFO  c.uet.server.network.ClientManager - Không có client nào đang xem auction: 1573672628
2026-05-31 08:12:41 [pool-1-thread-1] INFO  c.uet.server.network.ClientManager - Không có client nào đang xem auction: 1573672628
2026-05-31 08:12:43 [pool-1-thread-1] INFO  c.uet.server.network.ClientManager - Không có client nào đang xem auction: 1573672628
2026-05-31 08:12:44 [pool-1-thread-1] INFO  c.uet.server.network.ClientManager - Không có client nào đang xem auction: 1573672628
2026-05-31 08:12:46 [pool-1-thread-1] INFO  c.uet.server.network.ClientManager - Không có client nào đang xem auction: 1573672628
2026-05-31 08:12:47 [pool-1-thread-1] INFO  c.uet.server.network.ClientManager - Không có client nào đang xem auction: 1573672628
2026-05-31 08:12:49 [pool-1-thread-1] INFO  c.uet.server.network.ClientManager - Không có client nào đang xem auction: 1573672628
2026-05-31 08:12:50 [pool-1-thread-1] INFO  c.uet.server.network.ClientManager - Không có client nào đang xem auction: 1573672628
2026-05-31 08:12:52 [pool-1-thread-1] INFO  c.uet.server.network.ClientManager - Không có client nào đang xem auction: 1573672628
2026-05-31 08:12:53 [pool-1-thread-1] INFO  c.uet.server.network.ClientManager - Không có client nào đang xem auction: 1573672628
2026-05-31 08:12:55 [pool-1-thread-1] INFO  c.uet.server.network.ClientManager - Không có client nào đang xem auction: 1573672628
2026-05-31 08:12:56 [pool-1-thread-1] INFO  c.uet.server.network.ClientManager - Không có client nào đang xem auction: 1573672628
2026-05-31 08:12:58 [pool-1-thread-1] INFO  c.uet.server.network.ClientManager - Không có client nào đang xem auction: 1573672628
2026-05-31 08:12:59 [pool-1-thread-1] INFO  c.uet.server.network.ClientManager - Không có client nào đang xem auction: 1573672628
2026-05-31 08:13:01 [pool-1-thread-1] INFO  c.uet.server.network.ClientManager - Không có client nào đang xem auction: 1573672628
2026-05-31 08:13:02 [pool-1-thread-1] INFO  c.uet.server.network.ClientManager - Không có client nào đang xem auction: 1573672628
2026-05-31 08:13:04 [pool-1-thread-1] INFO  c.uet.server.network.ClientManager - Không có client nào đang xem auction: 1573672628
2026-05-31 08:13:05 [pool-1-thread-1] INFO  c.uet.server.network.ClientManager - Không có client nào đang xem auction: 1573672628
2026-05-31 08:13:07 [pool-1-thread-1] INFO  c.uet.server.network.ClientManager - Không có client nào đang xem auction: 1573672628
2026-05-31 08:13:08 [pool-1-thread-1] INFO  c.uet.server.network.ClientManager - Không có client nào đang xem auction: 1573672628
2026-05-31 08:13:10 [pool-1-thread-1] INFO  c.uet.server.network.ClientManager - Không có client nào đang xem auction: 1573672628
2026-05-31 08:13:11 [pool-1-thread-1] INFO  c.uet.server.network.ClientManager - Không có client nào đang xem auction: 1573672628
2026-05-31 08:13:13 [pool-1-thread-1] INFO  c.uet.server.network.ClientManager - Không có client nào đang xem auction: 1573672628
2026-05-31 08:13:14 [pool-1-thread-1] INFO  c.uet.server.network.ClientManager - Không có client nào đang xem auction: 1573672628
2026-05-31 08:13:16 [pool-1-thread-1] INFO  c.uet.server.network.ClientManager - Không có client nào đang xem auction: 1573672628
2026-05-31 08:13:17 [pool-1-thread-1] INFO  c.uet.server.network.ClientManager - Không có client nào đang xem auction: 1573672628
2026-05-31 08:13:19 [pool-1-thread-1] INFO  c.uet.server.network.ClientManager - Không có client nào đang xem auction: 1573672628
2026-05-31 08:13:20 [pool-1-thread-1] INFO  c.uet.server.network.ClientManager - Không có client nào đang xem auction: 1573672628
2026-05-31 08:13:22 [pool-1-thread-1] INFO  c.uet.server.network.ClientManager - Không có client nào đang xem auction: 1573672628
2026-05-31 08:13:23 [pool-1-thread-1] INFO  c.uet.server.network.ClientManager - Không có client nào đang xem auction: 1573672628
2026-05-31 08:13:25 [pool-1-thread-1] INFO  c.uet.server.network.ClientManager - Không có client nào đang xem auction: 1573672628
2026-05-31 08:13:26 [pool-1-thread-1] INFO  c.uet.server.network.ClientManager - Không có client nào đang xem auction: 1573672628
2026-05-31 08:13:28 [pool-1-thread-1] INFO  c.uet.server.network.ClientManager - Không có client nào đang xem auction: 1573672628
2026-05-31 08:13:29 [pool-1-thread-1] INFO  c.uet.server.network.ClientManager - Không có client nào đang xem auction: 1573672628
2026-05-31 08:13:31 [pool-1-thread-1] INFO  c.uet.server.network.ClientManager - Không có client nào đang xem auction: 1573672628
2026-05-31 08:13:32 [pool-1-thread-1] INFO  c.uet.server.network.ClientManager - Không có client nào đang xem auction: 1573672628
2026-05-31 08:13:34 [pool-1-thread-1] INFO  c.uet.server.network.ClientManager - Không có client nào đang xem auction: 1573672628
2026-05-31 08:13:35 [pool-1-thread-1] INFO  c.uet.server.network.ClientManager - Không có client nào đang xem auction: 1573672628
2026-05-31 08:13:37 [pool-1-thread-1] INFO  c.uet.server.network.ClientManager - Không có client nào đang xem auction: 1573672628
2026-05-31 08:13:38 [pool-1-thread-1] INFO  c.uet.server.network.ClientManager - Không có client nào đang xem auction: 1573672628
2026-05-31 08:13:40 [pool-1-thread-1] INFO  c.uet.server.network.ClientManager - Không có client nào đang xem auction: 1573672628
2026-05-31 08:13:41 [pool-1-thread-1] INFO  c.uet.server.network.ClientManager - Không có client nào đang xem auction: 1573672628
2026-05-31 08:13:43 [pool-1-thread-1] INFO  c.uet.server.network.ClientManager - Không có client nào đang xem auction: 1573672628
2026-05-31 08:13:44 [pool-1-thread-1] INFO  c.uet.server.network.ClientManager - Không có client nào đang xem auction: 1573672628
2026-05-31 08:13:46 [pool-1-thread-1] INFO  c.uet.server.network.ClientManager - Không có client nào đang xem auction: 1573672628
2026-05-31 08:13:47 [pool-1-thread-1] INFO  c.uet.server.network.ClientManager - Không có client nào đang xem auction: 1573672628
2026-05-31 08:13:49 [pool-1-thread-1] INFO  c.uet.server.network.ClientManager - Không có client nào đang xem auction: 1573672628
2026-05-31 08:13:50 [pool-1-thread-1] INFO  c.uet.server.network.ClientManager - Không có client nào đang xem auction: 1573672628
2026-05-31 08:13:52 [pool-1-thread-1] INFO  c.uet.server.network.ClientManager - Không có client nào đang xem auction: 1573672628
2026-05-31 08:13:53 [pool-1-thread-1] INFO  c.uet.server.network.ClientManager - Không có client nào đang xem auction: 1573672628
2026-05-31 08:13:55 [pool-1-thread-1] INFO  c.uet.server.network.ClientManager - Không có client nào đang xem auction: 1573672628
2026-05-31 08:13:56 [pool-1-thread-1] INFO  c.uet.server.network.ClientManager - Không có client nào đang xem auction: 1573672628
2026-05-31 08:13:58 [pool-1-thread-1] INFO  c.uet.server.network.ClientManager - Không có client nào đang xem auction: 1573672628
2026-05-31 08:13:59 [pool-1-thread-1] INFO  c.uet.server.network.ClientManager - Không có client nào đang xem auction: 1573672628
2026-05-31 08:14:01 [pool-1-thread-1] INFO  c.uet.server.network.ClientManager - Không có client nào đang xem auction: 1573672628
2026-05-31 08:14:02 [pool-1-thread-1] INFO  c.uet.server.network.ClientManager - Không có client nào đang xem auction: 1573672628
2026-05-31 08:14:04 [pool-1-thread-1] INFO  c.uet.server.network.ClientManager - Không có client nào đang xem auction: 1573672628
2026-05-31 08:14:05 [pool-1-thread-1] INFO  c.uet.server.network.ClientManager - Không có client nào đang xem auction: 1573672628
2026-05-31 08:14:07 [pool-1-thread-1] INFO  c.uet.server.network.ClientManager - Không có client nào đang xem auction: 1573672628
2026-05-31 08:14:08 [pool-1-thread-1] INFO  c.uet.server.network.ClientManager - Không có client nào đang xem auction: 1573672628
2026-05-31 08:14:10 [pool-1-thread-1] INFO  c.uet.server.network.ClientManager - Không có client nào đang xem auction: 1573672628
2026-05-31 08:14:11 [pool-1-thread-1] INFO  c.uet.server.network.ClientManager - Không có client nào đang xem auction: 1573672628
2026-05-31 08:14:13 [pool-1-thread-1] INFO  c.uet.server.network.ClientManager - Không có client nào đang xem auction: 1573672628
2026-05-31 08:14:14 [pool-1-thread-1] INFO  c.uet.server.network.ClientManager - Không có client nào đang xem auction: 1573672628
2026-05-31 08:14:16 [pool-1-thread-1] INFO  c.uet.server.network.ClientManager - Không có client nào đang xem auction: 1573672628
2026-05-31 08:14:17 [pool-1-thread-1] INFO  c.uet.server.network.ClientManager - Không có client nào đang xem auction: 1573672628
2026-05-31 08:14:19 [pool-1-thread-1] INFO  c.uet.server.network.ClientManager - Không có client nào đang xem auction: 1573672628
2026-05-31 08:14:20 [pool-1-thread-1] INFO  c.uet.server.network.ClientManager - Không có client nào đang xem auction: 1573672628
2026-05-31 08:14:22 [pool-1-thread-1] INFO  c.uet.server.network.ClientManager - Không có client nào đang xem auction: 1573672628
2026-05-31 08:14:23 [pool-1-thread-1] INFO  c.uet.server.network.ClientManager - Không có client nào đang xem auction: 1573672628
2026-05-31 08:14:25 [pool-1-thread-1] INFO  c.uet.server.network.ClientManager - Không có client nào đang xem auction: 1573672628
2026-05-31 08:14:26 [pool-1-thread-1] INFO  c.uet.server.network.ClientManager - Không có client nào đang xem auction: 1573672628
2026-05-31 08:14:28 [pool-1-thread-1] INFO  c.uet.server.network.ClientManager - Không có client nào đang xem auction: 1573672628
2026-05-31 08:14:29 [pool-1-thread-1] INFO  c.uet.server.network.ClientManager - Không có client nào đang xem auction: 1573672628
2026-05-31 08:14:31 [pool-1-thread-1] INFO  c.uet.server.network.ClientManager - Không có client nào đang xem auction: 1573672628
2026-05-31 08:14:32 [pool-1-thread-1] INFO  c.uet.server.network.ClientManager - Không có client nào đang xem auction: 1573672628
2026-05-31 08:14:34 [pool-1-thread-1] INFO  c.uet.server.network.ClientManager - Không có client nào đang xem auction: 1573672628
2026-05-31 08:14:35 [pool-1-thread-1] INFO  c.uet.server.network.ClientManager - Không có client nào đang xem auction: 1573672628
2026-05-31 08:14:37 [pool-1-thread-1] INFO  c.uet.server.network.ClientManager - Không có client nào đang xem auction: 1573672628
2026-05-31 08:14:38 [pool-1-thread-1] INFO  c.uet.server.network.ClientManager - Không có client nào đang xem auction: 1573672628
2026-05-31 08:14:40 [pool-1-thread-1] INFO  c.uet.server.network.ClientManager - Không có client nào đang xem auction: 1573672628
2026-05-31 08:14:41 [pool-1-thread-1] INFO  c.uet.server.network.ClientManager - Không có client nào đang xem auction: 1573672628
2026-05-31 08:14:43 [pool-1-thread-1] INFO  c.uet.server.network.ClientManager - Không có client nào đang xem auction: 1573672628
2026-05-31 08:14:44 [pool-1-thread-1] INFO  c.uet.server.network.ClientManager - Không có client nào đang xem auction: 1573672628
2026-05-31 08:14:46 [pool-1-thread-1] INFO  c.uet.server.network.ClientManager - Không có client nào đang xem auction: 1573672628
2026-05-31 08:14:47 [pool-1-thread-1] INFO  c.uet.server.network.ClientManager - Không có client nào đang xem auction: 1573672628
2026-05-31 08:14:49 [pool-1-thread-1] INFO  c.uet.server.network.ClientManager - Không có client nào đang xem auction: 1573672628
2026-05-31 08:14:50 [pool-1-thread-1] INFO  c.uet.server.network.ClientManager - Không có client nào đang xem auction: 1573672628
2026-05-31 08:14:52 [pool-1-thread-1] INFO  c.uet.server.network.ClientManager - Không có client nào đang xem auction: 1573672628
2026-05-31 08:14:53 [pool-1-thread-1] INFO  c.uet.server.network.ClientManager - Không có client nào đang xem auction: 1573672628
2026-05-31 08:14:55 [pool-1-thread-1] INFO  c.uet.server.network.ClientManager - Không có client nào đang xem auction: 1573672628
2026-05-31 08:14:56 [pool-1-thread-1] INFO  c.uet.server.network.ClientManager - Không có client nào đang xem auction: 1573672628
2026-05-31 08:14:58 [pool-1-thread-1] INFO  c.uet.server.network.ClientManager - Không có client nào đang xem auction: 1573672628
2026-05-31 08:14:59 [pool-1-thread-1] INFO  c.uet.server.network.ClientManager - Không có client nào đang xem auction: 1573672628
2026-05-31 08:15:01 [pool-1-thread-1] INFO  c.uet.server.network.ClientManager - Không có client nào đang xem auction: 1573672628
2026-05-31 08:15:02 [pool-1-thread-1] INFO  c.uet.server.network.ClientManager - Không có client nào đang xem auction: 1573672628
2026-05-31 08:15:04 [pool-1-thread-1] INFO  c.uet.server.network.ClientManager - Không có client nào đang xem auction: 1573672628
2026-05-31 08:15:05 [pool-1-thread-1] INFO  c.uet.server.network.ClientManager - Không có client nào đang xem auction: 1573672628
2026-05-31 08:15:07 [pool-1-thread-1] INFO  c.uet.server.network.ClientManager - Không có client nào đang xem auction: 1573672628
2026-05-31 08:15:08 [pool-1-thread-1] INFO  c.uet.server.network.ClientManager - Không có client nào đang xem auction: 1573672628
2026-05-31 08:15:10 [pool-1-thread-1] INFO  c.uet.server.network.ClientManager - Không có client nào đang xem auction: 1573672628
2026-05-31 08:15:11 [pool-1-thread-1] INFO  c.uet.server.network.ClientManager - Không có client nào đang xem auction: 1573672628
2026-05-31 08:15:13 [pool-1-thread-1] INFO  c.uet.server.network.ClientManager - Không có client nào đang xem auction: 1573672628
2026-05-31 08:15:14 [pool-1-thread-1] INFO  c.uet.server.network.ClientManager - Không có client nào đang xem auction: 1573672628
2026-05-31 08:15:16 [pool-1-thread-1] INFO  c.uet.server.network.ClientManager - Không có client nào đang xem auction: 1573672628
2026-05-31 08:15:17 [pool-1-thread-1] INFO  c.uet.server.network.ClientManager - Không có client nào đang xem auction: 1573672628
2026-05-31 08:15:19 [pool-1-thread-1] INFO  c.uet.server.network.ClientManager - Không có client nào đang xem auction: 1573672628
2026-05-31 08:15:20 [pool-1-thread-1] INFO  c.uet.server.network.ClientManager - Không có client nào đang xem auction: 1573672628
2026-05-31 08:15:22 [pool-1-thread-1] INFO  c.uet.server.network.ClientManager - Không có client nào đang xem auction: 1573672628
2026-05-31 08:15:23 [pool-1-thread-1] INFO  c.uet.server.network.ClientManager - Không có client nào đang xem auction: 1573672628
2026-05-31 08:15:25 [pool-1-thread-1] INFO  c.uet.server.network.ClientManager - Không có client nào đang xem auction: 1573672628
2026-05-31 08:15:26 [pool-1-thread-1] INFO  c.uet.server.network.ClientManager - Không có client nào đang xem auction: 1573672628
2026-05-31 08:15:28 [pool-1-thread-1] INFO  c.uet.server.network.ClientManager - Không có client nào đang xem auction: 1573672628
2026-05-31 08:15:29 [pool-1-thread-1] INFO  c.uet.server.network.ClientManager - Không có client nào đang xem auction: 1573672628
2026-05-31 08:15:31 [pool-1-thread-1] INFO  c.uet.server.network.ClientManager - Không có client nào đang xem auction: 1573672628
2026-05-31 08:15:32 [pool-1-thread-1] INFO  c.uet.server.network.ClientManager - Không có client nào đang xem auction: 1573672628
2026-05-31 08:15:34 [pool-1-thread-1] INFO  c.uet.server.network.ClientManager - Không có client nào đang xem auction: 1573672628
2026-05-31 08:15:35 [pool-1-thread-1] INFO  c.uet.server.network.ClientManager - Không có client nào đang xem auction: 1573672628
2026-05-31 08:15:37 [pool-1-thread-1] INFO  c.uet.server.network.ClientManager - Không có client nào đang xem auction: 1573672628
2026-05-31 08:15:38 [pool-1-thread-1] INFO  c.uet.server.network.ClientManager - Không có client nào đang xem auction: 1573672628
2026-05-31 08:15:40 [pool-1-thread-1] INFO  c.uet.server.network.ClientManager - Không có client nào đang xem auction: 1573672628
2026-05-31 08:15:41 [pool-1-thread-1] INFO  c.uet.server.network.ClientManager - Không có client nào đang xem auction: 1573672628
2026-05-31 08:15:43 [pool-1-thread-1] INFO  c.uet.server.network.ClientManager - Không có client nào đang xem auction: 1573672628
2026-05-31 08:15:44 [pool-1-thread-1] INFO  c.uet.server.network.ClientManager - Không có client nào đang xem auction: 1573672628
2026-05-31 08:15:46 [pool-1-thread-1] INFO  c.uet.server.network.ClientManager - Không có client nào đang xem auction: 1573672628
2026-05-31 08:15:47 [pool-1-thread-1] INFO  c.uet.server.network.ClientManager - Không có client nào đang xem auction: 1573672628
2026-05-31 08:15:49 [pool-1-thread-1] INFO  c.uet.server.network.ClientManager - Không có client nào đang xem auction: 1573672628
2026-05-31 08:15:50 [pool-1-thread-1] INFO  c.uet.server.network.ClientManager - Không có client nào đang xem auction: 1573672628
2026-05-31 08:15:52 [pool-1-thread-1] INFO  c.uet.server.network.ClientManager - Không có client nào đang xem auction: 1573672628
2026-05-31 08:15:53 [pool-1-thread-1] INFO  c.uet.server.network.ClientManager - Không có client nào đang xem auction: 1573672628
2026-05-31 08:15:55 [pool-1-thread-1] INFO  c.uet.server.network.ClientManager - Không có client nào đang xem auction: 1573672628
2026-05-31 08:15:56 [pool-1-thread-1] INFO  c.uet.server.network.ClientManager - Không có client nào đang xem auction: 1573672628
2026-05-31 08:15:58 [pool-1-thread-1] INFO  c.uet.server.network.ClientManager - Không có client nào đang xem auction: 1573672628
2026-05-31 08:15:59 [pool-1-thread-1] INFO  c.uet.server.network.ClientManager - Không có client nào đang xem auction: 1573672628
2026-05-31 08:16:01 [pool-1-thread-1] INFO  c.uet.server.network.ClientManager - Không có client nào đang xem auction: 1573672628
2026-05-31 08:16:02 [pool-1-thread-1] INFO  c.uet.server.network.ClientManager - Không có client nào đang xem auction: 1573672628
2026-05-31 08:16:04 [pool-1-thread-1] INFO  c.uet.server.network.ClientManager - Không có client nào đang xem auction: 1573672628
2026-05-31 08:16:05 [pool-1-thread-1] INFO  c.uet.server.network.ClientManager - Không có client nào đang xem auction: 1573672628
2026-05-31 08:16:07 [pool-1-thread-1] INFO  c.uet.server.network.ClientManager - Không có client nào đang xem auction: 1573672628
2026-05-31 08:16:08 [pool-1-thread-1] INFO  c.uet.server.network.ClientManager - Không có client nào đang xem auction: 1573672628
2026-05-31 08:16:10 [pool-1-thread-1] INFO  c.uet.server.network.ClientManager - Không có client nào đang xem auction: 1573672628
2026-05-31 08:16:11 [pool-1-thread-1] INFO  c.uet.server.network.ClientManager - Không có client nào đang xem auction: 1573672628
2026-05-31 08:16:13 [pool-1-thread-1] INFO  c.uet.server.network.ClientManager - Không có client nào đang xem auction: 1573672628
2026-05-31 08:16:14 [pool-1-thread-1] INFO  c.uet.server.network.ClientManager - Không có client nào đang xem auction: 1573672628
2026-05-31 08:16:16 [pool-1-thread-1] INFO  c.uet.server.network.ClientManager - Không có client nào đang xem auction: 1573672628
2026-05-31 08:16:17 [pool-1-thread-1] INFO  c.uet.server.network.ClientManager - Không có client nào đang xem auction: 1573672628
2026-05-31 08:16:19 [pool-1-thread-1] INFO  c.uet.server.network.ClientManager - Không có client nào đang xem auction: 1573672628
2026-05-31 08:16:20 [pool-1-thread-1] INFO  c.uet.server.network.ClientManager - Không có client nào đang xem auction: 1573672628
2026-05-31 08:16:22 [pool-1-thread-1] INFO  c.uet.server.network.ClientManager - Không có client nào đang xem auction: 1573672628
2026-05-31 08:16:23 [pool-1-thread-1] INFO  c.uet.server.network.ClientManager - Không có client nào đang xem auction: 1573672628
2026-05-31 08:16:25 [pool-1-thread-1] INFO  c.uet.server.network.ClientManager - Không có client nào đang xem auction: 1573672628
2026-05-31 08:16:26 [pool-1-thread-1] INFO  c.uet.server.network.ClientManager - Không có client nào đang xem auction: 1573672628
2026-05-31 08:16:28 [pool-1-thread-1] INFO  c.uet.server.network.ClientManager - Không có client nào đang xem auction: 1573672628
2026-05-31 08:16:29 [pool-1-thread-1] INFO  c.uet.server.network.ClientManager - Không có client nào đang xem auction: 1573672628
2026-05-31 08:16:31 [pool-1-thread-1] INFO  c.uet.server.network.ClientManager - Không có client nào đang xem auction: 1573672628
2026-05-31 08:16:32 [pool-1-thread-1] INFO  c.uet.server.network.ClientManager - Không có client nào đang xem auction: 1573672628
2026-05-31 08:16:34 [pool-1-thread-1] INFO  c.uet.server.network.ClientManager - Không có client nào đang xem auction: 1573672628
2026-05-31 08:16:35 [pool-1-thread-1] INFO  c.uet.server.network.ClientManager - Không có client nào đang xem auction: 1573672628
2026-05-31 08:16:37 [pool-1-thread-1] INFO  c.uet.server.network.ClientManager - Không có client nào đang xem auction: 1573672628
2026-05-31 08:16:38 [pool-1-thread-1] INFO  c.uet.server.network.ClientManager - Không có client nào đang xem auction: 1573672628
2026-05-31 08:16:40 [pool-1-thread-1] INFO  c.uet.server.network.ClientManager - Không có client nào đang xem auction: 1573672628
2026-05-31 08:16:41 [pool-1-thread-1] INFO  c.uet.server.network.ClientManager - Không có client nào đang xem auction: 1573672628
2026-05-31 08:16:43 [pool-1-thread-1] INFO  c.uet.server.network.ClientManager - Không có client nào đang xem auction: 1573672628
2026-05-31 08:16:44 [pool-1-thread-1] INFO  c.uet.server.network.ClientManager - Không có client nào đang xem auction: 1573672628
2026-05-31 08:16:46 [pool-1-thread-1] INFO  c.uet.server.network.ClientManager - Không có client nào đang xem auction: 1573672628
2026-05-31 08:16:47 [pool-1-thread-1] INFO  c.uet.server.network.ClientManager - Không có client nào đang xem auction: 1573672628
2026-05-31 08:16:49 [pool-1-thread-1] INFO  c.uet.server.network.ClientManager - Không có client nào đang xem auction: 1573672628
2026-05-31 08:16:50 [pool-1-thread-1] INFO  c.uet.server.network.ClientManager - Không có client nào đang xem auction: 1573672628
2026-05-31 08:16:52 [pool-1-thread-1] INFO  c.uet.server.network.ClientManager - Không có client nào đang xem auction: 1573672628
2026-05-31 08:16:53 [pool-1-thread-1] INFO  c.uet.server.network.ClientManager - Không có client nào đang xem auction: 1573672628
2026-05-31 08:16:55 [pool-1-thread-1] INFO  c.uet.server.network.ClientManager - Không có client nào đang xem auction: 1573672628
2026-05-31 08:16:56 [pool-1-thread-1] INFO  c.uet.server.network.ClientManager - Không có client nào đang xem auction: 1573672628
2026-05-31 08:16:58 [pool-1-thread-1] INFO  c.uet.server.network.ClientManager - Không có client nào đang xem auction: 1573672628
2026-05-31 08:16:59 [pool-1-thread-1] INFO  c.uet.server.network.ClientManager - Không có client nào đang xem auction: 1573672628
2026-05-31 08:17:01 [pool-1-thread-1] INFO  c.uet.server.network.ClientManager - Không có client nào đang xem auction: 1573672628
2026-05-31 08:17:02 [pool-1-thread-1] INFO  c.uet.server.network.ClientManager - Không có client nào đang xem auction: 1573672628
2026-05-31 08:17:04 [pool-1-thread-1] INFO  c.uet.server.network.ClientManager - Không có client nào đang xem auction: 1573672628
2026-05-31 08:17:05 [pool-1-thread-1] INFO  c.uet.server.network.ClientManager - Không có client nào đang xem auction: 1573672628
2026-05-31 08:17:07 [pool-1-thread-1] INFO  c.uet.server.network.ClientManager - Không có client nào đang xem auction: 1573672628
2026-05-31 08:17:08 [pool-1-thread-1] INFO  c.uet.server.network.ClientManager - Không có client nào đang xem auction: 1573672628
2026-05-31 08:17:10 [pool-1-thread-1] INFO  c.uet.server.network.ClientManager - Không có client nào đang xem auction: 1573672628
2026-05-31 08:17:11 [pool-1-thread-1] INFO  c.uet.server.network.ClientManager - Không có client nào đang xem auction: 1573672628
2026-05-31 09:58:18 [main] INFO  c.u.server.service.AuctionScheduler - [Scheduler] Bộ quét thời gian đấu giá tự động đã được kích hoạt!
2026-05-31 09:58:18 [main] INFO  com.uet.server.network.ServerMain - --- SERVER ĐANG CHỜ Ở CỔNG 27915 ---
2026-05-31 09:58:18 [pool-2-thread-1] INFO  c.uet.server.database.DBConnection - Connected to database successfully!
2026-05-31 09:58:26 [main] INFO  com.uet.server.network.ServerMain - --- CÓ 1 CLIENT VỪA KẾT NỐI! ---
2026-05-31 09:58:26 [Thread-0] INFO  c.u.s.s.ClientRequestDispatcher - Đang đăng nhập: nam
2026-05-31 09:58:26 [Thread-0] WARN  com.uet.server.database.dao.UserDAO - UserDAO: file not found: \root\uploads\avatars\3846757029_9e151168-33b1-4fad-97b4-c71411b402f2.png
2026-05-31 09:58:26 [Thread-0] INFO  com.uet.server.database.dao.UserDAO - [UserDAO] ⏰ Đã cập nhật mốc đăng nhập mới cho user ID: 3846757029
2026-05-31 09:58:26 [Thread-0] WARN  c.uet.server.database.dao.AuctionDAO - Không thể đọc file ảnh sản phẩm từ path: file://D:\root\uploads/products/1683432468_af6a8c87-3017-4934-a942-ec87220b29dd.png, lỗi: Illegal char <:> at index 3: /D:\root\uploads/products/1683432468_af6a8c87-3017-4934-a942-ec87220b29dd.png
2026-05-31 09:58:28 [Thread-0] INFO  c.uet.server.network.ClientManager - Client joined auction: 1573672628
2026-05-31 09:58:28 [Thread-0] WARN  c.uet.server.database.dao.AuctionDAO - Không thể đọc file ảnh sản phẩm từ path: file://D:\root\uploads/products/1683432468_af6a8c87-3017-4934-a942-ec87220b29dd.png, lỗi: Illegal char <:> at index 3: /D:\root\uploads/products/1683432468_af6a8c87-3017-4934-a942-ec87220b29dd.png
2026-05-31 10:00:25 [Thread-0] INFO  c.uet.server.network.ClientHandler - Client ngắt kết nối hoặc có lỗi xảy ra: Connection reset
2026-05-31 10:00:25 [Thread-0] INFO  c.uet.server.network.ClientHandler - [SERVER] Đã giải phóng hoàn toàn kết nối Socket vật lý.
2026-05-31 10:00:25 [Thread-0] INFO  c.uet.server.network.ClientHandler - [SERVER] Đã Xóa Client khỏi ClientManager thành công.
2026-05-31 10:38:02 [main] INFO  c.u.server.service.AuctionScheduler - [Scheduler] Bộ quét thời gian đấu giá tự động đã được kích hoạt!
2026-05-31 10:38:02 [main] INFO  com.uet.server.network.ServerMain - --- SERVER ĐANG CHỜ Ở CỔNG 27915 ---
2026-05-31 10:38:02 [pool-2-thread-1] INFO  c.uet.server.database.DBConnection - Connected to database successfully!
2026-05-31 10:38:21 [main] INFO  com.uet.server.network.ServerMain - --- CÓ 1 CLIENT VỪA KẾT NỐI! ---
2026-05-31 10:38:21 [Thread-0] INFO  c.u.s.s.ClientRequestDispatcher - Đang đăng nhập: 1
2026-05-31 10:38:23 [Thread-0] INFO  c.u.s.s.ClientRequestDispatcher - Đang đăng nhập: 1
2026-05-31 10:38:23 [Thread-0] INFO  com.uet.server.database.dao.UserDAO - [UserDAO] ⏰ Đã cập nhật mốc đăng nhập mới cho user ID: 1683432468
2026-05-31 10:38:23 [Thread-0] WARN  c.uet.server.database.dao.AuctionDAO - Không thể đọc file ảnh sản phẩm từ path: file://D:\root\uploads/products/1683432468_af6a8c87-3017-4934-a942-ec87220b29dd.png, lỗi: Illegal char <:> at index 3: /D:\root\uploads/products/1683432468_af6a8c87-3017-4934-a942-ec87220b29dd.png
2026-05-31 10:38:27 [Thread-0] WARN  c.uet.server.database.dao.AuctionDAO - Không thể đọc file ảnh sản phẩm từ path: file://D:\root\uploads/products/1683432468_af6a8c87-3017-4934-a942-ec87220b29dd.png, lỗi: Illegal char <:> at index 3: /D:\root\uploads/products/1683432468_af6a8c87-3017-4934-a942-ec87220b29dd.png
2026-05-31 10:38:43 [Thread-0] INFO  c.uet.server.service.AuctionService - [SERVER] Đã lưu ảnh sản phẩm chờ duyệt tại path: file://D:\root\uploads/products/1683432468_fb9bf442-0198-467d-9562-2fde8b1fc230.png
2026-05-31 10:38:43 [Thread-0] INFO  c.uet.server.database.dao.AuctionDAO - [DATABASE SUCCESS] Tạo thành công Item ID: 6576509975 và Auction ID: 3992296039
2026-05-31 10:38:43 [Thread-0] INFO  c.uet.server.service.AuctionService - [SERVER] Sản phẩm của User 1683432468 đang ở trạng thái PENDING.
2026-05-31 10:38:43 [Thread-0] INFO  com.uet.server.database.dao.UserDAO - [Notification] Đã tạo thông báo mới cho User 1683432468: Chờ duyệt sản phẩm
2026-05-31 10:38:45 [Thread-0] WARN  c.uet.server.database.dao.AuctionDAO - Không thể đọc file ảnh sản phẩm từ path: file://D:\root\uploads/products/1683432468_af6a8c87-3017-4934-a942-ec87220b29dd.png, lỗi: Illegal char <:> at index 3: /D:\root\uploads/products/1683432468_af6a8c87-3017-4934-a942-ec87220b29dd.png
2026-05-31 10:38:47 [Thread-0] INFO  c.uet.server.network.ClientHandler - [SERVER] Đã giải phóng hoàn toàn kết nối Socket vật lý.
2026-05-31 10:38:47 [Thread-0] INFO  c.uet.server.network.ClientHandler - [SERVER] Đã Xóa Client khỏi ClientManager thành công.
2026-05-31 10:38:51 [main] INFO  com.uet.server.network.ServerMain - --- CÓ 1 CLIENT VỪA KẾT NỐI! ---
2026-05-31 10:38:51 [Thread-1] INFO  c.u.s.s.ClientRequestDispatcher - Đang đăng nhập: admin1
2026-05-31 10:38:51 [Thread-1] INFO  com.uet.server.database.dao.UserDAO - [UserDAO] ⏰ Đã cập nhật mốc đăng nhập mới cho user ID: U001
2026-05-31 10:38:56 [Thread-1] INFO  com.uet.server.database.dao.UserDAO - [UserDAO] Đã tải thành công 19 người dùng cho Admin.
2026-05-31 10:38:58 [Thread-1] INFO  com.uet.server.database.dao.UserDAO - [UserDAO] Đã tải thành công 19 người dùng cho Admin.
2026-05-31 10:38:59 [Thread-1] INFO  c.u.s.service.AuctionRealtimeService - ==> Admin đang yêu cầu tải toàn bộ danh sách phiên đấu giá!
2026-05-31 10:39:02 [Thread-1] INFO  com.uet.server.database.dao.UserDAO - [Notification] Đã xóa 1 thông báo cũ chứa từ khóa 'Sản phẩm '33' đang chờ Admin duyệt' của User 1683432468
2026-05-31 10:39:02 [Thread-1] INFO  com.uet.server.database.dao.UserDAO - [Notification] Đã tạo thông báo mới cho User 1683432468: Sản phẩm bị từ chối
2026-05-31 10:39:02 [Thread-1] INFO  c.u.s.service.AuctionRealtimeService - ==> Admin đang yêu cầu tải toàn bộ danh sách phiên đấu giá!
2026-05-31 10:39:06 [Thread-1] WARN  c.uet.server.network.ClientHandler - Server: Không thể gửi phản hồi do Client đã chủ động ngắt kết nối vật lý (Đăng xuất/Tắt app).
2026-05-31 10:39:06 [Thread-1] INFO  c.uet.server.network.ClientHandler - [SERVER] Đã giải phóng hoàn toàn kết nối Socket vật lý.
2026-05-31 10:39:06 [Thread-1] INFO  c.uet.server.network.ClientHandler - [SERVER] Đã Xóa Client khỏi ClientManager thành công.
2026-05-31 10:39:14 [main] INFO  com.uet.server.network.ServerMain - --- CÓ 1 CLIENT VỪA KẾT NỐI! ---
2026-05-31 10:39:14 [Thread-2] INFO  c.u.s.s.ClientRequestDispatcher - Đang đăng nhập: 1
2026-05-31 10:39:14 [Thread-2] INFO  com.uet.server.database.dao.UserDAO - [UserDAO] ⏰ Đã cập nhật mốc đăng nhập mới cho user ID: 1683432468
2026-05-31 10:39:14 [Thread-2] WARN  c.uet.server.database.dao.AuctionDAO - Không thể đọc file ảnh sản phẩm từ path: file://D:\root\uploads/products/1683432468_af6a8c87-3017-4934-a942-ec87220b29dd.png, lỗi: Illegal char <:> at index 3: /D:\root\uploads/products/1683432468_af6a8c87-3017-4934-a942-ec87220b29dd.png
2026-05-31 10:39:17 [Thread-2] WARN  c.uet.server.database.dao.AuctionDAO - Không thể đọc file ảnh sản phẩm từ path: file://D:\root\uploads/products/1683432468_fb9bf442-0198-467d-9562-2fde8b1fc230.png, lỗi: Illegal char <:> at index 3: /D:\root\uploads/products/1683432468_fb9bf442-0198-467d-9562-2fde8b1fc230.png
2026-05-31 10:39:17 [Thread-2] WARN  c.uet.server.database.dao.AuctionDAO - Không thể đọc file ảnh sản phẩm từ path: file://D:\root\uploads/products/1683432468_af6a8c87-3017-4934-a942-ec87220b29dd.png, lỗi: Illegal char <:> at index 3: /D:\root\uploads/products/1683432468_af6a8c87-3017-4934-a942-ec87220b29dd.png
2026-05-31 10:39:22 [Thread-2] INFO  c.u.s.s.ClientRequestDispatcher - [Server] Đang xử lý lấy thông báo cho User ID: 1683432468
2026-05-31 10:39:22 [Thread-2] INFO  c.u.s.s.ClientRequestDispatcher - [Server] Đã tìm thấy 4 thông báo trong DB của User: 1683432468
2026-05-31 10:39:22 [Thread-2] INFO  c.u.s.s.ClientRequestDispatcher - [Server] Đã bắn gói tin phản hồi thành công về Client.
2026-05-31 10:39:26 [Thread-2] WARN  c.uet.server.network.ClientHandler - Server: Không thể gửi phản hồi do Client đã chủ động ngắt kết nối vật lý (Đăng xuất/Tắt app).
2026-05-31 10:39:26 [Thread-2] INFO  c.uet.server.network.ClientHandler - [SERVER] Đã giải phóng hoàn toàn kết nối Socket vật lý.
2026-05-31 10:39:26 [Thread-2] INFO  c.uet.server.network.ClientHandler - [SERVER] Đã Xóa Client khỏi ClientManager thành công.
2026-05-31 10:39:31 [main] INFO  com.uet.server.network.ServerMain - --- CÓ 1 CLIENT VỪA KẾT NỐI! ---
2026-05-31 10:39:31 [Thread-3] INFO  c.u.s.s.ClientRequestDispatcher - Đang đăng nhập: admin1
2026-05-31 10:39:36 [Thread-3] INFO  c.u.s.s.ClientRequestDispatcher - Đang đăng nhập: 1
2026-05-31 10:39:42 [Thread-3] INFO  c.u.s.s.ClientRequestDispatcher - Đang đăng nhập: 1
2026-05-31 10:39:45 [Thread-3] INFO  c.u.s.s.ClientRequestDispatcher - Đang đăng nhập: 1
2026-05-31 10:39:45 [Thread-3] INFO  com.uet.server.database.dao.UserDAO - [UserDAO] ⏰ Đã cập nhật mốc đăng nhập mới cho user ID: 1683432468
2026-05-31 10:39:45 [Thread-3] WARN  c.uet.server.database.dao.AuctionDAO - Không thể đọc file ảnh sản phẩm từ path: file://D:\root\uploads/products/1683432468_af6a8c87-3017-4934-a942-ec87220b29dd.png, lỗi: Illegal char <:> at index 3: /D:\root\uploads/products/1683432468_af6a8c87-3017-4934-a942-ec87220b29dd.png
2026-05-31 10:39:57 [Thread-3] INFO  c.uet.server.service.AuctionService - [SERVER] Đã lưu ảnh sản phẩm chờ duyệt tại path: file://D:\root\uploads/products/1683432468_48b2a990-8973-4311-8ca5-41da698fe32c.png
2026-05-31 10:39:57 [Thread-3] INFO  c.uet.server.database.dao.AuctionDAO - [DATABASE SUCCESS] Tạo thành công Item ID: 1088272983 và Auction ID: 9262993283
2026-05-31 10:39:57 [Thread-3] INFO  c.uet.server.service.AuctionService - [SERVER] Sản phẩm của User 1683432468 đang ở trạng thái PENDING.
2026-05-31 10:39:57 [Thread-3] INFO  com.uet.server.database.dao.UserDAO - [Notification] Đã tạo thông báo mới cho User 1683432468: Chờ duyệt sản phẩm
2026-05-31 10:39:58 [Thread-3] WARN  c.uet.server.database.dao.AuctionDAO - Không thể đọc file ảnh sản phẩm từ path: file://D:\root\uploads/products/1683432468_af6a8c87-3017-4934-a942-ec87220b29dd.png, lỗi: Illegal char <:> at index 3: /D:\root\uploads/products/1683432468_af6a8c87-3017-4934-a942-ec87220b29dd.png
2026-05-31 10:40:00 [Thread-3] WARN  c.uet.server.network.ClientHandler - Server: Không thể gửi phản hồi do Client đã chủ động ngắt kết nối vật lý (Đăng xuất/Tắt app).
2026-05-31 10:40:00 [Thread-3] INFO  c.uet.server.network.ClientHandler - [SERVER] Đã giải phóng hoàn toàn kết nối Socket vật lý.
2026-05-31 10:40:00 [Thread-3] INFO  c.uet.server.network.ClientHandler - [SERVER] Đã Xóa Client khỏi ClientManager thành công.
2026-05-31 10:40:06 [main] INFO  com.uet.server.network.ServerMain - --- CÓ 1 CLIENT VỪA KẾT NỐI! ---
2026-05-31 10:40:06 [Thread-4] INFO  c.u.s.s.ClientRequestDispatcher - Đang đăng nhập: 1
2026-05-31 10:40:06 [Thread-4] INFO  com.uet.server.database.dao.UserDAO - [UserDAO] ⏰ Đã cập nhật mốc đăng nhập mới cho user ID: 1683432468
2026-05-31 10:40:06 [Thread-4] WARN  c.uet.server.database.dao.AuctionDAO - Không thể đọc file ảnh sản phẩm từ path: file://D:\root\uploads/products/1683432468_af6a8c87-3017-4934-a942-ec87220b29dd.png, lỗi: Illegal char <:> at index 3: /D:\root\uploads/products/1683432468_af6a8c87-3017-4934-a942-ec87220b29dd.png
2026-05-31 10:40:16 [Thread-4] WARN  c.uet.server.database.dao.AuctionDAO - Không thể đọc file ảnh sản phẩm từ path: file://D:\root\uploads/products/1683432468_fb9bf442-0198-467d-9562-2fde8b1fc230.png, lỗi: Illegal char <:> at index 3: /D:\root\uploads/products/1683432468_fb9bf442-0198-467d-9562-2fde8b1fc230.png
2026-05-31 10:40:16 [Thread-4] WARN  c.uet.server.database.dao.AuctionDAO - Không thể đọc file ảnh sản phẩm từ path: file://D:\root\uploads/products/1683432468_48b2a990-8973-4311-8ca5-41da698fe32c.png, lỗi: Illegal char <:> at index 3: /D:\root\uploads/products/1683432468_48b2a990-8973-4311-8ca5-41da698fe32c.png
2026-05-31 10:40:16 [Thread-4] WARN  c.uet.server.database.dao.AuctionDAO - Không thể đọc file ảnh sản phẩm từ path: file://D:\root\uploads/products/1683432468_af6a8c87-3017-4934-a942-ec87220b29dd.png, lỗi: Illegal char <:> at index 3: /D:\root\uploads/products/1683432468_af6a8c87-3017-4934-a942-ec87220b29dd.png
2026-05-31 10:40:22 [Thread-4] WARN  c.uet.server.network.ClientHandler - Server: Không thể gửi phản hồi do Client đã chủ động ngắt kết nối vật lý (Đăng xuất/Tắt app).
2026-05-31 10:40:22 [Thread-4] INFO  c.uet.server.network.ClientHandler - [SERVER] Đã giải phóng hoàn toàn kết nối Socket vật lý.
2026-05-31 10:40:22 [Thread-4] INFO  c.uet.server.network.ClientHandler - [SERVER] Đã Xóa Client khỏi ClientManager thành công.
2026-05-31 10:40:27 [main] INFO  com.uet.server.network.ServerMain - --- CÓ 1 CLIENT VỪA KẾT NỐI! ---
2026-05-31 10:40:27 [Thread-5] INFO  c.u.s.s.ClientRequestDispatcher - Đang đăng nhập: admin1
2026-05-31 10:40:27 [Thread-5] INFO  com.uet.server.database.dao.UserDAO - [UserDAO] ⏰ Đã cập nhật mốc đăng nhập mới cho user ID: U001
2026-05-31 10:40:29 [Thread-5] INFO  c.u.s.service.AuctionRealtimeService - ==> Admin đang yêu cầu tải toàn bộ danh sách phiên đấu giá!
2026-05-31 10:40:31 [Thread-5] INFO  com.uet.server.database.dao.UserDAO - [Notification] Đã xóa 1 thông báo cũ chứa từ khóa 'Sản phẩm '44' đang chờ Admin duyệt' của User 1683432468
2026-05-31 10:40:31 [Thread-5] INFO  com.uet.server.database.dao.UserDAO - [Notification] Đã tạo thông báo mới cho User 1683432468: Sản phẩm đã duyệt
2026-05-31 10:40:31 [Thread-5] INFO  c.u.s.service.AuctionRealtimeService - ==> Admin đang yêu cầu tải toàn bộ danh sách phiên đấu giá!
2026-05-31 10:40:32 [Thread-5] INFO  c.uet.server.network.ClientHandler - [SERVER] Đã giải phóng hoàn toàn kết nối Socket vật lý.
2026-05-31 10:40:32 [Thread-5] INFO  c.uet.server.network.ClientHandler - [SERVER] Đã Xóa Client khỏi ClientManager thành công.
2026-05-31 10:40:37 [main] INFO  com.uet.server.network.ServerMain - --- CÓ 1 CLIENT VỪA KẾT NỐI! ---
2026-05-31 10:40:37 [Thread-6] INFO  c.u.s.s.ClientRequestDispatcher - Đang đăng nhập: 1
2026-05-31 10:40:37 [Thread-6] INFO  com.uet.server.database.dao.UserDAO - [UserDAO] ⏰ Đã cập nhật mốc đăng nhập mới cho user ID: 1683432468
2026-05-31 10:40:37 [Thread-6] WARN  c.uet.server.database.dao.AuctionDAO - Không thể đọc file ảnh sản phẩm từ path: file://D:\root\uploads/products/1683432468_af6a8c87-3017-4934-a942-ec87220b29dd.png, lỗi: Illegal char <:> at index 3: /D:\root\uploads/products/1683432468_af6a8c87-3017-4934-a942-ec87220b29dd.png
2026-05-31 10:40:40 [Thread-6] WARN  c.uet.server.database.dao.AuctionDAO - Không thể đọc file ảnh sản phẩm từ path: file://D:\root\uploads/products/1683432468_fb9bf442-0198-467d-9562-2fde8b1fc230.png, lỗi: Illegal char <:> at index 3: /D:\root\uploads/products/1683432468_fb9bf442-0198-467d-9562-2fde8b1fc230.png
2026-05-31 10:40:40 [Thread-6] WARN  c.uet.server.database.dao.AuctionDAO - Không thể đọc file ảnh sản phẩm từ path: file://D:\root\uploads/products/1683432468_48b2a990-8973-4311-8ca5-41da698fe32c.png, lỗi: Illegal char <:> at index 3: /D:\root\uploads/products/1683432468_48b2a990-8973-4311-8ca5-41da698fe32c.png
2026-05-31 10:40:40 [Thread-6] WARN  c.uet.server.database.dao.AuctionDAO - Không thể đọc file ảnh sản phẩm từ path: file://D:\root\uploads/products/1683432468_af6a8c87-3017-4934-a942-ec87220b29dd.png, lỗi: Illegal char <:> at index 3: /D:\root\uploads/products/1683432468_af6a8c87-3017-4934-a942-ec87220b29dd.png
2026-05-31 10:40:46 [Thread-6] INFO  c.uet.server.network.ClientHandler - Client ngắt kết nối hoặc có lỗi xảy ra: Connection reset
2026-05-31 10:40:46 [Thread-6] INFO  c.uet.server.network.ClientHandler - [SERVER] Đã giải phóng hoàn toàn kết nối Socket vật lý.
2026-05-31 10:40:46 [Thread-6] INFO  c.uet.server.network.ClientHandler - [SERVER] Đã Xóa Client khỏi ClientManager thành công.
2026-05-31 10:41:42 [main] INFO  com.uet.server.network.ServerMain - --- CÓ 1 CLIENT VỪA KẾT NỐI! ---
2026-05-31 10:41:42 [Thread-7] INFO  c.u.s.s.ClientRequestDispatcher - Đang đăng nhập: admin1
2026-05-31 10:41:42 [Thread-7] INFO  com.uet.server.database.dao.UserDAO - [UserDAO] ⏰ Đã cập nhật mốc đăng nhập mới cho user ID: U001
2026-05-31 10:43:14 [main] INFO  c.u.server.service.AuctionScheduler - [Scheduler] Bộ quét thời gian đấu giá tự động đã được kích hoạt!
2026-05-31 10:43:14 [main] INFO  com.uet.server.network.ServerMain - --- SERVER ĐANG CHỜ Ở CỔNG 27915 ---
2026-05-31 10:43:14 [pool-2-thread-1] INFO  c.uet.server.database.DBConnection - Connected to database successfully!
2026-05-31 10:43:48 [main] INFO  c.u.server.service.AuctionScheduler - [Scheduler] Bộ quét thời gian đấu giá tự động đã được kích hoạt!
2026-05-31 10:43:48 [main] INFO  com.uet.server.network.ServerMain - --- SERVER ĐANG CHỜ Ở CỔNG 27915 ---
2026-05-31 10:43:48 [pool-2-thread-1] INFO  c.uet.server.database.DBConnection - Connected to database successfully!
2026-05-31 10:43:58 [main] INFO  com.uet.server.network.ServerMain - --- CÓ 1 CLIENT VỪA KẾT NỐI! ---
2026-05-31 10:43:58 [Thread-0] INFO  c.u.s.s.ClientRequestDispatcher - Đang đăng nhập: admin1
2026-05-31 10:43:58 [Thread-0] INFO  com.uet.server.database.dao.UserDAO - [UserDAO] ⏰ Đã cập nhật mốc đăng nhập mới cho user ID: U001
2026-05-31 10:44:02 [Thread-0] INFO  c.u.s.service.AuctionRealtimeService - ==> Admin đang yêu cầu tải toàn bộ danh sách phiên đấu giá!
2026-05-31 10:44:03 [Thread-0] INFO  com.uet.server.database.dao.UserDAO - [UserDAO] Đã tải thành công 19 người dùng cho Admin.
2026-05-31 10:44:06 [Thread-0] INFO  c.uet.server.network.ClientHandler - Client ngắt kết nối hoặc có lỗi xảy ra: Connection reset
2026-05-31 10:44:06 [Thread-0] INFO  c.uet.server.network.ClientHandler - [SERVER] Đã giải phóng hoàn toàn kết nối Socket vật lý.
2026-05-31 10:44:06 [Thread-0] INFO  c.uet.server.network.ClientHandler - [SERVER] Đã Xóa Client khỏi ClientManager thành công.
2026-05-31 12:00:03 [pool-2-thread-1] INFO  c.uet.server.database.dao.AuctionDAO - [Scheduler] Đã kích hoạt 1 phiên đấu giá sang trạng thái RUNNING!
2026-05-31 12:00:03 [pool-2-thread-1] INFO  com.uet.server.database.dao.UserDAO - [Notification] Đã xóa 1 thông báo cũ chứa từ khóa 'Sản phẩm '44' đã được phê duyệt' của User 1683432468
2026-05-31 12:00:03 [pool-2-thread-1] INFO  com.uet.server.database.dao.UserDAO - [Notification] Đã tạo thông báo mới cho User 1683432468: Đang đấu giá
2026-05-31 12:00:03 [pool-2-thread-1] INFO  c.u.server.service.AuctionScheduler - [Scheduler] Phát hiện có thay đổi danh sách phiên đấu giá (Kích hoạt: 1, Kết thúc: 0). Tiến hành Broadcast...
2026-05-31 12:00:03 [pool-2-thread-1] WARN  c.uet.server.database.dao.AuctionDAO - Không thể đọc file ảnh sản phẩm từ path: file://D:\root\uploads/products/1683432468_af6a8c87-3017-4934-a942-ec87220b29dd.png, lỗi: Illegal char <:> at index 3: /D:\root\uploads/products/1683432468_af6a8c87-3017-4934-a942-ec87220b29dd.png
2026-05-31 12:00:03 [pool-2-thread-1] WARN  c.uet.server.database.dao.AuctionDAO - Không thể đọc file ảnh sản phẩm từ path: file://D:\root\uploads/products/1683432468_48b2a990-8973-4311-8ca5-41da698fe32c.png, lỗi: Illegal char <:> at index 3: /D:\root\uploads/products/1683432468_48b2a990-8973-4311-8ca5-41da698fe32c.png
2026-05-31 17:01:16 [main] INFO  c.u.server.service.AuctionScheduler - [Scheduler] Bộ quét thời gian đấu giá tự động đã được kích hoạt!
2026-05-31 17:01:16 [main] INFO  com.uet.server.network.ServerMain - --- SERVER ĐANG CHỜ Ở CỔNG 27915 ---
2026-05-31 17:01:16 [pool-2-thread-1] INFO  c.uet.server.database.DBConnection - Connected to database successfully!
2026-05-31 17:01:24 [main] INFO  com.uet.server.network.ServerMain - --- CÓ 1 CLIENT VỪA KẾT NỐI! ---
2026-05-31 17:01:24 [Thread-0] INFO  c.u.s.s.ClientRequestDispatcher - Đang đăng nhập: nam
2026-05-31 17:01:24 [Thread-0] WARN  com.uet.server.database.dao.UserDAO - UserDAO: file not found: \root\uploads\avatars\3846757029_9e151168-33b1-4fad-97b4-c71411b402f2.png
2026-05-31 17:01:24 [Thread-0] INFO  com.uet.server.database.dao.UserDAO - [UserDAO] ⏰ Đã cập nhật mốc đăng nhập mới cho user ID: 3846757029
2026-05-31 17:01:24 [Thread-0] WARN  c.uet.server.database.dao.AuctionDAO - Không thể đọc file ảnh sản phẩm từ path: file://D:\root\uploads/products/1683432468_af6a8c87-3017-4934-a942-ec87220b29dd.png, lỗi: Illegal char <:> at index 3: /D:\root\uploads/products/1683432468_af6a8c87-3017-4934-a942-ec87220b29dd.png
2026-05-31 17:01:24 [Thread-0] WARN  c.uet.server.database.dao.AuctionDAO - Không thể đọc file ảnh sản phẩm từ path: file://D:\root\uploads/products/1683432468_48b2a990-8973-4311-8ca5-41da698fe32c.png, lỗi: Illegal char <:> at index 3: /D:\root\uploads/products/1683432468_48b2a990-8973-4311-8ca5-41da698fe32c.png
2026-05-31 17:01:26 [Thread-0] INFO  c.uet.server.network.ClientManager - Client joined auction: 9262993283
2026-05-31 17:01:26 [Thread-0] WARN  c.uet.server.database.dao.AuctionDAO - Không thể đọc file ảnh sản phẩm từ path: file://D:\root\uploads/products/1683432468_48b2a990-8973-4311-8ca5-41da698fe32c.png, lỗi: Illegal char <:> at index 3: /D:\root\uploads/products/1683432468_48b2a990-8973-4311-8ca5-41da698fe32c.png
2026-05-31 17:01:35 [Thread-0] INFO  c.u.s.service.AuctionRealtimeService - Nhận đặt giá mới: auctionId=9262993283, bidderId=3846757029, amount=55.0
2026-05-31 17:01:35 [Thread-0] WARN  c.uet.server.database.dao.AuctionDAO - Không thể đọc file ảnh sản phẩm từ path: file://D:\root\uploads/products/1683432468_af6a8c87-3017-4934-a942-ec87220b29dd.png, lỗi: Illegal char <:> at index 3: /D:\root\uploads/products/1683432468_af6a8c87-3017-4934-a942-ec87220b29dd.png
2026-05-31 17:01:35 [Thread-0] WARN  c.uet.server.database.dao.AuctionDAO - Không thể đọc file ảnh sản phẩm từ path: file://D:\root\uploads/products/1683432468_48b2a990-8973-4311-8ca5-41da698fe32c.png, lỗi: Illegal char <:> at index 3: /D:\root\uploads/products/1683432468_48b2a990-8973-4311-8ca5-41da698fe32c.png
2026-05-31 17:01:41 [Thread-0] INFO  c.u.s.service.AuctionRealtimeService - Nhận đặt giá mới: auctionId=9262993283, bidderId=3846757029, amount=60.0
2026-05-31 17:01:41 [Thread-0] WARN  c.uet.server.database.dao.AuctionDAO - Không thể đọc file ảnh sản phẩm từ path: file://D:\root\uploads/products/1683432468_af6a8c87-3017-4934-a942-ec87220b29dd.png, lỗi: Illegal char <:> at index 3: /D:\root\uploads/products/1683432468_af6a8c87-3017-4934-a942-ec87220b29dd.png
2026-05-31 17:01:41 [Thread-0] WARN  c.uet.server.database.dao.AuctionDAO - Không thể đọc file ảnh sản phẩm từ path: file://D:\root\uploads/products/1683432468_48b2a990-8973-4311-8ca5-41da698fe32c.png, lỗi: Illegal char <:> at index 3: /D:\root\uploads/products/1683432468_48b2a990-8973-4311-8ca5-41da698fe32c.png
2026-05-31 17:01:46 [Thread-0] INFO  c.u.s.service.AuctionRealtimeService - Nhận đặt giá mới: auctionId=9262993283, bidderId=3846757029, amount=70.0
2026-05-31 17:01:46 [Thread-0] WARN  c.uet.server.database.dao.AuctionDAO - Không thể đọc file ảnh sản phẩm từ path: file://D:\root\uploads/products/1683432468_af6a8c87-3017-4934-a942-ec87220b29dd.png, lỗi: Illegal char <:> at index 3: /D:\root\uploads/products/1683432468_af6a8c87-3017-4934-a942-ec87220b29dd.png
2026-05-31 17:01:46 [Thread-0] WARN  c.uet.server.database.dao.AuctionDAO - Không thể đọc file ảnh sản phẩm từ path: file://D:\root\uploads/products/1683432468_48b2a990-8973-4311-8ca5-41da698fe32c.png, lỗi: Illegal char <:> at index 3: /D:\root\uploads/products/1683432468_48b2a990-8973-4311-8ca5-41da698fe32c.png
2026-05-31 17:01:51 [Thread-0] INFO  c.u.s.service.AuctionRealtimeService - Nhận đặt giá mới: auctionId=9262993283, bidderId=3846757029, amount=80.0
2026-05-31 17:01:51 [Thread-0] WARN  c.uet.server.database.dao.AuctionDAO - Không thể đọc file ảnh sản phẩm từ path: file://D:\root\uploads/products/1683432468_af6a8c87-3017-4934-a942-ec87220b29dd.png, lỗi: Illegal char <:> at index 3: /D:\root\uploads/products/1683432468_af6a8c87-3017-4934-a942-ec87220b29dd.png
2026-05-31 17:01:51 [Thread-0] WARN  c.uet.server.database.dao.AuctionDAO - Không thể đọc file ảnh sản phẩm từ path: file://D:\root\uploads/products/1683432468_48b2a990-8973-4311-8ca5-41da698fe32c.png, lỗi: Illegal char <:> at index 3: /D:\root\uploads/products/1683432468_48b2a990-8973-4311-8ca5-41da698fe32c.png
2026-05-31 17:02:17 [Thread-0] INFO  c.u.s.service.AuctionRealtimeService - Nhận đặt giá mới: auctionId=9262993283, bidderId=3846757029, amount=100.0
2026-05-31 17:02:17 [Thread-0] WARN  c.uet.server.database.dao.AuctionDAO - Không thể đọc file ảnh sản phẩm từ path: file://D:\root\uploads/products/1683432468_af6a8c87-3017-4934-a942-ec87220b29dd.png, lỗi: Illegal char <:> at index 3: /D:\root\uploads/products/1683432468_af6a8c87-3017-4934-a942-ec87220b29dd.png
2026-05-31 17:02:17 [Thread-0] WARN  c.uet.server.database.dao.AuctionDAO - Không thể đọc file ảnh sản phẩm từ path: file://D:\root\uploads/products/1683432468_48b2a990-8973-4311-8ca5-41da698fe32c.png, lỗi: Illegal char <:> at index 3: /D:\root\uploads/products/1683432468_48b2a990-8973-4311-8ca5-41da698fe32c.png
2026-05-31 17:02:20 [Thread-0] INFO  c.u.s.service.AuctionRealtimeService - Nhận đặt giá mới: auctionId=9262993283, bidderId=3846757029, amount=400.0
2026-05-31 17:02:20 [Thread-0] WARN  c.uet.server.database.dao.AuctionDAO - Không thể đọc file ảnh sản phẩm từ path: file://D:\root\uploads/products/1683432468_af6a8c87-3017-4934-a942-ec87220b29dd.png, lỗi: Illegal char <:> at index 3: /D:\root\uploads/products/1683432468_af6a8c87-3017-4934-a942-ec87220b29dd.png
2026-05-31 17:02:20 [Thread-0] WARN  c.uet.server.database.dao.AuctionDAO - Không thể đọc file ảnh sản phẩm từ path: file://D:\root\uploads/products/1683432468_48b2a990-8973-4311-8ca5-41da698fe32c.png, lỗi: Illegal char <:> at index 3: /D:\root\uploads/products/1683432468_48b2a990-8973-4311-8ca5-41da698fe32c.png
2026-05-31 17:02:23 [Thread-0] INFO  c.u.s.service.AuctionRealtimeService - Nhận đặt giá mới: auctionId=9262993283, bidderId=3846757029, amount=5000.0
2026-05-31 17:02:23 [Thread-0] WARN  c.uet.server.database.dao.AuctionDAO - Không thể đọc file ảnh sản phẩm từ path: file://D:\root\uploads/products/1683432468_af6a8c87-3017-4934-a942-ec87220b29dd.png, lỗi: Illegal char <:> at index 3: /D:\root\uploads/products/1683432468_af6a8c87-3017-4934-a942-ec87220b29dd.png
2026-05-31 17:02:23 [Thread-0] WARN  c.uet.server.database.dao.AuctionDAO - Không thể đọc file ảnh sản phẩm từ path: file://D:\root\uploads/products/1683432468_48b2a990-8973-4311-8ca5-41da698fe32c.png, lỗi: Illegal char <:> at index 3: /D:\root\uploads/products/1683432468_48b2a990-8973-4311-8ca5-41da698fe32c.png
2026-05-31 17:02:27 [Thread-0] INFO  c.u.s.service.AuctionRealtimeService - Nhận đặt giá mới: auctionId=9262993283, bidderId=3846757029, amount=7000.0
2026-05-31 17:02:27 [Thread-0] WARN  c.uet.server.database.dao.AuctionDAO - Không thể đọc file ảnh sản phẩm từ path: file://D:\root\uploads/products/1683432468_af6a8c87-3017-4934-a942-ec87220b29dd.png, lỗi: Illegal char <:> at index 3: /D:\root\uploads/products/1683432468_af6a8c87-3017-4934-a942-ec87220b29dd.png
2026-05-31 17:02:27 [Thread-0] WARN  c.uet.server.database.dao.AuctionDAO - Không thể đọc file ảnh sản phẩm từ path: file://D:\root\uploads/products/1683432468_48b2a990-8973-4311-8ca5-41da698fe32c.png, lỗi: Illegal char <:> at index 3: /D:\root\uploads/products/1683432468_48b2a990-8973-4311-8ca5-41da698fe32c.png
2026-05-31 17:09:08 [main] INFO  c.u.server.service.AuctionScheduler - [Scheduler] Bộ quét thời gian đấu giá tự động đã được kích hoạt!
2026-05-31 17:09:08 [main] INFO  com.uet.server.network.ServerMain - --- SERVER ĐANG CHỜ Ở CỔNG 27915 ---
2026-05-31 17:09:08 [pool-1-thread-1] INFO  c.uet.server.database.DBConnection - Connected to database successfully!
2026-05-31 17:09:28 [main] INFO  com.uet.server.network.ServerMain - --- CÓ 1 CLIENT VỪA KẾT NỐI! ---
2026-05-31 17:09:28 [Thread-0] INFO  c.u.s.s.ClientRequestDispatcher - Đang đăng nhập: nam
2026-05-31 17:09:28 [Thread-0] WARN  com.uet.server.database.dao.UserDAO - UserDAO: file not found: \root\uploads\avatars\3846757029_9e151168-33b1-4fad-97b4-c71411b402f2.png
2026-05-31 17:09:28 [Thread-0] INFO  com.uet.server.database.dao.UserDAO - [UserDAO] ⏰ Đã cập nhật mốc đăng nhập mới cho user ID: 3846757029
2026-05-31 17:09:28 [Thread-0] WARN  c.uet.server.database.dao.AuctionDAO - Không thể đọc file ảnh sản phẩm từ path: file://D:\root\uploads/products/1683432468_af6a8c87-3017-4934-a942-ec87220b29dd.png, lỗi: Illegal char <:> at index 3: /D:\root\uploads/products/1683432468_af6a8c87-3017-4934-a942-ec87220b29dd.png
2026-05-31 17:09:28 [Thread-0] WARN  c.uet.server.database.dao.AuctionDAO - Không thể đọc file ảnh sản phẩm từ path: file://D:\root\uploads/products/1683432468_48b2a990-8973-4311-8ca5-41da698fe32c.png, lỗi: Illegal char <:> at index 3: /D:\root\uploads/products/1683432468_48b2a990-8973-4311-8ca5-41da698fe32c.png
2026-05-31 17:09:29 [Thread-0] INFO  c.uet.server.network.ClientManager - Client joined auction: 9262993283
2026-05-31 17:09:30 [Thread-0] WARN  c.uet.server.database.dao.AuctionDAO - Không thể đọc file ảnh sản phẩm từ path: file://D:\root\uploads/products/1683432468_48b2a990-8973-4311-8ca5-41da698fe32c.png, lỗi: Illegal char <:> at index 3: /D:\root\uploads/products/1683432468_48b2a990-8973-4311-8ca5-41da698fe32c.png
2026-05-31 17:09:39 [Thread-0] INFO  c.u.s.service.AuctionRealtimeService - Nhận đặt giá mới: auctionId=9262993283, bidderId=3846757029, amount=10000.0
2026-05-31 17:09:39 [Thread-0] WARN  c.uet.server.database.dao.AuctionDAO - Không thể đọc file ảnh sản phẩm từ path: file://D:\root\uploads/products/1683432468_af6a8c87-3017-4934-a942-ec87220b29dd.png, lỗi: Illegal char <:> at index 3: /D:\root\uploads/products/1683432468_af6a8c87-3017-4934-a942-ec87220b29dd.png
2026-05-31 17:09:39 [Thread-0] WARN  c.uet.server.database.dao.AuctionDAO - Không thể đọc file ảnh sản phẩm từ path: file://D:\root\uploads/products/1683432468_48b2a990-8973-4311-8ca5-41da698fe32c.png, lỗi: Illegal char <:> at index 3: /D:\root\uploads/products/1683432468_48b2a990-8973-4311-8ca5-41da698fe32c.png
2026-05-31 17:09:46 [Thread-0] INFO  c.u.s.service.AuctionRealtimeService - Nhận đặt giá mới: auctionId=9262993283, bidderId=3846757029, amount=100000.0
2026-05-31 17:09:46 [Thread-0] WARN  c.uet.server.database.dao.AuctionDAO - Không thể đọc file ảnh sản phẩm từ path: file://D:\root\uploads/products/1683432468_af6a8c87-3017-4934-a942-ec87220b29dd.png, lỗi: Illegal char <:> at index 3: /D:\root\uploads/products/1683432468_af6a8c87-3017-4934-a942-ec87220b29dd.png
2026-05-31 17:09:46 [Thread-0] WARN  c.uet.server.database.dao.AuctionDAO - Không thể đọc file ảnh sản phẩm từ path: file://D:\root\uploads/products/1683432468_48b2a990-8973-4311-8ca5-41da698fe32c.png, lỗi: Illegal char <:> at index 3: /D:\root\uploads/products/1683432468_48b2a990-8973-4311-8ca5-41da698fe32c.png
2026-05-31 17:09:59 [Thread-0] INFO  c.u.s.service.AuctionRealtimeService - Nhận đặt giá mới: auctionId=9262993283, bidderId=3846757029, amount=200000.0
2026-05-31 17:09:59 [Thread-0] WARN  c.uet.server.database.dao.AuctionDAO - Không thể đọc file ảnh sản phẩm từ path: file://D:\root\uploads/products/1683432468_af6a8c87-3017-4934-a942-ec87220b29dd.png, lỗi: Illegal char <:> at index 3: /D:\root\uploads/products/1683432468_af6a8c87-3017-4934-a942-ec87220b29dd.png
2026-05-31 17:09:59 [Thread-0] WARN  c.uet.server.database.dao.AuctionDAO - Không thể đọc file ảnh sản phẩm từ path: file://D:\root\uploads/products/1683432468_48b2a990-8973-4311-8ca5-41da698fe32c.png, lỗi: Illegal char <:> at index 3: /D:\root\uploads/products/1683432468_48b2a990-8973-4311-8ca5-41da698fe32c.png
2026-05-31 17:10:10 [Thread-0] INFO  c.u.s.service.AuctionRealtimeService - Nhận đặt giá mới: auctionId=9262993283, bidderId=3846757029, amount=1000000.0
2026-05-31 17:10:10 [Thread-0] WARN  c.uet.server.database.dao.AuctionDAO - Không thể đọc file ảnh sản phẩm từ path: file://D:\root\uploads/products/1683432468_af6a8c87-3017-4934-a942-ec87220b29dd.png, lỗi: Illegal char <:> at index 3: /D:\root\uploads/products/1683432468_af6a8c87-3017-4934-a942-ec87220b29dd.png
2026-05-31 17:10:10 [Thread-0] WARN  c.uet.server.database.dao.AuctionDAO - Không thể đọc file ảnh sản phẩm từ path: file://D:\root\uploads/products/1683432468_48b2a990-8973-4311-8ca5-41da698fe32c.png, lỗi: Illegal char <:> at index 3: /D:\root\uploads/products/1683432468_48b2a990-8973-4311-8ca5-41da698fe32c.png
2026-05-31 17:10:28 [Thread-0] INFO  c.uet.server.network.ClientManager - Client left auction: 9262993283
2026-05-31 17:10:28 [Thread-0] WARN  c.uet.server.database.dao.AuctionDAO - Không thể đọc file ảnh sản phẩm từ path: file://D:\root\uploads/products/1683432468_af6a8c87-3017-4934-a942-ec87220b29dd.png, lỗi: Illegal char <:> at index 3: /D:\root\uploads/products/1683432468_af6a8c87-3017-4934-a942-ec87220b29dd.png
2026-05-31 17:10:28 [Thread-0] WARN  c.uet.server.database.dao.AuctionDAO - Không thể đọc file ảnh sản phẩm từ path: file://D:\root\uploads/products/1683432468_48b2a990-8973-4311-8ca5-41da698fe32c.png, lỗi: Illegal char <:> at index 3: /D:\root\uploads/products/1683432468_48b2a990-8973-4311-8ca5-41da698fe32c.png
2026-05-31 17:10:31 [Thread-0] WARN  c.uet.server.network.ClientHandler - Server: Không thể gửi phản hồi do Client đã chủ động ngắt kết nối vật lý (Đăng xuất/Tắt app).
2026-05-31 17:10:31 [Thread-0] INFO  c.uet.server.network.ClientHandler - [SERVER] Đã giải phóng hoàn toàn kết nối Socket vật lý.
2026-05-31 17:10:31 [Thread-0] INFO  c.uet.server.network.ClientHandler - [SERVER] Đã Xóa Client khỏi ClientManager thành công.
2026-05-31 17:10:36 [main] INFO  com.uet.server.network.ServerMain - --- CÓ 1 CLIENT VỪA KẾT NỐI! ---
2026-05-31 17:10:36 [Thread-1] INFO  c.u.s.s.ClientRequestDispatcher - Đang đăng nhập: 1
2026-05-31 17:10:40 [Thread-1] INFO  c.u.s.s.ClientRequestDispatcher - Đang đăng nhập: 1
2026-05-31 17:10:40 [Thread-1] INFO  com.uet.server.database.dao.UserDAO - [UserDAO] ⏰ Đã cập nhật mốc đăng nhập mới cho user ID: 1683432468
2026-05-31 17:10:40 [Thread-1] WARN  c.uet.server.database.dao.AuctionDAO - Không thể đọc file ảnh sản phẩm từ path: file://D:\root\uploads/products/1683432468_af6a8c87-3017-4934-a942-ec87220b29dd.png, lỗi: Illegal char <:> at index 3: /D:\root\uploads/products/1683432468_af6a8c87-3017-4934-a942-ec87220b29dd.png
2026-05-31 17:10:40 [Thread-1] WARN  c.uet.server.database.dao.AuctionDAO - Không thể đọc file ảnh sản phẩm từ path: file://D:\root\uploads/products/1683432468_48b2a990-8973-4311-8ca5-41da698fe32c.png, lỗi: Illegal char <:> at index 3: /D:\root\uploads/products/1683432468_48b2a990-8973-4311-8ca5-41da698fe32c.png
2026-05-31 17:10:41 [Thread-1] INFO  c.uet.server.network.ClientManager - Client joined auction: 9262993283
2026-05-31 17:10:41 [Thread-1] WARN  c.uet.server.database.dao.AuctionDAO - Không thể đọc file ảnh sản phẩm từ path: file://D:\root\uploads/products/1683432468_48b2a990-8973-4311-8ca5-41da698fe32c.png, lỗi: Illegal char <:> at index 3: /D:\root\uploads/products/1683432468_48b2a990-8973-4311-8ca5-41da698fe32c.png
2026-05-31 17:10:50 [Thread-1] INFO  c.uet.server.network.ClientManager - Client left auction: 9262993283
2026-05-31 17:10:50 [Thread-1] WARN  c.uet.server.database.dao.AuctionDAO - Không thể đọc file ảnh sản phẩm từ path: file://D:\root\uploads/products/1683432468_af6a8c87-3017-4934-a942-ec87220b29dd.png, lỗi: Illegal char <:> at index 3: /D:\root\uploads/products/1683432468_af6a8c87-3017-4934-a942-ec87220b29dd.png
2026-05-31 17:10:50 [Thread-1] WARN  c.uet.server.database.dao.AuctionDAO - Không thể đọc file ảnh sản phẩm từ path: file://D:\root\uploads/products/1683432468_48b2a990-8973-4311-8ca5-41da698fe32c.png, lỗi: Illegal char <:> at index 3: /D:\root\uploads/products/1683432468_48b2a990-8973-4311-8ca5-41da698fe32c.png
2026-05-31 17:10:51 [Thread-1] INFO  c.uet.server.network.ClientManager - Client joined auction: 1573672628
2026-05-31 17:10:51 [Thread-1] WARN  c.uet.server.database.dao.AuctionDAO - Không thể đọc file ảnh sản phẩm từ path: file://D:\root\uploads/products/1683432468_af6a8c87-3017-4934-a942-ec87220b29dd.png, lỗi: Illegal char <:> at index 3: /D:\root\uploads/products/1683432468_af6a8c87-3017-4934-a942-ec87220b29dd.png
2026-05-31 17:10:58 [Thread-1] INFO  c.uet.server.network.ClientManager - Client left auction: 1573672628
2026-05-31 17:10:58 [Thread-1] WARN  c.uet.server.database.dao.AuctionDAO - Không thể đọc file ảnh sản phẩm từ path: file://D:\root\uploads/products/1683432468_af6a8c87-3017-4934-a942-ec87220b29dd.png, lỗi: Illegal char <:> at index 3: /D:\root\uploads/products/1683432468_af6a8c87-3017-4934-a942-ec87220b29dd.png
2026-05-31 17:10:58 [Thread-1] WARN  c.uet.server.database.dao.AuctionDAO - Không thể đọc file ảnh sản phẩm từ path: file://D:\root\uploads/products/1683432468_48b2a990-8973-4311-8ca5-41da698fe32c.png, lỗi: Illegal char <:> at index 3: /D:\root\uploads/products/1683432468_48b2a990-8973-4311-8ca5-41da698fe32c.png
2026-05-31 17:11:00 [Thread-1] WARN  c.uet.server.database.dao.AuctionDAO - Không thể đọc file ảnh sản phẩm từ path: file://D:\root\uploads/products/1683432468_fb9bf442-0198-467d-9562-2fde8b1fc230.png, lỗi: Illegal char <:> at index 3: /D:\root\uploads/products/1683432468_fb9bf442-0198-467d-9562-2fde8b1fc230.png
2026-05-31 17:11:00 [Thread-1] WARN  c.uet.server.database.dao.AuctionDAO - Không thể đọc file ảnh sản phẩm từ path: file://D:\root\uploads/products/1683432468_48b2a990-8973-4311-8ca5-41da698fe32c.png, lỗi: Illegal char <:> at index 3: /D:\root\uploads/products/1683432468_48b2a990-8973-4311-8ca5-41da698fe32c.png
2026-05-31 17:11:00 [Thread-1] WARN  c.uet.server.database.dao.AuctionDAO - Không thể đọc file ảnh sản phẩm từ path: file://D:\root\uploads/products/1683432468_af6a8c87-3017-4934-a942-ec87220b29dd.png, lỗi: Illegal char <:> at index 3: /D:\root\uploads/products/1683432468_af6a8c87-3017-4934-a942-ec87220b29dd.png
2026-05-31 17:11:09 [Thread-1] WARN  c.uet.server.network.ClientHandler - Server: Không thể gửi phản hồi do Client đã chủ động ngắt kết nối vật lý (Đăng xuất/Tắt app).
2026-05-31 17:11:09 [Thread-1] INFO  c.uet.server.network.ClientHandler - [SERVER] Đã giải phóng hoàn toàn kết nối Socket vật lý.
2026-05-31 17:11:09 [Thread-1] INFO  c.uet.server.network.ClientHandler - [SERVER] Đã Xóa Client khỏi ClientManager thành công.
2026-05-31 17:11:14 [main] INFO  com.uet.server.network.ServerMain - --- CÓ 1 CLIENT VỪA KẾT NỐI! ---
2026-05-31 17:11:14 [Thread-2] INFO  c.u.s.s.ClientRequestDispatcher - Đang đăng nhập: nam3
2026-05-31 17:11:14 [Thread-2] WARN  com.uet.server.database.dao.UserDAO - UserDAO: file not found: \root\uploads\avatars\3773878850_7469c080-dc11-43f5-b1f8-cd2a7ec204f9.png
2026-05-31 17:11:14 [Thread-2] INFO  com.uet.server.database.dao.UserDAO - [UserDAO] ⏰ Đã cập nhật mốc đăng nhập mới cho user ID: 3773878850
2026-05-31 17:11:14 [Thread-2] WARN  c.uet.server.database.dao.AuctionDAO - Không thể đọc file ảnh sản phẩm từ path: file://D:\root\uploads/products/1683432468_af6a8c87-3017-4934-a942-ec87220b29dd.png, lỗi: Illegal char <:> at index 3: /D:\root\uploads/products/1683432468_af6a8c87-3017-4934-a942-ec87220b29dd.png
2026-05-31 17:11:14 [Thread-2] WARN  c.uet.server.database.dao.AuctionDAO - Không thể đọc file ảnh sản phẩm từ path: file://D:\root\uploads/products/1683432468_48b2a990-8973-4311-8ca5-41da698fe32c.png, lỗi: Illegal char <:> at index 3: /D:\root\uploads/products/1683432468_48b2a990-8973-4311-8ca5-41da698fe32c.png
2026-05-31 17:11:15 [Thread-2] INFO  c.uet.server.network.ClientManager - Client joined auction: 1573672628
2026-05-31 17:11:15 [Thread-2] WARN  c.uet.server.database.dao.AuctionDAO - Không thể đọc file ảnh sản phẩm từ path: file://D:\root\uploads/products/1683432468_af6a8c87-3017-4934-a942-ec87220b29dd.png, lỗi: Illegal char <:> at index 3: /D:\root\uploads/products/1683432468_af6a8c87-3017-4934-a942-ec87220b29dd.png
2026-05-31 17:11:20 [Thread-2] INFO  c.u.s.service.AuctionRealtimeService - Nhận đặt giá mới: auctionId=1573672628, bidderId=3773878850, amount=100000.0
2026-05-31 17:11:20 [Thread-2] WARN  c.uet.server.database.dao.AuctionDAO - Không thể đọc file ảnh sản phẩm từ path: file://D:\root\uploads/products/1683432468_af6a8c87-3017-4934-a942-ec87220b29dd.png, lỗi: Illegal char <:> at index 3: /D:\root\uploads/products/1683432468_af6a8c87-3017-4934-a942-ec87220b29dd.png
2026-05-31 17:11:20 [Thread-2] WARN  c.uet.server.database.dao.AuctionDAO - Không thể đọc file ảnh sản phẩm từ path: file://D:\root\uploads/products/1683432468_48b2a990-8973-4311-8ca5-41da698fe32c.png, lỗi: Illegal char <:> at index 3: /D:\root\uploads/products/1683432468_48b2a990-8973-4311-8ca5-41da698fe32c.png
2026-05-31 17:11:28 [Thread-2] INFO  c.u.s.service.AuctionRealtimeService - Nhận đặt giá mới: auctionId=1573672628, bidderId=3773878850, amount=1.0E9
2026-05-31 17:11:28 [Thread-2] WARN  c.uet.server.database.dao.AuctionDAO - Không thể đọc file ảnh sản phẩm từ path: file://D:\root\uploads/products/1683432468_af6a8c87-3017-4934-a942-ec87220b29dd.png, lỗi: Illegal char <:> at index 3: /D:\root\uploads/products/1683432468_af6a8c87-3017-4934-a942-ec87220b29dd.png
2026-05-31 17:11:28 [Thread-2] WARN  c.uet.server.database.dao.AuctionDAO - Không thể đọc file ảnh sản phẩm từ path: file://D:\root\uploads/products/1683432468_48b2a990-8973-4311-8ca5-41da698fe32c.png, lỗi: Illegal char <:> at index 3: /D:\root\uploads/products/1683432468_48b2a990-8973-4311-8ca5-41da698fe32c.png
2026-05-31 17:11:33 [Thread-2] INFO  c.uet.server.network.ClientManager - Client left auction: 1573672628
2026-05-31 17:11:33 [Thread-2] WARN  c.uet.server.database.dao.AuctionDAO - Không thể đọc file ảnh sản phẩm từ path: file://D:\root\uploads/products/1683432468_af6a8c87-3017-4934-a942-ec87220b29dd.png, lỗi: Illegal char <:> at index 3: /D:\root\uploads/products/1683432468_af6a8c87-3017-4934-a942-ec87220b29dd.png
2026-05-31 17:11:33 [Thread-2] WARN  c.uet.server.database.dao.AuctionDAO - Không thể đọc file ảnh sản phẩm từ path: file://D:\root\uploads/products/1683432468_48b2a990-8973-4311-8ca5-41da698fe32c.png, lỗi: Illegal char <:> at index 3: /D:\root\uploads/products/1683432468_48b2a990-8973-4311-8ca5-41da698fe32c.png
2026-05-31 17:11:35 [Thread-2] INFO  c.uet.server.network.ClientManager - Client joined auction: 9262993283
2026-05-31 17:11:35 [Thread-2] WARN  c.uet.server.database.dao.AuctionDAO - Không thể đọc file ảnh sản phẩm từ path: file://D:\root\uploads/products/1683432468_48b2a990-8973-4311-8ca5-41da698fe32c.png, lỗi: Illegal char <:> at index 3: /D:\root\uploads/products/1683432468_48b2a990-8973-4311-8ca5-41da698fe32c.png
2026-05-31 17:11:46 [Thread-2] INFO  c.uet.server.network.ClientManager - Client left auction: 9262993283
2026-05-31 17:11:46 [Thread-2] WARN  c.uet.server.database.dao.AuctionDAO - Không thể đọc file ảnh sản phẩm từ path: file://D:\root\uploads/products/1683432468_af6a8c87-3017-4934-a942-ec87220b29dd.png, lỗi: Illegal char <:> at index 3: /D:\root\uploads/products/1683432468_af6a8c87-3017-4934-a942-ec87220b29dd.png
2026-05-31 17:11:46 [Thread-2] WARN  c.uet.server.database.dao.AuctionDAO - Không thể đọc file ảnh sản phẩm từ path: file://D:\root\uploads/products/1683432468_48b2a990-8973-4311-8ca5-41da698fe32c.png, lỗi: Illegal char <:> at index 3: /D:\root\uploads/products/1683432468_48b2a990-8973-4311-8ca5-41da698fe32c.png
2026-05-31 17:12:38 [Thread-2] INFO  c.uet.server.service.AuctionService - [SERVER] Đã lưu ảnh sản phẩm chờ duyệt tại path: file://D:\root\uploads/products/3773878850_dadc9a22-3506-475e-88d9-6cb7b5d6d627.png
2026-05-31 17:12:38 [Thread-2] INFO  c.uet.server.database.dao.AuctionDAO - [DATABASE SUCCESS] Tạo thành công Item ID: 1915096013 và Auction ID: 3487976522
2026-05-31 17:12:38 [Thread-2] INFO  c.uet.server.service.AuctionService - [SERVER] Sản phẩm của User 3773878850 đang ở trạng thái PENDING.
2026-05-31 17:12:38 [Thread-2] INFO  com.uet.server.database.dao.UserDAO - [Notification] Đã tạo thông báo mới cho User 3773878850: Chờ duyệt sản phẩm
2026-05-31 17:12:39 [Thread-2] WARN  c.uet.server.database.dao.AuctionDAO - Không thể đọc file ảnh sản phẩm từ path: file://D:\root\uploads/products/1683432468_af6a8c87-3017-4934-a942-ec87220b29dd.png, lỗi: Illegal char <:> at index 3: /D:\root\uploads/products/1683432468_af6a8c87-3017-4934-a942-ec87220b29dd.png
2026-05-31 17:12:39 [Thread-2] WARN  c.uet.server.database.dao.AuctionDAO - Không thể đọc file ảnh sản phẩm từ path: file://D:\root\uploads/products/1683432468_48b2a990-8973-4311-8ca5-41da698fe32c.png, lỗi: Illegal char <:> at index 3: /D:\root\uploads/products/1683432468_48b2a990-8973-4311-8ca5-41da698fe32c.png
2026-05-31 17:12:42 [Thread-2] WARN  c.uet.server.network.ClientHandler - Server: Không thể gửi phản hồi do Client đã chủ động ngắt kết nối vật lý (Đăng xuất/Tắt app).
2026-05-31 17:12:42 [Thread-2] INFO  c.uet.server.network.ClientHandler - [SERVER] Đã giải phóng hoàn toàn kết nối Socket vật lý.
2026-05-31 17:12:42 [Thread-2] INFO  c.uet.server.network.ClientHandler - [SERVER] Đã Xóa Client khỏi ClientManager thành công.
2026-05-31 17:12:46 [main] INFO  com.uet.server.network.ServerMain - --- CÓ 1 CLIENT VỪA KẾT NỐI! ---
2026-05-31 17:12:46 [Thread-3] INFO  c.u.s.s.ClientRequestDispatcher - Đang đăng nhập: admin1
2026-05-31 17:12:46 [Thread-3] INFO  com.uet.server.database.dao.UserDAO - [UserDAO] ⏰ Đã cập nhật mốc đăng nhập mới cho user ID: U001
2026-05-31 17:12:48 [Thread-3] INFO  c.u.s.service.AuctionRealtimeService - ==> Admin đang yêu cầu tải toàn bộ danh sách phiên đấu giá!
2026-05-31 17:12:49 [Thread-3] INFO  com.uet.server.database.dao.UserDAO - [Notification] Đã xóa 1 thông báo cũ chứa từ khóa 'Sản phẩm '33' đang chờ Admin duyệt' của User 3773878850
2026-05-31 17:12:49 [Thread-3] INFO  com.uet.server.database.dao.UserDAO - [Notification] Đã tạo thông báo mới cho User 3773878850: Sản phẩm đã duyệt
2026-05-31 17:12:49 [Thread-3] INFO  c.uet.server.database.dao.AuctionDAO - [Scheduler] Đã kích hoạt 1 phiên đấu giá sang trạng thái RUNNING!
2026-05-31 17:12:49 [Thread-3] INFO  com.uet.server.database.dao.UserDAO - [Notification] Đã xóa 1 thông báo cũ chứa từ khóa 'Sản phẩm '33' đã được phê duyệt' của User 3773878850
2026-05-31 17:12:49 [Thread-3] INFO  com.uet.server.database.dao.UserDAO - [Notification] Đã tạo thông báo mới cho User 3773878850: Đang đấu giá
2026-05-31 17:12:49 [Thread-3] INFO  c.u.s.service.AuctionRealtimeService - [Approve] Đã kích hoạt trực tiếp 1 phiên đấu giá sang RUNNING. Tiến hành phát sóng...
2026-05-31 17:12:49 [Thread-3] WARN  c.uet.server.database.dao.AuctionDAO - Không thể đọc file ảnh sản phẩm từ path: file://D:\root\uploads/products/3773878850_dadc9a22-3506-475e-88d9-6cb7b5d6d627.png, lỗi: Illegal char <:> at index 3: /D:\root\uploads/products/3773878850_dadc9a22-3506-475e-88d9-6cb7b5d6d627.png
2026-05-31 17:12:49 [Thread-3] WARN  c.uet.server.database.dao.AuctionDAO - Không thể đọc file ảnh sản phẩm từ path: file://D:\root\uploads/products/1683432468_af6a8c87-3017-4934-a942-ec87220b29dd.png, lỗi: Illegal char <:> at index 3: /D:\root\uploads/products/1683432468_af6a8c87-3017-4934-a942-ec87220b29dd.png
2026-05-31 17:12:49 [Thread-3] WARN  c.uet.server.database.dao.AuctionDAO - Không thể đọc file ảnh sản phẩm từ path: file://D:\root\uploads/products/1683432468_48b2a990-8973-4311-8ca5-41da698fe32c.png, lỗi: Illegal char <:> at index 3: /D:\root\uploads/products/1683432468_48b2a990-8973-4311-8ca5-41da698fe32c.png
2026-05-31 17:12:49 [Thread-3] INFO  c.u.s.service.AuctionRealtimeService - ==> Admin đang yêu cầu tải toàn bộ danh sách phiên đấu giá!
2026-05-31 17:12:53 [pool-1-thread-1] INFO  com.uet.server.database.dao.UserDAO - [Notification] Đã xóa 1 thông báo cũ chứa từ khóa 'Sản phẩm '33' đã bắt đầu phiên đấu giá' của User 3773878850
2026-05-31 17:12:53 [pool-1-thread-1] INFO  com.uet.server.database.dao.UserDAO - [Notification] Đã tạo thông báo mới cho User 3773878850: Đấu giá kết thúc
2026-05-31 17:12:53 [pool-1-thread-1] INFO  c.uet.server.database.dao.AuctionDAO - [Scheduler] Phiên 3487976522 đã đóng nhưng không có ai mua.
2026-05-31 17:12:53 [pool-1-thread-1] INFO  c.u.server.service.AuctionScheduler - [Scheduler] Phát hiện có thay đổi danh sách phiên đấu giá (Kích hoạt: 0, Kết thúc: 1). Tiến hành Broadcast...
2026-05-31 17:12:53 [pool-1-thread-1] WARN  c.uet.server.database.dao.AuctionDAO - Không thể đọc file ảnh sản phẩm từ path: file://D:\root\uploads/products/1683432468_af6a8c87-3017-4934-a942-ec87220b29dd.png, lỗi: Illegal char <:> at index 3: /D:\root\uploads/products/1683432468_af6a8c87-3017-4934-a942-ec87220b29dd.png
2026-05-31 17:12:53 [pool-1-thread-1] WARN  c.uet.server.database.dao.AuctionDAO - Không thể đọc file ảnh sản phẩm từ path: file://D:\root\uploads/products/1683432468_48b2a990-8973-4311-8ca5-41da698fe32c.png, lỗi: Illegal char <:> at index 3: /D:\root\uploads/products/1683432468_48b2a990-8973-4311-8ca5-41da698fe32c.png
2026-05-31 17:12:56 [Thread-3] WARN  c.uet.server.network.ClientHandler - Server: Không thể gửi phản hồi do Client đã chủ động ngắt kết nối vật lý (Đăng xuất/Tắt app).
2026-05-31 17:12:56 [Thread-3] INFO  c.uet.server.network.ClientHandler - [SERVER] Đã giải phóng hoàn toàn kết nối Socket vật lý.
2026-05-31 17:12:56 [Thread-3] INFO  c.uet.server.network.ClientHandler - [SERVER] Đã Xóa Client khỏi ClientManager thành công.
2026-05-31 17:13:04 [main] INFO  com.uet.server.network.ServerMain - --- CÓ 1 CLIENT VỪA KẾT NỐI! ---
2026-05-31 17:13:04 [Thread-4] INFO  c.u.s.s.ClientRequestDispatcher - Đang đăng nhập: nam
2026-05-31 17:13:05 [Thread-4] INFO  c.u.s.s.ClientRequestDispatcher - Đang đăng nhập: nam
2026-05-31 17:13:11 [Thread-4] INFO  c.u.s.s.ClientRequestDispatcher - Đang đăng nhập: nam
2026-05-31 17:13:11 [Thread-4] WARN  com.uet.server.database.dao.UserDAO - UserDAO: file not found: \root\uploads\avatars\3846757029_9e151168-33b1-4fad-97b4-c71411b402f2.png
2026-05-31 17:13:11 [Thread-4] INFO  com.uet.server.database.dao.UserDAO - [UserDAO] ⏰ Đã cập nhật mốc đăng nhập mới cho user ID: 3846757029
2026-05-31 17:13:11 [Thread-4] WARN  c.uet.server.database.dao.AuctionDAO - Không thể đọc file ảnh sản phẩm từ path: file://D:\root\uploads/products/1683432468_af6a8c87-3017-4934-a942-ec87220b29dd.png, lỗi: Illegal char <:> at index 3: /D:\root\uploads/products/1683432468_af6a8c87-3017-4934-a942-ec87220b29dd.png
2026-05-31 17:13:11 [Thread-4] WARN  c.uet.server.database.dao.AuctionDAO - Không thể đọc file ảnh sản phẩm từ path: file://D:\root\uploads/products/1683432468_48b2a990-8973-4311-8ca5-41da698fe32c.png, lỗi: Illegal char <:> at index 3: /D:\root\uploads/products/1683432468_48b2a990-8973-4311-8ca5-41da698fe32c.png
2026-05-31 17:15:13 [Thread-4] WARN  c.uet.server.network.ClientHandler - Server: Không thể gửi phản hồi do Client đã chủ động ngắt kết nối vật lý (Đăng xuất/Tắt app).
2026-05-31 17:15:13 [Thread-4] INFO  c.uet.server.network.ClientHandler - [SERVER] Đã giải phóng hoàn toàn kết nối Socket vật lý.
2026-05-31 17:15:13 [Thread-4] INFO  c.uet.server.network.ClientHandler - [SERVER] Đã Xóa Client khỏi ClientManager thành công.
2026-05-31 17:15:18 [main] INFO  com.uet.server.network.ServerMain - --- CÓ 1 CLIENT VỪA KẾT NỐI! ---
2026-05-31 17:15:18 [Thread-5] INFO  c.u.s.s.ClientRequestDispatcher - Đang đăng nhập: nam3
2026-05-31 17:15:18 [Thread-5] WARN  com.uet.server.database.dao.UserDAO - UserDAO: file not found: \root\uploads\avatars\3773878850_7469c080-dc11-43f5-b1f8-cd2a7ec204f9.png
2026-05-31 17:15:18 [Thread-5] INFO  com.uet.server.database.dao.UserDAO - [UserDAO] ⏰ Đã cập nhật mốc đăng nhập mới cho user ID: 3773878850
2026-05-31 17:15:18 [Thread-5] WARN  c.uet.server.database.dao.AuctionDAO - Không thể đọc file ảnh sản phẩm từ path: file://D:\root\uploads/products/1683432468_af6a8c87-3017-4934-a942-ec87220b29dd.png, lỗi: Illegal char <:> at index 3: /D:\root\uploads/products/1683432468_af6a8c87-3017-4934-a942-ec87220b29dd.png
2026-05-31 17:15:18 [Thread-5] WARN  c.uet.server.database.dao.AuctionDAO - Không thể đọc file ảnh sản phẩm từ path: file://D:\root\uploads/products/1683432468_48b2a990-8973-4311-8ca5-41da698fe32c.png, lỗi: Illegal char <:> at index 3: /D:\root\uploads/products/1683432468_48b2a990-8973-4311-8ca5-41da698fe32c.png
2026-05-31 17:15:21 [Thread-5] WARN  c.uet.server.database.dao.AuctionDAO - Không thể đọc file ảnh sản phẩm từ path: file://D:\root\uploads/products/1683432468_af6a8c87-3017-4934-a942-ec87220b29dd.png, lỗi: Illegal char <:> at index 3: /D:\root\uploads/products/1683432468_af6a8c87-3017-4934-a942-ec87220b29dd.png
2026-05-31 17:15:21 [Thread-5] WARN  c.uet.server.database.dao.AuctionDAO - Không thể đọc file ảnh sản phẩm từ path: file://D:\root\uploads/products/3773878850_dadc9a22-3506-475e-88d9-6cb7b5d6d627.png, lỗi: Illegal char <:> at index 3: /D:\root\uploads/products/3773878850_dadc9a22-3506-475e-88d9-6cb7b5d6d627.png
2026-05-31 17:15:30 [Thread-5] INFO  c.u.s.s.ClientRequestDispatcher - [Server] Đang xử lý lấy thông báo cho User ID: 3773878850
2026-05-31 17:15:30 [Thread-5] INFO  c.u.s.s.ClientRequestDispatcher - [Server] Đã tìm thấy 1 thông báo trong DB của User: 3773878850
2026-05-31 17:15:30 [Thread-5] INFO  c.u.s.s.ClientRequestDispatcher - [Server] Đã bắn gói tin phản hồi thành công về Client.
2026-05-31 17:15:49 [Thread-5] WARN  c.uet.server.network.ClientHandler - Server: Không thể gửi phản hồi do Client đã chủ động ngắt kết nối vật lý (Đăng xuất/Tắt app).
2026-05-31 17:15:49 [Thread-5] INFO  c.uet.server.network.ClientHandler - [SERVER] Đã giải phóng hoàn toàn kết nối Socket vật lý.
2026-05-31 17:15:49 [Thread-5] INFO  c.uet.server.network.ClientHandler - [SERVER] Đã Xóa Client khỏi ClientManager thành công.
2026-05-31 17:15:52 [main] INFO  com.uet.server.network.ServerMain - --- CÓ 1 CLIENT VỪA KẾT NỐI! ---
2026-05-31 17:15:52 [Thread-6] INFO  c.u.s.s.ClientRequestDispatcher - Đang đăng nhập: nam3
2026-05-31 17:15:52 [Thread-6] WARN  com.uet.server.database.dao.UserDAO - UserDAO: file not found: \root\uploads\avatars\3773878850_7469c080-dc11-43f5-b1f8-cd2a7ec204f9.png
2026-05-31 17:15:52 [Thread-6] INFO  com.uet.server.database.dao.UserDAO - [UserDAO] ⏰ Đã cập nhật mốc đăng nhập mới cho user ID: 3773878850
2026-05-31 17:15:52 [Thread-6] WARN  c.uet.server.database.dao.AuctionDAO - Không thể đọc file ảnh sản phẩm từ path: file://D:\root\uploads/products/1683432468_af6a8c87-3017-4934-a942-ec87220b29dd.png, lỗi: Illegal char <:> at index 3: /D:\root\uploads/products/1683432468_af6a8c87-3017-4934-a942-ec87220b29dd.png
2026-05-31 17:15:52 [Thread-6] WARN  c.uet.server.database.dao.AuctionDAO - Không thể đọc file ảnh sản phẩm từ path: file://D:\root\uploads/products/1683432468_48b2a990-8973-4311-8ca5-41da698fe32c.png, lỗi: Illegal char <:> at index 3: /D:\root\uploads/products/1683432468_48b2a990-8973-4311-8ca5-41da698fe32c.png
2026-05-31 17:16:39 [Thread-6] INFO  c.uet.server.service.AuctionService - [SERVER] Đã lưu ảnh sản phẩm chờ duyệt tại path: file://D:\root\uploads/products/3773878850_eb392a4d-d387-4a70-ab97-536ed4b43387.png
2026-05-31 17:16:39 [Thread-6] INFO  c.uet.server.database.dao.AuctionDAO - [DATABASE SUCCESS] Tạo thành công Item ID: 1924204124 và Auction ID: 8969258191
2026-05-31 17:16:39 [Thread-6] INFO  c.uet.server.service.AuctionService - [SERVER] Sản phẩm của User 3773878850 đang ở trạng thái PENDING.
2026-05-31 17:16:39 [Thread-6] INFO  com.uet.server.database.dao.UserDAO - [Notification] Đã tạo thông báo mới cho User 3773878850: Chờ duyệt sản phẩm
2026-05-31 17:16:39 [Thread-6] WARN  c.uet.server.database.dao.AuctionDAO - Không thể đọc file ảnh sản phẩm từ path: file://D:\root\uploads/products/1683432468_af6a8c87-3017-4934-a942-ec87220b29dd.png, lỗi: Illegal char <:> at index 3: /D:\root\uploads/products/1683432468_af6a8c87-3017-4934-a942-ec87220b29dd.png
2026-05-31 17:16:39 [Thread-6] WARN  c.uet.server.database.dao.AuctionDAO - Không thể đọc file ảnh sản phẩm từ path: file://D:\root\uploads/products/1683432468_48b2a990-8973-4311-8ca5-41da698fe32c.png, lỗi: Illegal char <:> at index 3: /D:\root\uploads/products/1683432468_48b2a990-8973-4311-8ca5-41da698fe32c.png
2026-05-31 17:16:44 [Thread-6] WARN  c.uet.server.network.ClientHandler - Server: Không thể gửi phản hồi do Client đã chủ động ngắt kết nối vật lý (Đăng xuất/Tắt app).
2026-05-31 17:16:44 [Thread-6] INFO  c.uet.server.network.ClientHandler - [SERVER] Đã giải phóng hoàn toàn kết nối Socket vật lý.
2026-05-31 17:16:44 [Thread-6] INFO  c.uet.server.network.ClientHandler - [SERVER] Đã Xóa Client khỏi ClientManager thành công.
2026-05-31 17:16:57 [main] INFO  com.uet.server.network.ServerMain - --- CÓ 1 CLIENT VỪA KẾT NỐI! ---
2026-05-31 17:16:57 [Thread-7] INFO  c.u.s.s.ClientRequestDispatcher - Đang đăng nhập: admin1
2026-05-31 17:16:57 [Thread-7] INFO  com.uet.server.database.dao.UserDAO - [UserDAO] ⏰ Đã cập nhật mốc đăng nhập mới cho user ID: U001
2026-05-31 17:16:58 [Thread-7] INFO  c.u.s.service.AuctionRealtimeService - ==> Admin đang yêu cầu tải toàn bộ danh sách phiên đấu giá!
2026-05-31 17:17:00 [Thread-7] INFO  com.uet.server.database.dao.UserDAO - [Notification] Đã xóa 1 thông báo cũ chứa từ khóa 'Sản phẩm '55' đang chờ Admin duyệt' của User 3773878850
2026-05-31 17:17:00 [Thread-7] INFO  com.uet.server.database.dao.UserDAO - [Notification] Đã tạo thông báo mới cho User 3773878850: Sản phẩm đã duyệt
2026-05-31 17:17:00 [Thread-7] INFO  c.u.s.service.AuctionRealtimeService - ==> Admin đang yêu cầu tải toàn bộ danh sách phiên đấu giá!
2026-05-31 17:17:02 [Thread-7] WARN  c.uet.server.network.ClientHandler - Server: Không thể gửi phản hồi do Client đã chủ động ngắt kết nối vật lý (Đăng xuất/Tắt app).
2026-05-31 17:17:02 [Thread-7] INFO  c.uet.server.network.ClientHandler - [SERVER] Đã giải phóng hoàn toàn kết nối Socket vật lý.
2026-05-31 17:17:02 [Thread-7] INFO  c.uet.server.network.ClientHandler - [SERVER] Đã Xóa Client khỏi ClientManager thành công.
2026-05-31 17:17:10 [main] INFO  com.uet.server.network.ServerMain - --- CÓ 1 CLIENT VỪA KẾT NỐI! ---
2026-05-31 17:17:10 [Thread-8] INFO  c.u.s.s.ClientRequestDispatcher - Đang đăng nhập: nam1
2026-05-31 17:17:13 [Thread-8] INFO  c.u.s.s.ClientRequestDispatcher - Đang đăng nhập: nam
2026-05-31 17:17:13 [Thread-8] WARN  com.uet.server.database.dao.UserDAO - UserDAO: file not found: \root\uploads\avatars\3846757029_9e151168-33b1-4fad-97b4-c71411b402f2.png
2026-05-31 17:17:13 [Thread-8] INFO  com.uet.server.database.dao.UserDAO - [UserDAO] ⏰ Đã cập nhật mốc đăng nhập mới cho user ID: 3846757029
2026-05-31 17:17:13 [Thread-8] WARN  c.uet.server.database.dao.AuctionDAO - Không thể đọc file ảnh sản phẩm từ path: file://D:\root\uploads/products/1683432468_af6a8c87-3017-4934-a942-ec87220b29dd.png, lỗi: Illegal char <:> at index 3: /D:\root\uploads/products/1683432468_af6a8c87-3017-4934-a942-ec87220b29dd.png
2026-05-31 17:17:13 [Thread-8] WARN  c.uet.server.database.dao.AuctionDAO - Không thể đọc file ảnh sản phẩm từ path: file://D:\root\uploads/products/1683432468_48b2a990-8973-4311-8ca5-41da698fe32c.png, lỗi: Illegal char <:> at index 3: /D:\root\uploads/products/1683432468_48b2a990-8973-4311-8ca5-41da698fe32c.png
2026-05-31 17:17:36 [Thread-8] WARN  c.uet.server.database.dao.AuctionDAO - Không thể đọc file ảnh sản phẩm từ path: file://D:\root\uploads/products/1683432468_af6a8c87-3017-4934-a942-ec87220b29dd.png, lỗi: Illegal char <:> at index 3: /D:\root\uploads/products/1683432468_af6a8c87-3017-4934-a942-ec87220b29dd.png
2026-05-31 17:17:36 [Thread-8] WARN  c.uet.server.database.dao.AuctionDAO - Không thể đọc file ảnh sản phẩm từ path: file://D:\root\uploads/products/1683432468_48b2a990-8973-4311-8ca5-41da698fe32c.png, lỗi: Illegal char <:> at index 3: /D:\root\uploads/products/1683432468_48b2a990-8973-4311-8ca5-41da698fe32c.png
2026-05-31 17:18:03 [pool-1-thread-1] INFO  c.uet.server.database.dao.AuctionDAO - [Scheduler] Đã kích hoạt 1 phiên đấu giá sang trạng thái RUNNING!
2026-05-31 17:18:03 [pool-1-thread-1] INFO  com.uet.server.database.dao.UserDAO - [Notification] Đã xóa 1 thông báo cũ chứa từ khóa 'Sản phẩm '55' đã được phê duyệt' của User 3773878850
2026-05-31 17:18:03 [pool-1-thread-1] INFO  com.uet.server.database.dao.UserDAO - [Notification] Đã tạo thông báo mới cho User 3773878850: Đang đấu giá
2026-05-31 17:18:03 [pool-1-thread-1] INFO  c.u.server.service.AuctionScheduler - [Scheduler] Phát hiện có thay đổi danh sách phiên đấu giá (Kích hoạt: 1, Kết thúc: 0). Tiến hành Broadcast...
2026-05-31 17:18:03 [pool-1-thread-1] WARN  c.uet.server.database.dao.AuctionDAO - Không thể đọc file ảnh sản phẩm từ path: file://D:\root\uploads/products/3773878850_eb392a4d-d387-4a70-ab97-536ed4b43387.png, lỗi: Illegal char <:> at index 3: /D:\root\uploads/products/3773878850_eb392a4d-d387-4a70-ab97-536ed4b43387.png
2026-05-31 17:18:03 [pool-1-thread-1] WARN  c.uet.server.database.dao.AuctionDAO - Không thể đọc file ảnh sản phẩm từ path: file://D:\root\uploads/products/1683432468_af6a8c87-3017-4934-a942-ec87220b29dd.png, lỗi: Illegal char <:> at index 3: /D:\root\uploads/products/1683432468_af6a8c87-3017-4934-a942-ec87220b29dd.png
2026-05-31 17:18:03 [pool-1-thread-1] WARN  c.uet.server.database.dao.AuctionDAO - Không thể đọc file ảnh sản phẩm từ path: file://D:\root\uploads/products/1683432468_48b2a990-8973-4311-8ca5-41da698fe32c.png, lỗi: Illegal char <:> at index 3: /D:\root\uploads/products/1683432468_48b2a990-8973-4311-8ca5-41da698fe32c.png
2026-05-31 17:18:05 [Thread-8] INFO  c.uet.server.network.ClientManager - Client joined auction: 8969258191
2026-05-31 17:18:05 [Thread-8] WARN  c.uet.server.database.dao.AuctionDAO - Không thể đọc file ảnh sản phẩm từ path: file://D:\root\uploads/products/3773878850_eb392a4d-d387-4a70-ab97-536ed4b43387.png, lỗi: Illegal char <:> at index 3: /D:\root\uploads/products/3773878850_eb392a4d-d387-4a70-ab97-536ed4b43387.png
2026-05-31 17:18:13 [Thread-8] INFO  c.u.s.service.AuctionRealtimeService - Nhận đặt giá mới: auctionId=8969258191, bidderId=3846757029, amount=200000.0
2026-05-31 17:18:13 [Thread-8] WARN  c.uet.server.database.dao.AuctionDAO - Không thể đọc file ảnh sản phẩm từ path: file://D:\root\uploads/products/3773878850_eb392a4d-d387-4a70-ab97-536ed4b43387.png, lỗi: Illegal char <:> at index 3: /D:\root\uploads/products/3773878850_eb392a4d-d387-4a70-ab97-536ed4b43387.png
2026-05-31 17:18:13 [Thread-8] WARN  c.uet.server.database.dao.AuctionDAO - Không thể đọc file ảnh sản phẩm từ path: file://D:\root\uploads/products/1683432468_af6a8c87-3017-4934-a942-ec87220b29dd.png, lỗi: Illegal char <:> at index 3: /D:\root\uploads/products/1683432468_af6a8c87-3017-4934-a942-ec87220b29dd.png
2026-05-31 17:18:13 [Thread-8] WARN  c.uet.server.database.dao.AuctionDAO - Không thể đọc file ảnh sản phẩm từ path: file://D:\root\uploads/products/1683432468_48b2a990-8973-4311-8ca5-41da698fe32c.png, lỗi: Illegal char <:> at index 3: /D:\root\uploads/products/1683432468_48b2a990-8973-4311-8ca5-41da698fe32c.png
2026-05-31 17:18:31 [Thread-8] INFO  c.u.s.service.AuctionRealtimeService - Nhận đặt giá mới: auctionId=8969258191, bidderId=3846757029, amount=200001.0
2026-05-31 17:18:31 [Thread-8] WARN  c.uet.server.database.dao.AuctionDAO - Không thể đọc file ảnh sản phẩm từ path: file://D:\root\uploads/products/3773878850_eb392a4d-d387-4a70-ab97-536ed4b43387.png, lỗi: Illegal char <:> at index 3: /D:\root\uploads/products/3773878850_eb392a4d-d387-4a70-ab97-536ed4b43387.png
2026-05-31 17:18:31 [Thread-8] WARN  c.uet.server.database.dao.AuctionDAO - Không thể đọc file ảnh sản phẩm từ path: file://D:\root\uploads/products/1683432468_af6a8c87-3017-4934-a942-ec87220b29dd.png, lỗi: Illegal char <:> at index 3: /D:\root\uploads/products/1683432468_af6a8c87-3017-4934-a942-ec87220b29dd.png
2026-05-31 17:18:31 [Thread-8] WARN  c.uet.server.database.dao.AuctionDAO - Không thể đọc file ảnh sản phẩm từ path: file://D:\root\uploads/products/1683432468_48b2a990-8973-4311-8ca5-41da698fe32c.png, lỗi: Illegal char <:> at index 3: /D:\root\uploads/products/1683432468_48b2a990-8973-4311-8ca5-41da698fe32c.png
2026-05-31 17:18:41 [Thread-8] INFO  c.u.s.service.AuctionRealtimeService - Nhận đặt giá mới: auctionId=8969258191, bidderId=3846757029, amount=300000.0
2026-05-31 17:18:41 [Thread-8] WARN  c.uet.server.database.dao.AuctionDAO - Không thể đọc file ảnh sản phẩm từ path: file://D:\root\uploads/products/3773878850_eb392a4d-d387-4a70-ab97-536ed4b43387.png, lỗi: Illegal char <:> at index 3: /D:\root\uploads/products/3773878850_eb392a4d-d387-4a70-ab97-536ed4b43387.png
2026-05-31 17:18:41 [Thread-8] WARN  c.uet.server.database.dao.AuctionDAO - Không thể đọc file ảnh sản phẩm từ path: file://D:\root\uploads/products/1683432468_af6a8c87-3017-4934-a942-ec87220b29dd.png, lỗi: Illegal char <:> at index 3: /D:\root\uploads/products/1683432468_af6a8c87-3017-4934-a942-ec87220b29dd.png
2026-05-31 17:18:41 [Thread-8] WARN  c.uet.server.database.dao.AuctionDAO - Không thể đọc file ảnh sản phẩm từ path: file://D:\root\uploads/products/1683432468_48b2a990-8973-4311-8ca5-41da698fe32c.png, lỗi: Illegal char <:> at index 3: /D:\root\uploads/products/1683432468_48b2a990-8973-4311-8ca5-41da698fe32c.png
2026-05-31 17:18:51 [Thread-8] INFO  c.u.s.service.AuctionRealtimeService - Nhận đặt giá mới: auctionId=8969258191, bidderId=3846757029, amount=300001.0
2026-05-31 17:18:51 [Thread-8] WARN  c.uet.server.database.dao.AuctionDAO - Không thể đọc file ảnh sản phẩm từ path: file://D:\root\uploads/products/3773878850_eb392a4d-d387-4a70-ab97-536ed4b43387.png, lỗi: Illegal char <:> at index 3: /D:\root\uploads/products/3773878850_eb392a4d-d387-4a70-ab97-536ed4b43387.png
2026-05-31 17:18:51 [Thread-8] WARN  c.uet.server.database.dao.AuctionDAO - Không thể đọc file ảnh sản phẩm từ path: file://D:\root\uploads/products/1683432468_af6a8c87-3017-4934-a942-ec87220b29dd.png, lỗi: Illegal char <:> at index 3: /D:\root\uploads/products/1683432468_af6a8c87-3017-4934-a942-ec87220b29dd.png
2026-05-31 17:18:51 [Thread-8] WARN  c.uet.server.database.dao.AuctionDAO - Không thể đọc file ảnh sản phẩm từ path: file://D:\root\uploads/products/1683432468_48b2a990-8973-4311-8ca5-41da698fe32c.png, lỗi: Illegal char <:> at index 3: /D:\root\uploads/products/1683432468_48b2a990-8973-4311-8ca5-41da698fe32c.png
2026-05-31 17:19:01 [Thread-8] INFO  c.u.s.service.AuctionRealtimeService - Nhận đặt giá mới: auctionId=8969258191, bidderId=3846757029, amount=300003.0
2026-05-31 17:19:01 [Thread-8] WARN  c.uet.server.database.dao.AuctionDAO - Không thể đọc file ảnh sản phẩm từ path: file://D:\root\uploads/products/3773878850_eb392a4d-d387-4a70-ab97-536ed4b43387.png, lỗi: Illegal char <:> at index 3: /D:\root\uploads/products/3773878850_eb392a4d-d387-4a70-ab97-536ed4b43387.png
2026-05-31 17:19:01 [Thread-8] WARN  c.uet.server.database.dao.AuctionDAO - Không thể đọc file ảnh sản phẩm từ path: file://D:\root\uploads/products/1683432468_af6a8c87-3017-4934-a942-ec87220b29dd.png, lỗi: Illegal char <:> at index 3: /D:\root\uploads/products/1683432468_af6a8c87-3017-4934-a942-ec87220b29dd.png
2026-05-31 17:19:01 [Thread-8] WARN  c.uet.server.database.dao.AuctionDAO - Không thể đọc file ảnh sản phẩm từ path: file://D:\root\uploads/products/1683432468_48b2a990-8973-4311-8ca5-41da698fe32c.png, lỗi: Illegal char <:> at index 3: /D:\root\uploads/products/1683432468_48b2a990-8973-4311-8ca5-41da698fe32c.png
2026-05-31 17:19:11 [Thread-8] INFO  c.u.s.service.AuctionRealtimeService - Nhận đặt giá mới: auctionId=8969258191, bidderId=3846757029, amount=400000.0
2026-05-31 17:19:11 [Thread-8] WARN  c.uet.server.database.dao.AuctionDAO - Không thể đọc file ảnh sản phẩm từ path: file://D:\root\uploads/products/3773878850_eb392a4d-d387-4a70-ab97-536ed4b43387.png, lỗi: Illegal char <:> at index 3: /D:\root\uploads/products/3773878850_eb392a4d-d387-4a70-ab97-536ed4b43387.png
2026-05-31 17:19:11 [Thread-8] WARN  c.uet.server.database.dao.AuctionDAO - Không thể đọc file ảnh sản phẩm từ path: file://D:\root\uploads/products/1683432468_af6a8c87-3017-4934-a942-ec87220b29dd.png, lỗi: Illegal char <:> at index 3: /D:\root\uploads/products/1683432468_af6a8c87-3017-4934-a942-ec87220b29dd.png
2026-05-31 17:19:11 [Thread-8] WARN  c.uet.server.database.dao.AuctionDAO - Không thể đọc file ảnh sản phẩm từ path: file://D:\root\uploads/products/1683432468_48b2a990-8973-4311-8ca5-41da698fe32c.png, lỗi: Illegal char <:> at index 3: /D:\root\uploads/products/1683432468_48b2a990-8973-4311-8ca5-41da698fe32c.png
2026-05-31 17:19:14 [Thread-8] INFO  c.uet.server.network.ClientManager - Client left auction: 8969258191
2026-05-31 17:19:14 [Thread-8] WARN  c.uet.server.database.dao.AuctionDAO - Không thể đọc file ảnh sản phẩm từ path: file://D:\root\uploads/products/3773878850_eb392a4d-d387-4a70-ab97-536ed4b43387.png, lỗi: Illegal char <:> at index 3: /D:\root\uploads/products/3773878850_eb392a4d-d387-4a70-ab97-536ed4b43387.png
2026-05-31 17:19:14 [Thread-8] WARN  c.uet.server.database.dao.AuctionDAO - Không thể đọc file ảnh sản phẩm từ path: file://D:\root\uploads/products/1683432468_af6a8c87-3017-4934-a942-ec87220b29dd.png, lỗi: Illegal char <:> at index 3: /D:\root\uploads/products/1683432468_af6a8c87-3017-4934-a942-ec87220b29dd.png
2026-05-31 17:19:14 [Thread-8] WARN  c.uet.server.database.dao.AuctionDAO - Không thể đọc file ảnh sản phẩm từ path: file://D:\root\uploads/products/1683432468_48b2a990-8973-4311-8ca5-41da698fe32c.png, lỗi: Illegal char <:> at index 3: /D:\root\uploads/products/1683432468_48b2a990-8973-4311-8ca5-41da698fe32c.png
2026-05-31 17:19:17 [Thread-8] INFO  c.uet.server.network.ClientManager - Client joined auction: 8969258191
2026-05-31 17:19:17 [Thread-8] WARN  c.uet.server.database.dao.AuctionDAO - Không thể đọc file ảnh sản phẩm từ path: file://D:\root\uploads/products/3773878850_eb392a4d-d387-4a70-ab97-536ed4b43387.png, lỗi: Illegal char <:> at index 3: /D:\root\uploads/products/3773878850_eb392a4d-d387-4a70-ab97-536ed4b43387.png
2026-05-31 17:19:24 [Thread-8] INFO  c.u.s.service.AuctionRealtimeService - Nhận đặt giá mới: auctionId=8969258191, bidderId=3846757029, amount=400001.0
2026-05-31 17:19:24 [Thread-8] WARN  c.uet.server.database.dao.AuctionDAO - Không thể đọc file ảnh sản phẩm từ path: file://D:\root\uploads/products/3773878850_eb392a4d-d387-4a70-ab97-536ed4b43387.png, lỗi: Illegal char <:> at index 3: /D:\root\uploads/products/3773878850_eb392a4d-d387-4a70-ab97-536ed4b43387.png
2026-05-31 17:19:24 [Thread-8] WARN  c.uet.server.database.dao.AuctionDAO - Không thể đọc file ảnh sản phẩm từ path: file://D:\root\uploads/products/1683432468_af6a8c87-3017-4934-a942-ec87220b29dd.png, lỗi: Illegal char <:> at index 3: /D:\root\uploads/products/1683432468_af6a8c87-3017-4934-a942-ec87220b29dd.png
2026-05-31 17:19:24 [Thread-8] WARN  c.uet.server.database.dao.AuctionDAO - Không thể đọc file ảnh sản phẩm từ path: file://D:\root\uploads/products/1683432468_48b2a990-8973-4311-8ca5-41da698fe32c.png, lỗi: Illegal char <:> at index 3: /D:\root\uploads/products/1683432468_48b2a990-8973-4311-8ca5-41da698fe32c.png
2026-05-31 17:19:27 [Thread-8] INFO  c.uet.server.network.ClientManager - Client left auction: 8969258191
2026-05-31 17:19:27 [Thread-8] WARN  c.uet.server.database.dao.AuctionDAO - Không thể đọc file ảnh sản phẩm từ path: file://D:\root\uploads/products/3773878850_eb392a4d-d387-4a70-ab97-536ed4b43387.png, lỗi: Illegal char <:> at index 3: /D:\root\uploads/products/3773878850_eb392a4d-d387-4a70-ab97-536ed4b43387.png
2026-05-31 17:19:27 [Thread-8] WARN  c.uet.server.database.dao.AuctionDAO - Không thể đọc file ảnh sản phẩm từ path: file://D:\root\uploads/products/1683432468_af6a8c87-3017-4934-a942-ec87220b29dd.png, lỗi: Illegal char <:> at index 3: /D:\root\uploads/products/1683432468_af6a8c87-3017-4934-a942-ec87220b29dd.png
2026-05-31 17:19:27 [Thread-8] WARN  c.uet.server.database.dao.AuctionDAO - Không thể đọc file ảnh sản phẩm từ path: file://D:\root\uploads/products/1683432468_48b2a990-8973-4311-8ca5-41da698fe32c.png, lỗi: Illegal char <:> at index 3: /D:\root\uploads/products/1683432468_48b2a990-8973-4311-8ca5-41da698fe32c.png
2026-05-31 17:19:29 [Thread-8] INFO  c.uet.server.network.ClientManager - Client joined auction: 8969258191
2026-05-31 17:19:29 [Thread-8] WARN  c.uet.server.database.dao.AuctionDAO - Không thể đọc file ảnh sản phẩm từ path: file://D:\root\uploads/products/3773878850_eb392a4d-d387-4a70-ab97-536ed4b43387.png, lỗi: Illegal char <:> at index 3: /D:\root\uploads/products/3773878850_eb392a4d-d387-4a70-ab97-536ed4b43387.png
2026-05-31 17:19:37 [Thread-8] INFO  c.u.s.service.AuctionRealtimeService - Nhận đặt giá mới: auctionId=8969258191, bidderId=3846757029, amount=500000.0
2026-05-31 17:19:37 [Thread-8] WARN  c.uet.server.database.dao.AuctionDAO - Không thể đọc file ảnh sản phẩm từ path: file://D:\root\uploads/products/3773878850_eb392a4d-d387-4a70-ab97-536ed4b43387.png, lỗi: Illegal char <:> at index 3: /D:\root\uploads/products/3773878850_eb392a4d-d387-4a70-ab97-536ed4b43387.png
2026-05-31 17:19:37 [Thread-8] WARN  c.uet.server.database.dao.AuctionDAO - Không thể đọc file ảnh sản phẩm từ path: file://D:\root\uploads/products/1683432468_af6a8c87-3017-4934-a942-ec87220b29dd.png, lỗi: Illegal char <:> at index 3: /D:\root\uploads/products/1683432468_af6a8c87-3017-4934-a942-ec87220b29dd.png
2026-05-31 17:19:37 [Thread-8] WARN  c.uet.server.database.dao.AuctionDAO - Không thể đọc file ảnh sản phẩm từ path: file://D:\root\uploads/products/1683432468_48b2a990-8973-4311-8ca5-41da698fe32c.png, lỗi: Illegal char <:> at index 3: /D:\root\uploads/products/1683432468_48b2a990-8973-4311-8ca5-41da698fe32c.png
2026-05-31 17:19:47 [Thread-8] INFO  c.u.s.service.AuctionRealtimeService - Nhận đặt giá mới: auctionId=8969258191, bidderId=3846757029, amount=600000.0
2026-05-31 17:19:47 [Thread-8] WARN  c.uet.server.database.dao.AuctionDAO - Không thể đọc file ảnh sản phẩm từ path: file://D:\root\uploads/products/3773878850_eb392a4d-d387-4a70-ab97-536ed4b43387.png, lỗi: Illegal char <:> at index 3: /D:\root\uploads/products/3773878850_eb392a4d-d387-4a70-ab97-536ed4b43387.png
2026-05-31 17:19:47 [Thread-8] WARN  c.uet.server.database.dao.AuctionDAO - Không thể đọc file ảnh sản phẩm từ path: file://D:\root\uploads/products/1683432468_af6a8c87-3017-4934-a942-ec87220b29dd.png, lỗi: Illegal char <:> at index 3: /D:\root\uploads/products/1683432468_af6a8c87-3017-4934-a942-ec87220b29dd.png
2026-05-31 17:19:47 [Thread-8] WARN  c.uet.server.database.dao.AuctionDAO - Không thể đọc file ảnh sản phẩm từ path: file://D:\root\uploads/products/1683432468_48b2a990-8973-4311-8ca5-41da698fe32c.png, lỗi: Illegal char <:> at index 3: /D:\root\uploads/products/1683432468_48b2a990-8973-4311-8ca5-41da698fe32c.png
2026-05-31 17:19:57 [Thread-8] INFO  c.u.s.service.AuctionRealtimeService - Nhận đặt giá mới: auctionId=8969258191, bidderId=3846757029, amount=700000.0
2026-05-31 17:19:57 [Thread-8] WARN  c.uet.server.database.dao.AuctionDAO - Không thể đọc file ảnh sản phẩm từ path: file://D:\root\uploads/products/3773878850_eb392a4d-d387-4a70-ab97-536ed4b43387.png, lỗi: Illegal char <:> at index 3: /D:\root\uploads/products/3773878850_eb392a4d-d387-4a70-ab97-536ed4b43387.png
2026-05-31 17:19:57 [Thread-8] WARN  c.uet.server.database.dao.AuctionDAO - Không thể đọc file ảnh sản phẩm từ path: file://D:\root\uploads/products/1683432468_af6a8c87-3017-4934-a942-ec87220b29dd.png, lỗi: Illegal char <:> at index 3: /D:\root\uploads/products/1683432468_af6a8c87-3017-4934-a942-ec87220b29dd.png
2026-05-31 17:19:57 [Thread-8] WARN  c.uet.server.database.dao.AuctionDAO - Không thể đọc file ảnh sản phẩm từ path: file://D:\root\uploads/products/1683432468_48b2a990-8973-4311-8ca5-41da698fe32c.png, lỗi: Illegal char <:> at index 3: /D:\root\uploads/products/1683432468_48b2a990-8973-4311-8ca5-41da698fe32c.png
2026-05-31 17:20:05 [Thread-8] INFO  c.u.s.service.AuctionRealtimeService - Nhận đặt giá mới: auctionId=8969258191, bidderId=3846757029, amount=800000.0
2026-05-31 17:20:05 [Thread-8] WARN  c.uet.server.database.dao.AuctionDAO - Không thể đọc file ảnh sản phẩm từ path: file://D:\root\uploads/products/3773878850_eb392a4d-d387-4a70-ab97-536ed4b43387.png, lỗi: Illegal char <:> at index 3: /D:\root\uploads/products/3773878850_eb392a4d-d387-4a70-ab97-536ed4b43387.png
2026-05-31 17:20:05 [Thread-8] WARN  c.uet.server.database.dao.AuctionDAO - Không thể đọc file ảnh sản phẩm từ path: file://D:\root\uploads/products/1683432468_af6a8c87-3017-4934-a942-ec87220b29dd.png, lỗi: Illegal char <:> at index 3: /D:\root\uploads/products/1683432468_af6a8c87-3017-4934-a942-ec87220b29dd.png
2026-05-31 17:20:05 [Thread-8] WARN  c.uet.server.database.dao.AuctionDAO - Không thể đọc file ảnh sản phẩm từ path: file://D:\root\uploads/products/1683432468_48b2a990-8973-4311-8ca5-41da698fe32c.png, lỗi: Illegal char <:> at index 3: /D:\root\uploads/products/1683432468_48b2a990-8973-4311-8ca5-41da698fe32c.png
2026-05-31 17:20:15 [Thread-8] INFO  c.u.s.service.AuctionRealtimeService - Nhận đặt giá mới: auctionId=8969258191, bidderId=3846757029, amount=899999.0
2026-05-31 17:20:15 [Thread-8] WARN  c.uet.server.database.dao.AuctionDAO - Không thể đọc file ảnh sản phẩm từ path: file://D:\root\uploads/products/3773878850_eb392a4d-d387-4a70-ab97-536ed4b43387.png, lỗi: Illegal char <:> at index 3: /D:\root\uploads/products/3773878850_eb392a4d-d387-4a70-ab97-536ed4b43387.png
2026-05-31 17:20:15 [Thread-8] WARN  c.uet.server.database.dao.AuctionDAO - Không thể đọc file ảnh sản phẩm từ path: file://D:\root\uploads/products/1683432468_af6a8c87-3017-4934-a942-ec87220b29dd.png, lỗi: Illegal char <:> at index 3: /D:\root\uploads/products/1683432468_af6a8c87-3017-4934-a942-ec87220b29dd.png
2026-05-31 17:20:15 [Thread-8] WARN  c.uet.server.database.dao.AuctionDAO - Không thể đọc file ảnh sản phẩm từ path: file://D:\root\uploads/products/1683432468_48b2a990-8973-4311-8ca5-41da698fe32c.png, lỗi: Illegal char <:> at index 3: /D:\root\uploads/products/1683432468_48b2a990-8973-4311-8ca5-41da698fe32c.png
2026-05-31 17:20:27 [Thread-8] INFO  c.u.s.service.AuctionRealtimeService - Nhận đặt giá mới: auctionId=8969258191, bidderId=3846757029, amount=1999000.0
2026-05-31 17:20:27 [Thread-8] WARN  c.uet.server.database.dao.AuctionDAO - Không thể đọc file ảnh sản phẩm từ path: file://D:\root\uploads/products/3773878850_eb392a4d-d387-4a70-ab97-536ed4b43387.png, lỗi: Illegal char <:> at index 3: /D:\root\uploads/products/3773878850_eb392a4d-d387-4a70-ab97-536ed4b43387.png
2026-05-31 17:20:27 [Thread-8] WARN  c.uet.server.database.dao.AuctionDAO - Không thể đọc file ảnh sản phẩm từ path: file://D:\root\uploads/products/1683432468_af6a8c87-3017-4934-a942-ec87220b29dd.png, lỗi: Illegal char <:> at index 3: /D:\root\uploads/products/1683432468_af6a8c87-3017-4934-a942-ec87220b29dd.png
2026-05-31 17:20:27 [Thread-8] WARN  c.uet.server.database.dao.AuctionDAO - Không thể đọc file ảnh sản phẩm từ path: file://D:\root\uploads/products/1683432468_48b2a990-8973-4311-8ca5-41da698fe32c.png, lỗi: Illegal char <:> at index 3: /D:\root\uploads/products/1683432468_48b2a990-8973-4311-8ca5-41da698fe32c.png
2026-05-31 17:20:56 [Thread-8] INFO  c.u.s.service.AuctionRealtimeService - Nhận đặt giá mới: auctionId=8969258191, bidderId=3846757029, amount=2.0E7
2026-05-31 17:20:56 [Thread-8] WARN  c.uet.server.database.dao.AuctionDAO - Không thể đọc file ảnh sản phẩm từ path: file://D:\root\uploads/products/3773878850_eb392a4d-d387-4a70-ab97-536ed4b43387.png, lỗi: Illegal char <:> at index 3: /D:\root\uploads/products/3773878850_eb392a4d-d387-4a70-ab97-536ed4b43387.png
2026-05-31 17:20:56 [Thread-8] WARN  c.uet.server.database.dao.AuctionDAO - Không thể đọc file ảnh sản phẩm từ path: file://D:\root\uploads/products/1683432468_af6a8c87-3017-4934-a942-ec87220b29dd.png, lỗi: Illegal char <:> at index 3: /D:\root\uploads/products/1683432468_af6a8c87-3017-4934-a942-ec87220b29dd.png
2026-05-31 17:20:56 [Thread-8] WARN  c.uet.server.database.dao.AuctionDAO - Không thể đọc file ảnh sản phẩm từ path: file://D:\root\uploads/products/1683432468_48b2a990-8973-4311-8ca5-41da698fe32c.png, lỗi: Illegal char <:> at index 3: /D:\root\uploads/products/1683432468_48b2a990-8973-4311-8ca5-41da698fe32c.png
2026-05-31 17:21:13 [pool-1-thread-1] INFO  com.uet.server.database.dao.UserDAO - [Notification] Đã xóa 1 thông báo cũ chứa từ khóa 'Sản phẩm '55' đã bắt đầu phiên đấu giá' của User 3773878850
2026-05-31 17:21:13 [pool-1-thread-1] INFO  com.uet.server.database.dao.UserDAO - [Notification] Đã tạo thông báo mới cho User 3773878850: Đấu giá kết thúc
2026-05-31 17:21:13 [pool-1-thread-1] INFO  c.uet.server.database.dao.AuctionDAO - [Scheduler] Giao dịch thành công phiên 8969258191:
   -> Đã trừ 2.0E7đ từ người mua (3846757029)
   -> Đã cộng 2.0E7đ vào người bán (3773878850)
2026-05-31 17:21:13 [pool-1-thread-1] INFO  com.uet.server.database.dao.UserDAO - [Notification] Đã tạo thông báo mới cho User 3846757029: Trúng đấu giá
2026-05-31 17:21:13 [pool-1-thread-1] INFO  com.uet.server.database.dao.UserDAO - [Notification] Đã tạo thông báo mới cho User 3773878850: Giao dịch thành công
2026-05-31 17:21:13 [Thread-8] INFO  c.uet.server.network.ClientManager - Client joined auction: 8969258191
2026-05-31 17:21:13 [pool-1-thread-1] INFO  c.u.server.service.AuctionScheduler - [Scheduler] Phát hiện có thay đổi danh sách phiên đấu giá (Kích hoạt: 0, Kết thúc: 1). Tiến hành Broadcast...
2026-05-31 17:21:13 [Thread-8] WARN  c.uet.server.database.dao.AuctionDAO - Không thể đọc file ảnh sản phẩm từ path: file://D:\root\uploads/products/3773878850_eb392a4d-d387-4a70-ab97-536ed4b43387.png, lỗi: Illegal char <:> at index 3: /D:\root\uploads/products/3773878850_eb392a4d-d387-4a70-ab97-536ed4b43387.png
2026-05-31 17:21:13 [pool-1-thread-1] WARN  c.uet.server.database.dao.AuctionDAO - Không thể đọc file ảnh sản phẩm từ path: file://D:\root\uploads/products/1683432468_af6a8c87-3017-4934-a942-ec87220b29dd.png, lỗi: Illegal char <:> at index 3: /D:\root\uploads/products/1683432468_af6a8c87-3017-4934-a942-ec87220b29dd.png
2026-05-31 17:21:13 [pool-1-thread-1] WARN  c.uet.server.database.dao.AuctionDAO - Không thể đọc file ảnh sản phẩm từ path: file://D:\root\uploads/products/1683432468_48b2a990-8973-4311-8ca5-41da698fe32c.png, lỗi: Illegal char <:> at index 3: /D:\root\uploads/products/1683432468_48b2a990-8973-4311-8ca5-41da698fe32c.png
2026-05-31 17:21:14 [Thread-8] INFO  c.uet.server.network.ClientManager - Client left auction: 8969258191
2026-05-31 17:21:14 [Thread-8] WARN  c.uet.server.database.dao.AuctionDAO - Không thể đọc file ảnh sản phẩm từ path: file://D:\root\uploads/products/1683432468_af6a8c87-3017-4934-a942-ec87220b29dd.png, lỗi: Illegal char <:> at index 3: /D:\root\uploads/products/1683432468_af6a8c87-3017-4934-a942-ec87220b29dd.png
2026-05-31 17:21:14 [Thread-8] WARN  c.uet.server.database.dao.AuctionDAO - Không thể đọc file ảnh sản phẩm từ path: file://D:\root\uploads/products/1683432468_48b2a990-8973-4311-8ca5-41da698fe32c.png, lỗi: Illegal char <:> at index 3: /D:\root\uploads/products/1683432468_48b2a990-8973-4311-8ca5-41da698fe32c.png
2026-05-31 17:21:17 [Thread-8] INFO  c.u.s.s.ClientRequestDispatcher - [Server] Đang xử lý lấy thông báo cho User ID: 3846757029
2026-05-31 17:21:17 [Thread-8] INFO  c.u.s.s.ClientRequestDispatcher - [Server] Đã tìm thấy 3 thông báo trong DB của User: 3846757029
2026-05-31 17:21:17 [Thread-8] INFO  c.u.s.s.ClientRequestDispatcher - [Server] Đã bắn gói tin phản hồi thành công về Client.
2026-05-31 17:21:24 [Thread-8] WARN  c.uet.server.database.dao.AuctionDAO - Không thể đọc file ảnh sản phẩm từ path: file://D:\root\uploads/products/1683432468_48b2a990-8973-4311-8ca5-41da698fe32c.png, lỗi: Illegal char <:> at index 3: /D:\root\uploads/products/1683432468_48b2a990-8973-4311-8ca5-41da698fe32c.png
2026-05-31 17:21:24 [Thread-8] WARN  c.uet.server.database.dao.AuctionDAO - Không thể đọc file ảnh sản phẩm từ path: file://D:\root\uploads/products/3773878850_eb392a4d-d387-4a70-ab97-536ed4b43387.png, lỗi: Illegal char <:> at index 3: /D:\root\uploads/products/3773878850_eb392a4d-d387-4a70-ab97-536ed4b43387.png
2026-05-31 17:21:24 [Thread-8] WARN  c.uet.server.database.dao.AuctionDAO - Không thể đọc file ảnh sản phẩm từ path: file://D:\root\uploads/products/U004_6020268a-792a-4fc2-bb22-b8ea3f40272b.png, lỗi: Illegal char <:> at index 3: /D:\root\uploads/products/U004_6020268a-792a-4fc2-bb22-b8ea3f40272b.png
2026-05-31 17:21:24 [Thread-8] WARN  c.uet.server.database.dao.AuctionDAO - Không thể đọc file ảnh sản phẩm từ path: file://D:\root\uploads/products/U004_37539db0-ff21-4960-b0b6-b7155dc45046.png, lỗi: Illegal char <:> at index 3: /D:\root\uploads/products/U004_37539db0-ff21-4960-b0b6-b7155dc45046.png
2026-05-31 17:21:24 [Thread-8] WARN  c.uet.server.database.dao.AuctionDAO - Không thể đọc file ảnh sản phẩm từ path: file://D:\root\uploads/products/U004_13fbebc8-3ff3-4177-950d-58131da1231a.png, lỗi: Illegal char <:> at index 3: /D:\root\uploads/products/U004_13fbebc8-3ff3-4177-950d-58131da1231a.png
2026-05-31 17:21:28 [Thread-8] WARN  c.uet.server.database.dao.AuctionDAO - Không thể đọc file ảnh sản phẩm từ path: file://D:\root\uploads/products/U004_13fbebc8-3ff3-4177-950d-58131da1231a.png, lỗi: Illegal char <:> at index 3: /D:\root\uploads/products/U004_13fbebc8-3ff3-4177-950d-58131da1231a.png
2026-05-31 17:21:28 [Thread-8] INFO  c.uet.server.database.dao.AuctionDAO - [DELETE] Đã xóa toàn bộ lượt bid liên quan ở bảng bids, ID: 4
2026-05-31 17:21:28 [Thread-8] INFO  c.uet.server.database.dao.AuctionDAO - [DELETE] Đã xóa phiên đấu giá ở bảng auctions, ID: 4
2026-05-31 17:21:28 [Thread-8] INFO  c.uet.server.database.dao.AuctionDAO - [DELETE] Đã xóa sản phẩm ở bảng items thành công, ID: 1651843943
2026-05-31 17:21:28 [Thread-8] INFO  c.uet.server.database.dao.AuctionDAO - [DELETE SUCCESS] Đã dọn dẹp sạch sẽ phiên 4 và sản phẩm 1651843943 khỏi hệ thống!
2026-05-31 17:21:28 [Thread-8] WARN  c.uet.server.database.dao.AuctionDAO - Không thể đọc file ảnh sản phẩm từ path: file://D:\root\uploads/products/1683432468_af6a8c87-3017-4934-a942-ec87220b29dd.png, lỗi: Illegal char <:> at index 3: /D:\root\uploads/products/1683432468_af6a8c87-3017-4934-a942-ec87220b29dd.png
2026-05-31 17:21:28 [Thread-8] WARN  c.uet.server.database.dao.AuctionDAO - Không thể đọc file ảnh sản phẩm từ path: file://D:\root\uploads/products/1683432468_48b2a990-8973-4311-8ca5-41da698fe32c.png, lỗi: Illegal char <:> at index 3: /D:\root\uploads/products/1683432468_48b2a990-8973-4311-8ca5-41da698fe32c.png
2026-05-31 17:21:29 [Thread-8] WARN  c.uet.server.database.dao.AuctionDAO - Không thể đọc file ảnh sản phẩm từ path: file://D:\root\uploads/products/1683432468_48b2a990-8973-4311-8ca5-41da698fe32c.png, lỗi: Illegal char <:> at index 3: /D:\root\uploads/products/1683432468_48b2a990-8973-4311-8ca5-41da698fe32c.png
2026-05-31 17:21:29 [Thread-8] WARN  c.uet.server.database.dao.AuctionDAO - Không thể đọc file ảnh sản phẩm từ path: file://D:\root\uploads/products/3773878850_eb392a4d-d387-4a70-ab97-536ed4b43387.png, lỗi: Illegal char <:> at index 3: /D:\root\uploads/products/3773878850_eb392a4d-d387-4a70-ab97-536ed4b43387.png
2026-05-31 17:21:29 [Thread-8] WARN  c.uet.server.database.dao.AuctionDAO - Không thể đọc file ảnh sản phẩm từ path: file://D:\root\uploads/products/U004_6020268a-792a-4fc2-bb22-b8ea3f40272b.png, lỗi: Illegal char <:> at index 3: /D:\root\uploads/products/U004_6020268a-792a-4fc2-bb22-b8ea3f40272b.png
2026-05-31 17:21:29 [Thread-8] WARN  c.uet.server.database.dao.AuctionDAO - Không thể đọc file ảnh sản phẩm từ path: file://D:\root\uploads/products/U004_37539db0-ff21-4960-b0b6-b7155dc45046.png, lỗi: Illegal char <:> at index 3: /D:\root\uploads/products/U004_37539db0-ff21-4960-b0b6-b7155dc45046.png
2026-05-31 17:21:31 [Thread-8] WARN  c.uet.server.database.dao.AuctionDAO - Không thể đọc file ảnh sản phẩm từ path: file://D:\root\uploads/products/3773878850_eb392a4d-d387-4a70-ab97-536ed4b43387.png, lỗi: Illegal char <:> at index 3: /D:\root\uploads/products/3773878850_eb392a4d-d387-4a70-ab97-536ed4b43387.png
2026-05-31 17:21:31 [Thread-8] INFO  c.uet.server.database.dao.AuctionDAO - [DELETE] Đã xóa toàn bộ lượt bid liên quan ở bảng bids, ID: 8969258191
2026-05-31 17:21:31 [Thread-8] INFO  c.uet.server.database.dao.AuctionDAO - [DELETE] Đã xóa phiên đấu giá ở bảng auctions, ID: 8969258191
2026-05-31 17:21:31 [Thread-8] INFO  c.uet.server.database.dao.AuctionDAO - [DELETE] Đã xóa sản phẩm ở bảng items thành công, ID: 1924204124
2026-05-31 17:21:31 [Thread-8] INFO  c.uet.server.database.dao.AuctionDAO - [DELETE SUCCESS] Đã dọn dẹp sạch sẽ phiên 8969258191 và sản phẩm 1924204124 khỏi hệ thống!
2026-05-31 17:21:31 [Thread-8] WARN  c.uet.server.database.dao.AuctionDAO - Không thể đọc file ảnh sản phẩm từ path: file://D:\root\uploads/products/1683432468_af6a8c87-3017-4934-a942-ec87220b29dd.png, lỗi: Illegal char <:> at index 3: /D:\root\uploads/products/1683432468_af6a8c87-3017-4934-a942-ec87220b29dd.png
2026-05-31 17:21:31 [Thread-8] WARN  c.uet.server.database.dao.AuctionDAO - Không thể đọc file ảnh sản phẩm từ path: file://D:\root\uploads/products/1683432468_48b2a990-8973-4311-8ca5-41da698fe32c.png, lỗi: Illegal char <:> at index 3: /D:\root\uploads/products/1683432468_48b2a990-8973-4311-8ca5-41da698fe32c.png
2026-05-31 17:21:32 [Thread-8] WARN  c.uet.server.database.dao.AuctionDAO - Không thể đọc file ảnh sản phẩm từ path: file://D:\root\uploads/products/1683432468_48b2a990-8973-4311-8ca5-41da698fe32c.png, lỗi: Illegal char <:> at index 3: /D:\root\uploads/products/1683432468_48b2a990-8973-4311-8ca5-41da698fe32c.png
2026-05-31 17:21:32 [Thread-8] WARN  c.uet.server.database.dao.AuctionDAO - Không thể đọc file ảnh sản phẩm từ path: file://D:\root\uploads/products/U004_6020268a-792a-4fc2-bb22-b8ea3f40272b.png, lỗi: Illegal char <:> at index 3: /D:\root\uploads/products/U004_6020268a-792a-4fc2-bb22-b8ea3f40272b.png
2026-05-31 17:21:32 [Thread-8] WARN  c.uet.server.database.dao.AuctionDAO - Không thể đọc file ảnh sản phẩm từ path: file://D:\root\uploads/products/U004_37539db0-ff21-4960-b0b6-b7155dc45046.png, lỗi: Illegal char <:> at index 3: /D:\root\uploads/products/U004_37539db0-ff21-4960-b0b6-b7155dc45046.png
2026-05-31 17:21:33 [Thread-8] INFO  c.uet.server.network.ClientHandler - Client ngắt kết nối hoặc có lỗi xảy ra: Connection reset
2026-05-31 17:21:33 [Thread-8] INFO  c.uet.server.network.ClientHandler - [SERVER] Đã giải phóng hoàn toàn kết nối Socket vật lý.
2026-05-31 17:21:33 [Thread-8] INFO  c.uet.server.network.ClientHandler - [SERVER] Đã Xóa Client khỏi ClientManager thành công.
2026-05-31 18:00:03 [pool-1-thread-1] INFO  com.uet.server.database.dao.UserDAO - [Notification] Đã xóa 1 thông báo cũ chứa từ khóa 'Sản phẩm '1' đã bắt đầu phiên đấu giá' của User 1683432468
2026-05-31 18:00:03 [pool-1-thread-1] INFO  com.uet.server.database.dao.UserDAO - [Notification] Đã tạo thông báo mới cho User 1683432468: Đấu giá kết thúc
2026-05-31 18:00:03 [pool-1-thread-1] INFO  c.uet.server.database.dao.AuctionDAO - [Scheduler] Giao dịch thành công phiên 1573672628:
   -> Đã trừ 1.0E9đ từ người mua (3773878850)
   -> Đã cộng 1.0E9đ vào người bán (1683432468)
2026-05-31 18:00:03 [pool-1-thread-1] INFO  com.uet.server.database.dao.UserDAO - [Notification] Đã tạo thông báo mới cho User 3773878850: Trúng đấu giá
2026-05-31 18:00:03 [pool-1-thread-1] INFO  com.uet.server.database.dao.UserDAO - [Notification] Đã tạo thông báo mới cho User 1683432468: Giao dịch thành công
2026-05-31 18:00:03 [pool-1-thread-1] INFO  c.u.server.service.AuctionScheduler - [Scheduler] Phát hiện có thay đổi danh sách phiên đấu giá (Kích hoạt: 0, Kết thúc: 1). Tiến hành Broadcast...
2026-05-31 18:00:03 [pool-1-thread-1] WARN  c.uet.server.database.dao.AuctionDAO - Không thể đọc file ảnh sản phẩm từ path: file://D:\root\uploads/products/1683432468_48b2a990-8973-4311-8ca5-41da698fe32c.png, lỗi: Illegal char <:> at index 3: /D:\root\uploads/products/1683432468_48b2a990-8973-4311-8ca5-41da698fe32c.png
